CustomerID,Recency,Frequency,Monetary,Churn,Tenure,R_Score,F_Score,M_Score,RFM_Combined,RFM_Composite_Score,Customer_Segment
50001,5,1,159.93,1,4.0,2,1,3,213,2.0,At Risk
50002,0,1,120.9,1,9.0,5,1,1,511,2.3333333333333335,Potential Loyalists
50003,3,1,120.28,1,9.0,4,1,1,411,2.0,Potential Loyalists
50004,3,1,134.07,1,0.0,4,1,1,411,2.0,Potential Loyalists
50005,3,1,129.6,1,0.0,4,1,1,411,2.0,Potential Loyalists
50006,7,6,139.19,1,0.0,2,5,1,251,2.6666666666666665,At Risk
50007,0,1,120.86,1,9.0,5,1,1,511,2.3333333333333335,Potential Loyalists
50008,0,2,122.93,1,9.0,5,2,1,521,2.6666666666666665,Potential Loyalists
50009,2,1,126.83,1,13.0,5,1,1,511,2.3333333333333335,Potential Loyalists
50010,1,1,122.93,1,9.0,5,1,1,511,2.3333333333333335,Potential Loyalists
50011,8,15,295.45,1,4.0,2,5,5,255,4.0,At Risk
50012,0,1,153.81,1,11.0,5,1,3,513,3.0,Potential Loyalists
50013,2,2,134.41,1,0.0,5,2,1,521,2.6666666666666665,Potential Loyalists
50014,0,1,133.88,1,0.0,5,1,1,511,2.3333333333333335,Potential Loyalists
50015,7,4,196.19,1,9.0,2,4,4,244,3.3333333333333335,At Risk
50016,2,1,120.73,1,9.0,5,1,1,511,2.3333333333333335,Potential Loyalists
50017,0,1,129.26,1,0.0,5,1,1,511,2.3333333333333335,Potential Loyalists
50018,3,1,157.44,1,0.0,4,1,3,413,2.6666666666666665,Potential Loyalists
50019,6,1,160.74,1,0.0,2,1,3,213,2.0,At Risk
50020,3,4,149.63,1,19.0,4,4,2,442,3.3333333333333335,Loyal Customers
50021,7,7,161.72,1,0.0,2,5,3,253,3.3333333333333335,At Risk
50022,6,15,203.12,1,20.0,2,5,4,254,3.6666666666666665,At Risk
50023,0,1,116.75,1,9.0,5,1,1,511,2.3333333333333335,Potential Loyalists
50024,2,2,145.59,1,0.0,5,2,2,522,3.0,Potential Loyalists
50025,3,1,206.5,1,14.0,4,1,4,414,3.0,Potential Loyalists
50026,4,1,142.0,1,0.0,3,1,2,312,2.0,Potential Loyalists
50027,6,1,172.95,0,8.0,2,1,3,213,2.0,At Risk
50028,5,4,123.06,0,9.0,2,4,1,241,2.3333333333333335,At Risk
50029,15,1,123.48,0,18.0,1,1,1,111,1.0,Lost / Hibernating
50030,7,3,189.98,0,5.0,2,4,4,244,3.3333333333333335,At Risk
50031,9,1,143.19,0,2.0,1,1,2,112,1.3333333333333333,Lost / Hibernating
50032,0,1,161.32,0,0.0,5,1,3,513,3.0,Potential Loyalists
50033,0,1,133.46,0,30.0,5,1,1,511,2.3333333333333335,Potential Loyalists
50034,11,2,208.55,0,13.0,1,2,4,124,2.3333333333333335,At Risk
50035,2,1,122.31,0,9.0,5,1,1,511,2.3333333333333335,Potential Loyalists
50036,2,2,123.23,0,0.0,5,2,1,521,2.6666666666666665,Potential Loyalists
50037,2,2,120.24,0,9.0,5,2,1,521,2.6666666666666665,Potential Loyalists
50038,2,1,127.13,0,1.0,5,1,1,511,2.3333333333333335,Potential Loyalists
50039,4,1,194.39,0,30.0,3,1,4,314,2.6666666666666665,Potential Loyalists
50040,1,1,125.66,0,0.0,5,1,1,511,2.3333333333333335,Potential Loyalists
50041,4,4,299.26,0,23.0,3,4,5,345,4.0,Loyal Customers
50042,8,1,124.51,0,14.0,2,1,1,211,1.3333333333333333,Lost / Hibernating
50043,4,7,194.19,0,3.0,3,5,4,354,4.0,Loyal Customers
50044,1,1,186.86,0,11.0,5,1,4,514,3.3333333333333335,Potential Loyalists
50045,4,1,130.38,0,5.0,3,1,1,311,1.6666666666666667,Potential Loyalists
50046,1,1,130.58,0,0.0,5,1,1,511,2.3333333333333335,Potential Loyalists
50047,0,1,123.25,1,0.0,5,1,1,511,2.3333333333333335,Potential Loyalists
50048,2,7,120.88,0,9.0,5,5,1,551,3.6666666666666665,Loyal Customers
50049,10,6,130.72,0,3.0,1,5,1,151,2.3333333333333335,At Risk
50050,3,1,150.06,0,18.0,4,1,2,412,2.3333333333333335,Potential Loyalists
50051,2,2,142.57,0,29.0,5,2,2,522,3.0,Potential Loyalists
50052,2,1,125.0,0,6.0,5,1,1,511,2.3333333333333335,Potential Loyalists
50053,0,1,111.02,1,0.0,5,1,1,511,2.3333333333333335,Potential Loyalists
50054,7,15,204.53,0,19.0,2,5,4,254,3.6666666666666665,At Risk
50055,1,2,122.88,0,9.0,5,2,1,521,2.6666666666666665,Potential Loyalists
50056,2,1,139.29,0,4.0,5,1,1,511,2.3333333333333335,Potential Loyalists
50057,2,1,123.11,0,9.0,5,1,1,511,2.3333333333333335,Potential Loyalists
50058,2,1,131.4,1,4.0,5,1,1,511,2.3333333333333335,Potential Loyalists
50059,2,1,136.9,0,23.0,5,1,1,511,2.3333333333333335,Potential Loyalists
50060,3,1,144.5,0,26.0,4,1,2,412,2.3333333333333335,Potential Loyalists
50061,6,1,127.56,0,6.0,2,1,1,211,1.3333333333333333,Lost / Hibernating
50062,9,9,290.33,0,13.0,1,5,5,155,3.6666666666666665,At Risk
50063,15,2,287.22,0,28.0,1,2,5,125,2.6666666666666665,At Risk
50064,9,1,195.47,0,7.0,1,1,4,114,2.0,At Risk
50065,0,2,237.34,0,24.0,5,2,5,525,4.0,Potential Loyalists
50066,9,11,299.99,0,25.0,1,5,5,155,3.6666666666666665,At Risk
50067,3,1,122.79,0,9.0,4,1,1,411,2.0,Potential Loyalists
50068,1,1,159.16,1,0.0,5,1,3,513,3.0,Potential Loyalists
50069,2,2,120.89,0,9.0,5,2,1,521,2.6666666666666665,Potential Loyalists
50070,8,11,267.92,0,18.0,2,5,5,255,4.0,At Risk
50071,7,1,135.64,0,10.0,2,1,1,211,1.3333333333333333,Lost / Hibernating
50072,2,1,144.25,0,8.0,4,1,2,412,2.3333333333333335,Potential Loyalists
50073,2,1,152.65,0,15.0,4,1,2,412,2.3333333333333335,Potential Loyalists
50074,0,1,165.53,0,11.0,5,1,3,513,3.0,Potential Loyalists
50075,7,1,162.61,0,11.0,2,1,3,213,2.0,At Risk
50076,0,2,142.98,0,0.0,5,2,2,522,3.0,Potential Loyalists
50077,7,1,168.04,0,22.0,2,1,3,213,2.0,At Risk
50078,0,2,138.15,0,7.0,5,2,1,521,2.6666666666666665,Potential Loyalists
50079,7,3,127.41,0,13.0,2,4,1,241,2.3333333333333335,At Risk
50080,0,1,166.73,1,1.0,5,1,3,513,3.0,Potential Loyalists
50081,9,1,176.39,1,0.0,1,1,4,114,2.0,At Risk
50082,2,2,123.28,0,0.0,4,2,1,421,2.3333333333333335,Potential Loyalists
50083,7,1,121.53,0,9.0,2,1,1,211,1.3333333333333333,Lost / Hibernating
50084,2,1,148.76,0,13.0,4,1,2,412,2.3333333333333335,Potential Loyalists
50085,3,1,193.96,0,19.0,4,1,4,414,3.0,Potential Loyalists
50086,8,9,204.0,1,0.0,2,5,4,254,3.6666666666666665,At Risk
50087,8,5,184.74,0,3.0,2,5,4,254,3.6666666666666665,At Risk
50088,7,1,199.81,0,0.0,2,1,4,214,2.3333333333333335,At Risk
50089,3,4,224.9,0,24.0,4,4,5,445,4.333333333333333,Champions
50090,4,1,126.57,1,0.0,3,1,1,311,1.6666666666666667,Potential Loyalists
50091,0,2,235.91000000000005,0,14.0,5,2,5,525,4.0,Potential Loyalists
50092,1,1,166.96,1,0.0,5,1,3,513,3.0,Potential Loyalists
50093,5,1,120.58,1,9.0,2,1,1,211,1.3333333333333333,Lost / Hibernating
50094,8,12,188.65,0,18.0,2,5,4,254,3.6666666666666665,At Risk
50095,5,1,159.4,0,27.0,2,1,3,213,2.0,At Risk
50096,7,3,159.14,0,9.0,2,4,3,243,3.0,At Risk
50097,1,1,126.22,0,6.0,5,1,1,511,2.3333333333333335,Potential Loyalists
50098,3,1,221.85,0,10.0,4,1,5,415,3.3333333333333335,Potential Loyalists
50099,13,5,206.09,0,11.0,1,5,4,154,3.3333333333333335,At Risk
50100,4,1,143.45,0,4.0,3,1,2,312,2.0,Potential Loyalists
50101,0,1,121.77,0,9.0,5,1,1,511,2.3333333333333335,Potential Loyalists
50102,8,5,0.0,0,10.0,2,5,1,251,2.6666666666666665,At Risk
50103,1,4,179.18,0,2.0,5,4,4,544,4.333333333333333,Champions
50104,8,1,187.89,0,8.0,2,1,4,214,2.3333333333333335,At Risk
50105,1,1,123.89,1,0.0,5,1,1,511,2.3333333333333335,Potential Loyalists
50106,2,2,132.12,0,25.0,4,2,1,421,2.3333333333333335,Potential Loyalists
50107,15,11,292.32,0,15.0,1,5,5,155,3.6666666666666665,At Risk
50108,2,2,122.67,0,9.0,4,2,1,421,2.3333333333333335,Potential Loyalists
50109,6,1,295.17,0,23.0,2,1,5,215,2.6666666666666665,At Risk
50110,4,1,124.36,1,0.0,3,1,1,311,1.6666666666666667,Potential Loyalists
50111,9,2,260.64,0,16.0,1,2,5,125,2.6666666666666665,At Risk
50112,7,1,127.07,1,0.0,2,1,1,211,1.3333333333333333,Lost / Hibernating
50113,12,15,290.68,0,25.0,1,5,5,155,3.6666666666666665,At Risk
50114,2,1,139.31,0,5.0,4,1,1,411,2.0,Potential Loyalists
50115,2,1,137.3,1,0.0,4,1,1,411,2.0,Potential Loyalists
50116,2,1,122.32,0,9.0,4,1,1,411,2.0,Potential Loyalists
50117,2,2,144.65,0,5.0,4,2,2,422,2.6666666666666665,Potential Loyalists
50118,0,1,130.72,0,14.0,5,1,1,511,2.3333333333333335,Potential Loyalists
50119,7,4,133.19,0,13.0,2,4,1,241,2.3333333333333335,At Risk
50120,7,1,292.02,0,18.0,2,1,5,215,2.6666666666666665,At Risk
50121,2,2,236.75,0,4.0,4,2,5,425,3.6666666666666665,Potential Loyalists
50122,2,1,129.11,0,6.0,4,1,1,411,2.0,Potential Loyalists
50123,9,5,159.57,0,7.0,1,5,3,153,3.0,At Risk
50124,2,1,139.2,0,10.0,4,1,1,411,2.0,Potential Loyalists
50125,2,1,164.34,0,18.0,4,1,3,413,2.6666666666666665,Potential Loyalists
50126,0,1,200.48,1,0.0,5,1,4,514,3.3333333333333335,Potential Loyalists
50127,3,11,209.38,0,12.0,4,5,5,455,4.666666666666667,Champions
50128,5,1,123.4,0,2.0,2,1,1,211,1.3333333333333333,Lost / Hibernating
50129,2,1,165.45,0,15.0,4,1,3,413,2.6666666666666665,Potential Loyalists
50130,2,1,169.31,0,2.0,4,1,3,413,2.6666666666666665,Potential Loyalists
50131,2,1,148.98,0,0.0,4,1,2,412,2.3333333333333335,Potential Loyalists
50132,8,7,125.93,0,15.0,2,5,1,251,2.6666666666666665,At Risk
50133,9,3,294.36,0,13.0,1,4,5,145,3.3333333333333335,At Risk
50134,0,1,127.23,0,24.0,5,1,1,511,2.3333333333333335,Potential Loyalists
50135,4,1,134.79,1,0.0,3,1,1,311,1.6666666666666667,Potential Loyalists
50136,3,1,127.94,0,5.0,4,1,1,411,2.0,Potential Loyalists
50137,5,7,152.49,0,11.0,2,5,2,252,3.0,At Risk
50138,4,1,121.76,0,9.0,3,1,1,311,1.6666666666666667,Potential Loyalists
50139,7,7,268.72,0,19.0,2,5,5,255,4.0,At Risk
50140,0,1,134.85,1,0.0,5,1,1,511,2.3333333333333335,Potential Loyalists
50141,0,1,166.44,0,2.0,5,1,3,513,3.0,Potential Loyalists
50142,8,7,155.82,0,4.0,2,5,3,253,3.3333333333333335,At Risk
50143,5,1,140.0,0,0.0,2,1,1,211,1.3333333333333333,Lost / Hibernating
50144,10,2,234.96,0,18.0,1,2,5,125,2.6666666666666665,At Risk
50145,11,10,132.1,0,9.0,1,5,1,151,2.3333333333333335,At Risk
50146,13,4,290.45,0,28.0,1,4,5,145,3.3333333333333335,At Risk
50147,3,9,218.49,1,10.0,4,5,5,455,4.666666666666667,Champions
50148,4,1,120.7,0,9.0,3,1,1,311,1.6666666666666667,Potential Loyalists
50149,1,1,165.02,0,10.0,5,1,3,513,3.0,Potential Loyalists
50150,0,1,132.3,0,0.0,5,1,1,511,2.3333333333333335,Potential Loyalists
50151,2,2,236.03,0,10.0,4,2,5,425,3.6666666666666665,Potential Loyalists
50152,3,6,219.96,0,2.0,4,5,5,455,4.666666666666667,Champions
50153,7,7,156.05,0,11.0,2,5,3,253,3.3333333333333335,At Risk
50154,4,1,163.97,0,0.0,3,1,3,313,2.3333333333333335,Potential Loyalists
50155,6,1,291.44,0,23.0,2,1,5,215,2.6666666666666665,At Risk
50156,3,1,275.84,0,26.0,4,1,5,415,3.3333333333333335,Potential Loyalists
50157,6,11,149.07,0,15.0,2,5,2,252,3.0,At Risk
50158,9,1,145.54,0,2.0,1,1,2,112,1.3333333333333333,Lost / Hibernating
50159,8,1,154.15,0,28.0,2,1,3,213,2.0,At Risk
50160,3,3,147.41,0,0.0,4,4,2,442,3.3333333333333335,Loyal Customers
50161,7,5,121.15,0,9.0,2,5,1,251,2.6666666666666665,At Risk
50162,0,1,131.61,1,7.0,5,1,1,511,2.3333333333333335,Potential Loyalists
50163,2,1,157.45,0,11.0,4,1,3,413,2.6666666666666665,Potential Loyalists
50164,2,1,123.73,1,0.0,4,1,1,411,2.0,Potential Loyalists
50165,2,1,133.1,0,1.0,4,1,1,411,2.0,Potential Loyalists
50166,2,1,286.65,0,22.0,4,1,5,415,3.3333333333333335,Potential Loyalists
50167,7,7,144.85,0,9.0,2,5,2,252,3.0,At Risk
50168,2,2,127.89,0,4.0,4,2,1,421,2.3333333333333335,Potential Loyalists
50169,4,7,158.28,1,0.0,3,5,3,353,3.6666666666666665,Loyal Customers
50170,2,1,123.26,0,10.0,4,1,1,411,2.0,Potential Loyalists
50171,8,2,235.25,0,15.0,2,2,5,225,3.0,At Risk
50172,0,1,114.2,1,9.0,5,1,1,511,2.3333333333333335,Potential Loyalists
50173,9,6,180.2,0,8.0,1,5,4,154,3.3333333333333335,At Risk
50174,0,1,136.88,0,9.0,5,1,1,511,2.3333333333333335,Potential Loyalists
50175,2,1,154.82,0,24.0,4,1,3,413,2.6666666666666665,Potential Loyalists
50176,4,2,260.15,0,14.0,3,2,5,325,3.3333333333333335,Potential Loyalists
50177,0,1,112.0,0,0.0,5,1,1,511,2.3333333333333335,Potential Loyalists
50178,7,1,156.61,0,1.0,2,1,3,213,2.0,At Risk
50179,7,7,169.29,0,4.0,2,5,3,253,3.3333333333333335,At Risk
50180,7,3,196.13,0,12.0,2,4,4,244,3.3333333333333335,At Risk
50181,8,1,156.74,0,9.0,2,1,3,213,2.0,At Risk
50182,8,4,154.84,0,5.0,2,4,3,243,3.0,At Risk
50183,3,1,220.61,0,11.0,4,1,5,415,3.3333333333333335,Potential Loyalists
50184,2,1,156.6,0,30.0,4,1,3,413,2.6666666666666665,Potential Loyalists
50185,3,1,148.21,0,4.0,4,1,2,412,2.3333333333333335,Potential Loyalists
50186,0,1,164.1,0,4.0,5,1,3,513,3.0,Potential Loyalists
50187,11,9,152.1,0,18.0,1,5,2,152,2.6666666666666665,At Risk
50188,2,2,126.95,0,4.0,4,2,1,421,2.3333333333333335,Potential Loyalists
50189,3,8,218.78,0,6.0,4,5,5,455,4.666666666666667,Champions
50190,10,11,270.68,0,12.0,1,5,5,155,3.6666666666666665,At Risk
50191,7,1,124.55,0,16.0,2,1,1,211,1.3333333333333333,Lost / Hibernating
50192,7,2,239.64,0,22.0,2,2,5,225,3.0,At Risk
50193,7,7,149.41,1,15.0,2,5,2,252,3.0,At Risk
50194,2,1,124.78,0,0.0,4,1,1,411,2.0,Potential Loyalists
50195,9,11,152.28,0,5.0,1,5,2,152,2.6666666666666665,At Risk
50196,4,1,144.78,0,0.0,3,1,2,312,2.0,Potential Loyalists
50197,7,1,175.47,0,4.0,2,1,4,214,2.3333333333333335,At Risk
50198,7,1,150.55,0,5.0,2,1,2,212,1.6666666666666667,Lost / Hibernating
50199,2,2,134.64,1,0.0,4,2,1,421,2.3333333333333335,Potential Loyalists
50200,9,1,157.75,0,3.0,1,1,3,113,1.6666666666666667,At Risk
50201,9,8,189.43,0,4.0,1,5,4,154,3.3333333333333335,At Risk
50202,3,13,292.72,0,12.0,4,5,5,455,4.666666666666667,Champions
50203,0,1,152.38,1,2.0,5,1,2,512,2.6666666666666665,Potential Loyalists
50204,1,1,146.82,0,6.0,5,1,2,512,2.6666666666666665,Potential Loyalists
50205,1,1,283.0,0,20.0,5,1,5,515,3.6666666666666665,Potential Loyalists
50206,0,1,152.57,0,16.0,5,1,2,512,2.6666666666666665,Potential Loyalists
50207,4,1,163.49,0,0.0,3,1,3,313,2.3333333333333335,Potential Loyalists
50208,3,1,148.69,0,27.0,4,1,2,412,2.3333333333333335,Potential Loyalists
50209,0,1,199.85,0,16.0,5,1,4,514,3.3333333333333335,Potential Loyalists
50210,8,9,136.97,0,18.0,2,5,1,251,2.6666666666666665,At Risk
50211,2,1,174.57,0,13.0,4,1,4,414,3.0,Potential Loyalists
50212,7,1,121.19,1,9.0,2,1,1,211,1.3333333333333333,Lost / Hibernating
50213,2,2,139.83,0,2.0,4,2,1,421,2.3333333333333335,Potential Loyalists
50214,2,1,161.18,0,3.0,4,1,3,413,2.6666666666666665,Potential Loyalists
50215,7,1,162.14,0,0.0,2,1,3,213,2.0,At Risk
50216,4,1,163.47,0,10.0,3,1,3,313,2.3333333333333335,Potential Loyalists
50217,3,2,215.1,0,11.0,4,2,5,425,3.6666666666666665,Potential Loyalists
50218,10,4,171.43,0,4.0,1,4,3,143,2.6666666666666665,At Risk
50219,7,1,182.68,0,2.0,2,1,4,214,2.3333333333333335,At Risk
50220,13,1,180.95,0,8.0,1,1,4,114,2.0,At Risk
50221,2,1,129.04,0,0.0,4,1,1,411,2.0,Potential Loyalists
50222,2,1,160.32,0,14.0,4,1,3,413,2.6666666666666665,Potential Loyalists
50223,0,1,129.76,0,20.0,5,1,1,511,2.3333333333333335,Potential Loyalists
50224,0,2,259.92,0,15.0,5,2,5,525,4.0,Potential Loyalists
50225,2,1,146.49,0,2.0,4,1,2,412,2.3333333333333335,Potential Loyalists
50226,0,1,126.96,0,15.0,5,1,1,511,2.3333333333333335,Potential Loyalists
50227,7,1,123.7,0,5.0,2,1,1,211,1.3333333333333333,Lost / Hibernating
50228,3,1,225.04,0,21.0,4,1,5,415,3.3333333333333335,Potential Loyalists
50229,7,6,159.74,0,10.0,2,5,3,253,3.3333333333333335,At Risk
50230,2,2,147.36,0,3.0,4,2,2,422,2.6666666666666665,Potential Loyalists
50231,7,7,152.96,0,0.0,2,5,2,252,3.0,At Risk
50232,0,1,167.81,0,15.0,5,1,3,513,3.0,Potential Loyalists
50233,2,1,121.74,1,9.0,4,1,1,411,2.0,Potential Loyalists
50234,0,1,166.53,0,9.0,5,1,3,513,3.0,Potential Loyalists
50235,12,1,196.99,0,9.0,1,1,4,114,2.0,At Risk
50236,2,1,167.55,0,30.0,4,1,3,413,2.6666666666666665,Potential Loyalists
50237,7,1,122.13,0,9.0,2,1,1,211,1.3333333333333333,Lost / Hibernating
50238,2,2,126.1,0,0.0,4,2,1,421,2.3333333333333335,Potential Loyalists
50239,0,1,128.51,1,0.0,5,1,1,511,2.3333333333333335,Potential Loyalists
50240,3,1,134.52,0,10.0,4,1,1,411,2.0,Potential Loyalists
50241,0,1,152.58,0,19.0,5,1,2,512,2.6666666666666665,Potential Loyalists
50242,7,7,193.55,1,4.0,2,5,4,254,3.6666666666666665,At Risk
50243,3,1,204.96,0,23.0,4,1,4,414,3.0,Potential Loyalists
50244,0,1,163.8,1,3.0,5,1,3,513,3.0,Potential Loyalists
50245,2,2,126.57,0,4.0,4,2,1,421,2.3333333333333335,Potential Loyalists
50246,0,1,127.16,1,0.0,5,1,1,511,2.3333333333333335,Potential Loyalists
50247,2,1,122.01,0,9.0,4,1,1,411,2.0,Potential Loyalists
50248,0,1,165.4,0,8.0,5,1,3,513,3.0,Potential Loyalists
50249,4,1,138.16,0,0.0,3,1,1,311,1.6666666666666667,Potential Loyalists
50250,7,1,152.53,0,1.0,2,1,2,212,1.6666666666666667,Lost / Hibernating
50251,0,1,145.0,0,22.0,5,1,2,512,2.6666666666666665,Potential Loyalists
50252,7,1,149.36,0,24.0,2,1,2,212,1.6666666666666667,Lost / Hibernating
50253,2,2,125.43,0,9.0,4,2,1,421,2.3333333333333335,Potential Loyalists
50254,4,1,153.04,1,0.0,3,1,2,312,2.0,Potential Loyalists
50255,2,1,266.59,0,28.0,4,1,5,415,3.3333333333333335,Potential Loyalists
50256,3,1,142.6,0,0.0,4,1,2,412,2.3333333333333335,Potential Loyalists
50257,0,1,124.76,0,3.0,5,1,1,511,2.3333333333333335,Potential Loyalists
50258,4,1,131.02,1,0.0,3,1,1,311,1.6666666666666667,Potential Loyalists
50259,2,1,122.44,0,9.0,4,1,1,411,2.0,Potential Loyalists
50260,0,9,175.96,0,9.0,5,5,4,554,4.666666666666667,Champions
50261,0,1,122.85,1,9.0,5,1,1,511,2.3333333333333335,Potential Loyalists
50262,17,12,130.34,0,10.0,1,5,1,151,2.3333333333333335,At Risk
50263,3,1,157.15,0,13.0,4,1,3,413,2.6666666666666665,Potential Loyalists
50264,2,1,125.76,0,15.0,4,1,1,411,2.0,Potential Loyalists
50265,1,1,141.97,0,10.0,5,1,2,512,2.6666666666666665,Potential Loyalists
50266,9,2,243.36,0,16.0,1,2,5,125,2.6666666666666665,At Risk
50267,0,1,134.48,0,13.0,5,1,1,511,2.3333333333333335,Potential Loyalists
50268,2,1,294.06,0,27.0,4,1,5,415,3.3333333333333335,Potential Loyalists
50269,2,1,165.38,0,7.0,4,1,3,413,2.6666666666666665,Potential Loyalists
50270,12,3,143.06,0,4.0,1,4,2,142,2.3333333333333335,At Risk
50271,2,1,122.58,0,9.0,4,1,1,411,2.0,Potential Loyalists
50272,2,1,145.22,0,16.0,4,1,2,412,2.3333333333333335,Potential Loyalists
50273,3,1,144.87,0,0.0,4,1,2,412,2.3333333333333335,Potential Loyalists
50274,7,10,144.49,0,10.0,2,5,2,252,3.0,At Risk
50275,2,3,122.18,0,9.0,4,4,1,441,3.0,Loyal Customers
50276,6,1,291.97,0,12.0,2,1,5,215,2.6666666666666665,At Risk
50277,7,2,232.12,0,29.0,2,2,5,225,3.0,At Risk
50278,4,4,165.77,0,3.0,3,4,3,343,3.3333333333333335,Loyal Customers
50279,7,1,183.92,0,14.0,2,1,4,214,2.3333333333333335,At Risk
50280,8,1,145.58,0,1.0,2,1,2,212,1.6666666666666667,Lost / Hibernating
50281,2,1,140.31,1,0.0,4,1,1,411,2.0,Potential Loyalists
50282,4,1,179.69,0,25.0,3,1,4,314,2.6666666666666665,Potential Loyalists
50283,2,1,126.54,0,18.0,4,1,1,411,2.0,Potential Loyalists
50284,4,1,265.55,0,25.0,3,1,5,315,3.0,Potential Loyalists
50285,2,1,145.56,0,15.0,4,1,2,412,2.3333333333333335,Potential Loyalists
50286,2,1,160.91,0,3.0,4,1,3,413,2.6666666666666665,Potential Loyalists
50287,10,11,295.66,0,30.0,1,5,5,155,3.6666666666666665,At Risk
50288,8,1,148.1,0,19.0,2,1,2,212,1.6666666666666667,Lost / Hibernating
50289,4,1,145.23,0,15.0,3,1,2,312,2.0,Potential Loyalists
50290,4,1,132.02,1,0.0,3,1,1,311,1.6666666666666667,Potential Loyalists
50291,0,1,123.51,1,0.0,5,1,1,511,2.3333333333333335,Potential Loyalists
50292,0,1,117.02,0,9.0,5,1,1,511,2.3333333333333335,Potential Loyalists
50293,12,1,280.41,0,13.0,1,1,5,115,2.3333333333333335,At Risk
50294,2,1,128.86,0,0.0,4,1,1,411,2.0,Potential Loyalists
50295,4,1,120.97,0,9.0,3,1,1,311,1.6666666666666667,Potential Loyalists
50296,3,1,219.35,0,2.0,4,1,5,415,3.3333333333333335,Potential Loyalists
50297,1,1,125.46,1,0.0,5,1,1,511,2.3333333333333335,Potential Loyalists
50298,0,1,125.64,1,0.0,5,1,1,511,2.3333333333333335,Potential Loyalists
50299,8,7,184.12,0,3.0,2,5,4,254,3.6666666666666665,At Risk
50300,0,2,241.18,0,30.0,5,2,5,525,4.0,Potential Loyalists
50301,7,15,270.46,0,23.0,2,5,5,255,4.0,At Risk
50302,7,6,125.64,0,3.0,2,5,1,251,2.6666666666666665,At Risk
50303,11,13,202.66,0,30.0,1,5,4,154,3.3333333333333335,At Risk
50304,4,1,150.7,0,20.0,3,1,2,312,2.0,Potential Loyalists
50305,1,1,278.61,0,19.0,5,1,5,515,3.6666666666666665,Potential Loyalists
50306,3,4,142.3,0,8.0,4,4,2,442,3.3333333333333335,Loyal Customers
50307,0,1,137.8,0,27.0,5,1,1,511,2.3333333333333335,Potential Loyalists
50308,7,5,127.68,0,7.0,2,5,1,251,2.6666666666666665,At Risk
50309,2,1,190.71,0,19.0,4,1,4,414,3.0,Potential Loyalists
50310,8,1,206.48,0,4.0,2,1,4,214,2.3333333333333335,At Risk
50311,7,2,236.1,1,0.0,2,2,5,225,3.0,At Risk
50312,3,1,134.08,1,0.0,4,1,1,411,2.0,Potential Loyalists
50313,2,1,129.83,0,3.0,4,1,1,411,2.0,Potential Loyalists
50314,0,1,176.32,0,8.0,5,1,4,514,3.3333333333333335,Potential Loyalists
50315,0,1,198.24,1,0.0,5,1,4,514,3.3333333333333335,Potential Loyalists
50316,2,1,199.5,1,0.0,4,1,4,414,3.0,Potential Loyalists
50317,0,2,120.93,0,9.0,5,2,1,521,2.6666666666666665,Potential Loyalists
50318,7,9,199.8,0,9.0,2,5,4,254,3.6666666666666665,At Risk
50319,2,1,138.94,1,0.0,4,1,1,411,2.0,Potential Loyalists
50320,7,6,140.51,0,21.0,2,5,1,251,2.6666666666666665,At Risk
50321,7,7,268.35,0,28.0,2,5,5,255,4.0,At Risk
50322,10,1,162.3,0,14.0,1,1,3,113,1.6666666666666667,At Risk
50323,9,6,147.17,0,8.0,1,5,2,152,2.6666666666666665,At Risk
50324,13,2,232.37,0,13.0,1,2,5,125,2.6666666666666665,At Risk
50325,7,1,137.55,0,12.0,2,1,1,211,1.3333333333333333,Lost / Hibernating
50326,5,1,165.82,0,4.0,2,1,3,213,2.0,At Risk
50327,8,5,174.06,0,15.0,2,5,4,254,3.6666666666666665,At Risk
50328,7,3,148.05,0,18.0,2,4,2,242,2.6666666666666665,At Risk
50329,0,1,127.41,1,0.0,5,1,1,511,2.3333333333333335,Potential Loyalists
50330,2,1,142.62,0,2.0,4,1,2,412,2.3333333333333335,Potential Loyalists
50331,5,1,261.84,0,6.0,2,1,5,215,2.6666666666666665,At Risk
50332,3,1,215.57,0,0.0,4,1,5,415,3.3333333333333335,Potential Loyalists
50333,0,1,118.78,1,9.0,5,1,1,511,2.3333333333333335,Potential Loyalists
50334,3,1,209.32,0,13.0,4,1,5,415,3.3333333333333335,Potential Loyalists
50335,7,1,168.11,0,14.0,2,1,3,213,2.0,At Risk
50336,0,1,143.06,0,0.0,5,1,2,512,2.6666666666666665,Potential Loyalists
50337,3,1,148.59,0,8.0,4,1,2,412,2.3333333333333335,Potential Loyalists
50338,7,5,153.37,0,7.0,2,5,2,252,3.0,At Risk
50339,0,1,123.4,1,0.0,5,1,1,511,2.3333333333333335,Potential Loyalists
50340,2,1,174.91,0,10.0,4,1,4,414,3.0,Potential Loyalists
50341,2,1,205.27,0,19.0,4,1,4,414,3.0,Potential Loyalists
50342,8,11,265.95,0,14.0,2,5,5,255,4.0,At Risk
50343,7,7,188.34,0,10.0,2,5,4,254,3.6666666666666665,At Risk
50344,9,6,155.77,0,25.0,1,5,3,153,3.0,At Risk
50345,2,1,147.07,1,0.0,4,1,2,412,2.3333333333333335,Potential Loyalists
50346,1,2,124.0,0,0.0,5,2,1,521,2.6666666666666665,Potential Loyalists
50347,0,1,198.24,0,11.0,5,1,4,514,3.3333333333333335,Potential Loyalists
50348,3,4,164.47,0,10.0,4,4,3,443,3.6666666666666665,Loyal Customers
50349,9,1,295.02,0,22.0,1,1,5,115,2.3333333333333335,At Risk
50350,4,1,127.25,0,0.0,3,1,1,311,1.6666666666666667,Potential Loyalists
50351,4,1,162.72,0,0.0,3,1,3,313,2.3333333333333335,Potential Loyalists
50352,0,1,121.27,0,9.0,5,1,1,511,2.3333333333333335,Potential Loyalists
50353,7,10,282.0,0,23.0,2,5,5,255,4.0,At Risk
50354,6,1,120.96,0,9.0,2,1,1,211,1.3333333333333333,Lost / Hibernating
50355,2,1,128.86,1,0.0,4,1,1,411,2.0,Potential Loyalists
50356,0,1,120.33,1,9.0,5,1,1,511,2.3333333333333335,Potential Loyalists
50357,3,1,136.22,0,7.0,4,1,1,411,2.0,Potential Loyalists
50358,2,1,142.33,1,0.0,4,1,2,412,2.3333333333333335,Potential Loyalists
50359,2,1,136.81,0,8.0,4,1,1,411,2.0,Potential Loyalists
50360,7,5,154.6,0,4.0,2,5,3,253,3.3333333333333335,At Risk
50361,3,1,121.87,0,9.0,4,1,1,411,2.0,Potential Loyalists
50362,0,1,196.02,0,10.0,5,1,4,514,3.3333333333333335,Potential Loyalists
50363,0,1,128.36,0,0.0,5,1,1,511,2.3333333333333335,Potential Loyalists
50364,2,2,140.89,0,15.0,4,2,2,422,2.6666666666666665,Potential Loyalists
50365,0,1,266.27,0,16.0,5,1,5,515,3.6666666666666665,Potential Loyalists
50366,0,1,126.19,0,11.0,5,1,1,511,2.3333333333333335,Potential Loyalists
50367,7,4,156.79,0,16.0,2,4,3,243,3.0,At Risk
50368,2,2,254.02,0,21.0,4,2,5,425,3.6666666666666665,Potential Loyalists
50369,2,1,159.85,0,17.0,4,1,3,413,2.6666666666666665,Potential Loyalists
50370,6,1,125.79,0,7.0,2,1,1,211,1.3333333333333333,Lost / Hibernating
50371,2,1,130.41,1,0.0,4,1,1,411,2.0,Potential Loyalists
50372,2,1,134.47,0,0.0,4,1,1,411,2.0,Potential Loyalists
50373,1,1,295.13,0,17.0,5,1,5,515,3.6666666666666665,Potential Loyalists
50374,2,2,127.73,0,0.0,4,2,1,421,2.3333333333333335,Potential Loyalists
50375,2,1,171.04,0,6.0,4,1,3,413,2.6666666666666665,Potential Loyalists
50376,5,1,163.22,0,5.0,2,1,3,213,2.0,At Risk
50377,0,1,120.83,0,9.0,5,1,1,511,2.3333333333333335,Potential Loyalists
50378,10,8,183.81,0,26.0,1,5,4,154,3.3333333333333335,At Risk
50379,8,8,126.91,0,7.0,2,5,1,251,2.6666666666666665,At Risk
50380,0,1,142.86,1,8.0,5,1,2,512,2.6666666666666665,Potential Loyalists
50381,2,1,126.59,0,0.0,4,1,1,411,2.0,Potential Loyalists
50382,8,7,194.34,0,10.0,2,5,4,254,3.6666666666666665,At Risk
50383,2,1,155.61,0,2.0,4,1,3,413,2.6666666666666665,Potential Loyalists
50384,8,11,166.46,0,8.0,2,5,3,253,3.3333333333333335,At Risk
50385,7,4,177.25,0,6.0,2,4,4,244,3.3333333333333335,At Risk
50386,1,7,207.25,0,27.0,5,5,4,554,4.666666666666667,Champions
50387,2,1,188.47,0,9.0,4,1,4,414,3.0,Potential Loyalists
50388,1,1,120.45,0,9.0,5,1,1,511,2.3333333333333335,Potential Loyalists
50389,1,1,110.09,1,0.0,5,1,1,511,2.3333333333333335,Potential Loyalists
50390,7,9,133.48,1,0.0,2,5,1,251,2.6666666666666665,At Risk
50391,0,1,112.81,0,9.0,5,1,1,511,2.3333333333333335,Potential Loyalists
50392,2,1,128.19,0,0.0,4,1,1,411,2.0,Potential Loyalists
50393,2,1,148.51,0,0.0,4,1,2,412,2.3333333333333335,Potential Loyalists
50394,5,1,140.28,0,11.0,2,1,1,211,1.3333333333333333,Lost / Hibernating
50395,8,2,127.2,0,2.0,2,2,1,221,1.6666666666666667,Lost / Hibernating
50396,2,2,181.2,0,21.0,4,2,4,424,3.3333333333333335,Potential Loyalists
50397,4,1,146.47,0,0.0,3,1,2,312,2.0,Potential Loyalists
50398,0,1,146.8,0,10.0,5,1,2,512,2.6666666666666665,Potential Loyalists
50399,8,3,132.21,0,23.0,2,4,1,241,2.3333333333333335,At Risk
50400,7,7,186.21,0,7.0,2,5,4,254,3.6666666666666665,At Risk
50401,0,2,145.77,1,0.0,5,2,2,522,3.0,Potential Loyalists
50402,10,11,145.53,0,12.0,1,5,2,152,2.6666666666666665,At Risk
50403,8,1,153.96,0,5.0,2,1,3,213,2.0,At Risk
50404,3,1,167.96,1,13.0,4,1,3,413,2.6666666666666665,Potential Loyalists
50405,8,1,176.25,0,11.0,2,1,4,214,2.3333333333333335,At Risk
50406,7,1,174.12,0,0.0,2,1,4,214,2.3333333333333335,At Risk
50407,3,7,211.59,0,5.0,4,5,5,455,4.666666666666667,Champions
50408,7,1,149.6,0,20.0,2,1,2,212,1.6666666666666667,Lost / Hibernating
50409,12,1,204.75,0,13.0,1,1,4,114,2.0,At Risk
50410,3,2,248.14,0,26.0,4,2,5,425,3.6666666666666665,Potential Loyalists
50411,6,12,291.41,0,14.0,2,5,5,255,4.0,At Risk
50412,2,2,154.05,0,30.0,4,2,3,423,3.0,Potential Loyalists
50413,7,1,187.93,0,0.0,2,1,4,214,2.3333333333333335,At Risk
50414,10,2,291.89,0,14.0,1,2,5,125,2.6666666666666665,At Risk
50415,2,2,138.75,0,23.0,4,2,1,421,2.3333333333333335,Potential Loyalists
50416,7,3,122.16,1,9.0,2,4,1,241,2.3333333333333335,At Risk
50417,3,1,217.13,0,9.0,4,1,5,415,3.3333333333333335,Potential Loyalists
50418,0,1,178.61,0,11.0,5,1,4,514,3.3333333333333335,Potential Loyalists
50419,4,1,137.08,0,17.0,3,1,1,311,1.6666666666666667,Potential Loyalists
50420,13,2,237.7,0,20.0,1,2,5,125,2.6666666666666665,At Risk
50421,7,7,153.04,0,3.0,2,5,2,252,3.0,At Risk
50422,0,1,126.42,0,2.0,5,1,1,511,2.3333333333333335,Potential Loyalists
50423,2,2,127.59,1,5.0,4,2,1,421,2.3333333333333335,Potential Loyalists
50424,2,2,168.04,0,16.0,4,2,3,423,3.0,Potential Loyalists
50425,3,4,161.42,0,7.0,4,4,3,443,3.6666666666666665,Loyal Customers
50426,2,1,125.0,0,0.0,4,1,1,411,2.0,Potential Loyalists
50427,6,3,163.89,0,12.0,2,4,3,243,3.0,At Risk
50428,3,1,211.03,0,29.0,4,1,5,415,3.3333333333333335,Potential Loyalists
50429,3,2,123.42,0,13.0,4,2,1,421,2.3333333333333335,Potential Loyalists
50430,7,1,168.11,0,0.0,2,1,3,213,2.0,At Risk
50431,2,2,122.97,0,9.0,4,2,1,421,2.3333333333333335,Potential Loyalists
50432,2,2,124.5,0,26.0,4,2,1,421,2.3333333333333335,Potential Loyalists
50433,0,1,150.93,0,8.0,5,1,2,512,2.6666666666666665,Potential Loyalists
50434,7,4,153.09,0,5.0,2,4,2,242,2.6666666666666665,At Risk
50435,1,1,130.57,0,11.0,5,1,1,511,2.3333333333333335,Potential Loyalists
50436,0,1,151.21,0,7.0,5,1,2,512,2.6666666666666665,Potential Loyalists
50437,16,1,268.56,0,25.0,1,1,5,115,2.3333333333333335,At Risk
50438,8,7,126.86,1,0.0,2,5,1,251,2.6666666666666665,At Risk
50439,4,1,161.8,0,0.0,3,1,3,313,2.3333333333333335,Potential Loyalists
50440,1,3,166.32,0,18.0,5,4,3,543,4.0,Loyal Customers
50441,2,1,135.05,0,0.0,4,1,1,411,2.0,Potential Loyalists
50442,3,1,163.97,1,10.0,4,1,3,413,2.6666666666666665,Potential Loyalists
50443,4,1,162.74,0,7.0,3,1,3,313,2.3333333333333335,Potential Loyalists
50444,4,1,298.59,1,18.0,3,1,5,315,3.0,Potential Loyalists
50445,9,1,175.87,0,9.0,1,1,4,114,2.0,At Risk
50446,2,1,142.58,0,25.0,4,1,2,412,2.3333333333333335,Potential Loyalists
50447,0,2,143.64,0,0.0,5,2,2,522,3.0,Potential Loyalists
50448,1,1,143.35,0,2.0,5,1,2,512,2.6666666666666665,Potential Loyalists
50449,2,1,153.26,1,0.0,4,1,2,412,2.3333333333333335,Potential Loyalists
50450,3,1,132.8,0,7.0,4,1,1,411,2.0,Potential Loyalists
50451,4,1,154.85,0,27.0,3,1,3,313,2.3333333333333335,Potential Loyalists
50452,1,1,143.42,0,2.0,5,1,2,512,2.6666666666666665,Potential Loyalists
50453,3,4,127.82,0,10.0,4,4,1,441,3.0,Loyal Customers
50454,12,4,159.8,0,11.0,1,4,3,143,2.6666666666666665,At Risk
50455,3,1,143.81,0,7.0,4,1,2,412,2.3333333333333335,Potential Loyalists
50456,2,1,125.72,0,8.0,4,1,1,411,2.0,Potential Loyalists
50457,2,1,138.33,0,3.0,4,1,1,411,2.0,Potential Loyalists
50458,7,3,142.44,0,13.0,2,4,2,242,2.6666666666666665,At Risk
50459,2,1,165.0,0,7.0,4,1,3,413,2.6666666666666665,Potential Loyalists
50460,9,14,284.3,0,15.0,1,5,5,155,3.6666666666666665,At Risk
50461,0,1,116.01,1,9.0,5,1,1,511,2.3333333333333335,Potential Loyalists
50462,0,1,126.94,0,0.0,5,1,1,511,2.3333333333333335,Potential Loyalists
50463,4,1,131.49,0,25.0,3,1,1,311,1.6666666666666667,Potential Loyalists
50464,3,1,276.39,0,23.0,4,1,5,415,3.3333333333333335,Potential Loyalists
50465,0,1,123.19,1,0.0,5,1,1,511,2.3333333333333335,Potential Loyalists
50466,3,3,216.91000000000005,0,6.0,4,4,5,445,4.333333333333333,Champions
50467,2,1,153.24,1,0.0,4,1,2,412,2.3333333333333335,Potential Loyalists
50468,0,3,267.52,0,20.0,5,4,5,545,4.666666666666667,Champions
50469,5,1,152.28,0,9.0,2,1,2,212,1.6666666666666667,Lost / Hibernating
50470,7,1,127.0,0,2.0,2,1,1,211,1.3333333333333333,Lost / Hibernating
50471,8,13,292.46,1,20.0,2,5,5,255,4.0,At Risk
50472,2,2,125.06,0,8.0,4,2,1,421,2.3333333333333335,Potential Loyalists
50473,2,1,160.62,0,15.0,4,1,3,413,2.6666666666666665,Potential Loyalists
50474,1,2,143.82,1,0.0,5,2,2,522,3.0,Potential Loyalists
50475,4,1,121.43,0,9.0,3,1,1,311,1.6666666666666667,Potential Loyalists
50476,8,6,161.62,0,5.0,2,5,3,253,3.3333333333333335,At Risk
50477,0,1,150.94,0,13.0,5,1,2,512,2.6666666666666665,Potential Loyalists
50478,0,1,168.77,0,3.0,5,1,3,513,3.0,Potential Loyalists
50479,0,1,122.74,0,9.0,5,1,1,511,2.3333333333333335,Potential Loyalists
50480,8,7,144.34,0,15.0,2,5,2,252,3.0,At Risk
50481,2,1,162.88,0,11.0,4,1,3,413,2.6666666666666665,Potential Loyalists
50482,3,1,125.53,0,7.0,4,1,1,411,2.0,Potential Loyalists
50483,7,7,176.54,1,12.0,2,5,4,254,3.6666666666666665,At Risk
50484,3,7,151.6,1,18.0,4,5,2,452,3.6666666666666665,Loyal Customers
50485,0,1,271.59,0,16.0,5,1,5,515,3.6666666666666665,Potential Loyalists
50486,3,1,228.08,0,0.0,4,1,5,415,3.3333333333333335,Potential Loyalists
50487,6,1,202.21,0,8.0,2,1,4,214,2.3333333333333335,At Risk
50488,5,7,147.79,0,1.0,2,5,2,252,3.0,At Risk
50489,2,1,137.37,0,7.0,4,1,1,411,2.0,Potential Loyalists
50490,7,1,123.66,1,0.0,2,1,1,211,1.3333333333333333,Lost / Hibernating
50491,0,1,117.06,0,9.0,5,1,1,511,2.3333333333333335,Potential Loyalists
50492,17,4,263.07,0,24.0,1,4,5,145,3.3333333333333335,At Risk
50493,3,2,159.33,0,17.0,4,2,3,423,3.0,Potential Loyalists
50494,1,1,134.24,0,0.0,5,1,1,511,2.3333333333333335,Potential Loyalists
50495,8,1,140.37,0,6.0,2,1,1,211,1.3333333333333333,Lost / Hibernating
50496,1,1,125.59,0,8.0,5,1,1,511,2.3333333333333335,Potential Loyalists
50497,11,4,162.01,0,9.0,1,4,3,143,2.6666666666666665,At Risk
50498,3,1,144.03,0,5.0,4,1,2,412,2.3333333333333335,Potential Loyalists
50499,3,1,137.61,0,3.0,4,1,1,411,2.0,Potential Loyalists
50500,3,1,209.34,0,26.0,4,1,5,415,3.3333333333333335,Potential Loyalists
50501,2,1,207.61,0,18.0,4,1,4,414,3.0,Potential Loyalists
50502,3,1,151.75,0,5.0,4,1,2,412,2.3333333333333335,Potential Loyalists
50503,0,2,238.26,0,25.0,5,2,5,525,4.0,Potential Loyalists
50504,0,1,163.34,0,10.0,5,1,3,513,3.0,Potential Loyalists
50505,4,1,149.36,0,1.0,3,1,2,312,2.0,Potential Loyalists
50506,2,2,147.75,0,0.0,4,2,2,422,2.6666666666666665,Potential Loyalists
50507,2,1,128.18,0,17.0,4,1,1,411,2.0,Potential Loyalists
50508,2,2,125.15,0,15.0,4,2,1,421,2.3333333333333335,Potential Loyalists
50509,3,1,123.42,0,9.0,4,1,1,411,2.0,Potential Loyalists
50510,3,1,141.94,0,0.0,4,1,2,412,2.3333333333333335,Potential Loyalists
50511,15,5,206.85,0,8.0,1,5,4,154,3.3333333333333335,At Risk
50512,8,7,120.22,1,9.0,2,5,1,251,2.6666666666666665,At Risk
50513,2,1,123.14,0,5.0,4,1,1,411,2.0,Potential Loyalists
50514,3,1,142.56,0,0.0,4,1,2,412,2.3333333333333335,Potential Loyalists
50515,2,1,135.8,0,22.0,4,1,1,411,2.0,Potential Loyalists
50516,4,3,131.62,0,0.0,3,4,1,341,2.6666666666666665,Loyal Customers
50517,3,5,165.24,0,5.0,4,5,3,453,4.0,Loyal Customers
50518,2,1,128.99,0,11.0,4,1,1,411,2.0,Potential Loyalists
50519,3,1,152.31,0,15.0,4,1,2,412,2.3333333333333335,Potential Loyalists
50520,2,1,123.56,0,4.0,4,1,1,411,2.0,Potential Loyalists
50521,2,1,128.0,1,0.0,4,1,1,411,2.0,Potential Loyalists
50522,3,2,218.36,0,26.0,4,2,5,425,3.6666666666666665,Potential Loyalists
50523,8,4,209.03,0,8.0,2,4,5,245,3.6666666666666665,At Risk
50524,0,1,129.73,0,10.0,5,1,1,511,2.3333333333333335,Potential Loyalists
50525,8,2,242.75,0,26.0,2,2,5,225,3.0,At Risk
50526,2,2,155.62,0,16.0,4,2,3,423,3.0,Potential Loyalists
50527,7,7,145.37,0,20.0,2,5,2,252,3.0,At Risk
50528,9,1,176.42,0,10.0,1,1,4,114,2.0,At Risk
50529,7,14,279.24,0,23.0,2,5,5,255,4.0,At Risk
50530,4,1,152.04,0,12.0,3,1,2,312,2.0,Potential Loyalists
50531,3,1,122.77,0,9.0,4,1,1,411,2.0,Potential Loyalists
50532,1,1,127.95,1,0.0,5,1,1,511,2.3333333333333335,Potential Loyalists
50533,3,1,125.32,0,2.0,4,1,1,411,2.0,Potential Loyalists
50534,1,7,125.59,0,17.0,5,5,1,551,3.6666666666666665,Loyal Customers
50535,2,1,149.08,0,1.0,4,1,2,412,2.3333333333333335,Potential Loyalists
50536,0,1,123.8,1,20.0,5,1,1,511,2.3333333333333335,Potential Loyalists
50537,0,1,147.65,0,16.0,5,1,2,512,2.6666666666666665,Potential Loyalists
50538,2,1,120.44,1,9.0,4,1,1,411,2.0,Potential Loyalists
50539,0,1,126.93,1,0.0,5,1,1,511,2.3333333333333335,Potential Loyalists
50540,11,4,165.86,0,9.0,1,4,3,143,2.6666666666666665,At Risk
50541,2,1,132.94,0,20.0,4,1,1,411,2.0,Potential Loyalists
50542,2,1,141.71,1,0.0,4,1,2,412,2.3333333333333335,Potential Loyalists
50543,0,1,127.78,1,4.0,5,1,1,511,2.3333333333333335,Potential Loyalists
50544,2,2,123.77,0,1.0,4,2,1,421,2.3333333333333335,Potential Loyalists
50545,2,2,124.04,1,2.0,4,2,1,421,2.3333333333333335,Potential Loyalists
50546,0,1,123.18,0,0.0,5,1,1,511,2.3333333333333335,Potential Loyalists
50547,0,1,120.08,0,9.0,5,1,1,511,2.3333333333333335,Potential Loyalists
50548,3,1,162.44,0,15.0,4,1,3,413,2.6666666666666665,Potential Loyalists
50549,2,1,127.99,0,6.0,4,1,1,411,2.0,Potential Loyalists
50550,4,1,205.52,0,30.0,3,1,4,314,2.6666666666666665,Potential Loyalists
50551,2,5,123.29,0,4.0,4,5,1,451,3.3333333333333335,Loyal Customers
50552,7,1,140.14,0,8.0,2,1,1,211,1.3333333333333333,Lost / Hibernating
50553,7,1,174.03,0,22.0,2,1,4,214,2.3333333333333335,At Risk
50554,0,1,122.59,0,9.0,5,1,1,511,2.3333333333333335,Potential Loyalists
50555,0,1,169.32,0,4.0,5,1,3,513,3.0,Potential Loyalists
50556,1,1,146.78,0,9.0,5,1,2,512,2.6666666666666665,Potential Loyalists
50557,11,2,235.82,0,11.0,1,2,5,125,2.6666666666666665,At Risk
50558,2,1,123.32,0,5.0,4,1,1,411,2.0,Potential Loyalists
50559,0,1,124.13,1,0.0,5,1,1,511,2.3333333333333335,Potential Loyalists
50560,0,1,197.05,0,13.0,5,1,4,514,3.3333333333333335,Potential Loyalists
50561,7,1,142.94,0,0.0,2,1,2,212,1.6666666666666667,Lost / Hibernating
50562,17,2,147.21,0,14.0,1,2,2,122,1.6666666666666667,Lost / Hibernating
50563,9,3,125.19,0,9.0,1,4,1,141,2.0,At Risk
50564,0,1,121.21,1,9.0,5,1,1,511,2.3333333333333335,Potential Loyalists
50565,0,1,129.73,1,0.0,5,1,1,511,2.3333333333333335,Potential Loyalists
50566,5,8,158.55,0,4.0,2,5,3,253,3.3333333333333335,At Risk
50567,0,1,136.17,0,13.0,5,1,1,511,2.3333333333333335,Potential Loyalists
50568,3,6,167.25,0,5.0,4,5,3,453,4.0,Loyal Customers
50569,7,3,203.25,1,0.0,2,4,4,244,3.3333333333333335,At Risk
50570,4,1,169.49,0,6.0,3,1,3,313,2.3333333333333335,Potential Loyalists
50571,7,11,206.09,1,0.0,2,5,4,254,3.6666666666666665,At Risk
50572,8,1,144.47,0,18.0,2,1,2,212,1.6666666666666667,Lost / Hibernating
50573,2,1,121.57,0,9.0,4,1,1,411,2.0,Potential Loyalists
50574,0,1,146.01,0,8.0,5,1,2,512,2.6666666666666665,Potential Loyalists
50575,8,7,270.99,0,25.0,2,5,5,255,4.0,At Risk
50576,0,1,124.79,1,20.0,5,1,1,511,2.3333333333333335,Potential Loyalists
50577,2,2,248.52,0,26.0,4,2,5,425,3.6666666666666665,Potential Loyalists
50578,7,7,172.64,0,3.0,2,5,3,253,3.3333333333333335,At Risk
50579,3,1,156.66,0,11.0,4,1,3,413,2.6666666666666665,Potential Loyalists
50580,8,1,178.23,0,8.0,2,1,4,214,2.3333333333333335,At Risk
50581,7,1,178.8,0,12.0,2,1,4,214,2.3333333333333335,At Risk
50582,0,2,231.94,1,3.0,5,2,5,525,4.0,Potential Loyalists
50583,7,2,150.67,0,20.0,2,2,2,222,2.0,Lost / Hibernating
50584,7,1,150.79,0,9.0,2,1,2,212,1.6666666666666667,Lost / Hibernating
50585,2,1,123.21,1,0.0,4,1,1,411,2.0,Potential Loyalists
50586,0,6,274.44,0,6.0,5,5,5,555,5.0,Champions
50587,0,1,124.04,1,0.0,5,1,1,511,2.3333333333333335,Potential Loyalists
50588,2,1,134.52,0,6.0,4,1,1,411,2.0,Potential Loyalists
50589,2,1,122.7,0,9.0,4,1,1,411,2.0,Potential Loyalists
50590,3,1,273.99,0,23.0,4,1,5,415,3.3333333333333335,Potential Loyalists
50591,2,1,154.88,0,6.0,4,1,3,413,2.6666666666666665,Potential Loyalists
50592,11,1,294.19,0,14.0,1,1,5,115,2.3333333333333335,At Risk
50593,2,2,128.11,0,0.0,4,2,1,421,2.3333333333333335,Potential Loyalists
50594,8,1,136.33,0,18.0,2,1,1,211,1.3333333333333333,Lost / Hibernating
50595,7,1,141.63,0,20.0,2,1,2,212,1.6666666666666667,Lost / Hibernating
50596,1,1,121.32,1,9.0,5,1,1,511,2.3333333333333335,Potential Loyalists
50597,5,2,239.73,0,23.0,2,2,5,225,3.0,At Risk
50598,2,1,126.84,0,11.0,4,1,1,411,2.0,Potential Loyalists
50599,7,1,208.45,0,19.0,2,1,4,214,2.3333333333333335,At Risk
50600,2,3,143.77,0,0.0,4,4,2,442,3.3333333333333335,Loyal Customers
50601,2,1,137.43,1,0.0,4,1,1,411,2.0,Potential Loyalists
50602,3,1,141.48,0,4.0,4,1,2,412,2.3333333333333335,Potential Loyalists
50603,0,1,110.51,0,0.0,5,1,1,511,2.3333333333333335,Potential Loyalists
50604,8,1,207.39,0,27.0,2,1,4,214,2.3333333333333335,At Risk
50605,1,10,203.88,0,8.0,5,5,4,554,4.666666666666667,Champions
50606,3,1,214.16000000000005,0,3.0,4,1,5,415,3.3333333333333335,Potential Loyalists
50607,0,1,126.0,1,0.0,5,1,1,511,2.3333333333333335,Potential Loyalists
50608,2,1,124.22,1,0.0,4,1,1,411,2.0,Potential Loyalists
50609,3,1,154.72,0,0.0,4,1,3,413,2.6666666666666665,Potential Loyalists
50610,1,1,124.51,0,0.0,5,1,1,511,2.3333333333333335,Potential Loyalists
50611,2,2,142.4,0,21.0,4,2,2,422,2.6666666666666665,Potential Loyalists
50612,3,4,209.99,0,21.0,4,4,5,445,4.333333333333333,Champions
50613,1,2,150.03,0,14.0,5,2,2,522,3.0,Potential Loyalists
50614,3,11,227.42,0,12.0,4,5,5,455,4.666666666666667,Champions
50615,2,2,142.27,0,0.0,4,2,2,422,2.6666666666666665,Potential Loyalists
50616,2,1,139.17,0,8.0,4,1,1,411,2.0,Potential Loyalists
50617,0,1,283.03,0,15.0,5,1,5,515,3.6666666666666665,Potential Loyalists
50618,0,1,123.8,0,23.0,5,1,1,511,2.3333333333333335,Potential Loyalists
50619,3,2,237.26,0,30.0,4,2,5,425,3.6666666666666665,Potential Loyalists
50620,0,1,147.77,1,0.0,5,1,2,512,2.6666666666666665,Potential Loyalists
50621,7,6,163.85,0,28.0,2,5,3,253,3.3333333333333335,At Risk
50622,10,5,299.73,0,14.0,1,5,5,155,3.6666666666666665,At Risk
50623,0,1,168.61,0,11.0,5,1,3,513,3.0,Potential Loyalists
50624,2,2,149.69,1,0.0,4,2,2,422,2.6666666666666665,Potential Loyalists
50625,9,6,298.45,1,15.0,1,5,5,155,3.6666666666666665,At Risk
50626,11,2,233.2,0,17.0,1,2,5,125,2.6666666666666665,At Risk
50627,13,1,163.47,0,23.0,1,1,3,113,1.6666666666666667,At Risk
50628,14,15,127.43,1,0.0,1,5,1,151,2.3333333333333335,At Risk
50629,8,2,208.8,0,12.0,2,2,4,224,2.6666666666666665,At Risk
50630,2,2,123.42,0,6.0,4,2,1,421,2.3333333333333335,Potential Loyalists
50631,1,1,276.5,0,18.0,5,1,5,515,3.6666666666666665,Potential Loyalists
50632,7,7,140.25,0,5.0,2,5,1,251,2.6666666666666665,At Risk
50633,9,1,197.25,0,7.0,1,1,4,114,2.0,At Risk
50634,3,1,219.04,0,30.0,4,1,5,415,3.3333333333333335,Potential Loyalists
50635,4,1,121.77,0,9.0,3,1,1,311,1.6666666666666667,Potential Loyalists
50636,12,6,175.25,0,26.0,1,5,4,154,3.3333333333333335,At Risk
50637,0,1,148.34,1,0.0,5,1,2,512,2.6666666666666665,Potential Loyalists
50638,2,1,120.42,1,9.0,4,1,1,411,2.0,Potential Loyalists
50639,0,1,122.2,0,9.0,5,1,1,511,2.3333333333333335,Potential Loyalists
50640,0,1,110.52,0,1.0,5,1,1,511,2.3333333333333335,Potential Loyalists
50641,2,2,128.21,0,11.0,4,2,1,421,2.3333333333333335,Potential Loyalists
50642,7,7,292.37,0,23.0,2,5,5,255,4.0,At Risk
50643,1,1,141.07,0,10.0,5,1,2,512,2.6666666666666665,Potential Loyalists
50644,5,7,183.96,0,13.0,2,5,4,254,3.6666666666666665,At Risk
50645,3,1,120.07,0,9.0,4,1,1,411,2.0,Potential Loyalists
50646,2,2,296.27,0,19.0,4,2,5,425,3.6666666666666665,Potential Loyalists
50647,0,7,206.86,0,27.0,5,5,4,554,4.666666666666667,Champions
50648,3,1,129.42,0,29.0,4,1,1,411,2.0,Potential Loyalists
50649,8,7,188.58,0,9.0,2,5,4,254,3.6666666666666665,At Risk
50650,2,6,267.56,0,28.0,4,5,5,455,4.666666666666667,Champions
50651,0,2,234.0,0,16.0,5,2,5,525,4.0,Potential Loyalists
50652,2,1,123.23,1,0.0,4,1,1,411,2.0,Potential Loyalists
50653,0,1,114.16,1,9.0,5,1,1,511,2.3333333333333335,Potential Loyalists
50654,7,1,146.15,0,19.0,2,1,2,212,1.6666666666666667,Lost / Hibernating
50655,7,2,124.61,1,14.0,2,2,1,221,1.6666666666666667,Lost / Hibernating
50656,9,1,187.22,1,0.0,1,1,4,114,2.0,At Risk
50657,3,1,139.55,0,0.0,4,1,1,411,2.0,Potential Loyalists
50658,2,1,199.57,0,3.0,4,1,4,414,3.0,Potential Loyalists
50659,8,1,133.76,0,14.0,2,1,1,211,1.3333333333333333,Lost / Hibernating
50660,9,1,188.23,0,11.0,1,1,4,114,2.0,At Risk
50661,1,11,203.22,0,13.0,5,5,4,554,4.666666666666667,Champions
50662,2,1,146.21,0,0.0,4,1,2,412,2.3333333333333335,Potential Loyalists
50663,3,1,209.76,0,28.0,4,1,5,415,3.3333333333333335,Potential Loyalists
50664,7,1,136.6,0,1.0,2,1,1,211,1.3333333333333333,Lost / Hibernating
50665,6,3,204.82,1,7.0,2,4,4,244,3.3333333333333335,At Risk
50666,2,1,171.19,0,6.0,4,1,3,413,2.6666666666666665,Potential Loyalists
50667,7,4,195.82,1,0.0,2,4,4,244,3.3333333333333335,At Risk
50668,8,3,145.08,1,0.0,2,4,2,242,2.6666666666666665,At Risk
50669,2,2,122.07,0,9.0,4,2,1,421,2.3333333333333335,Potential Loyalists
50670,4,1,177.56,0,7.0,3,1,4,314,2.6666666666666665,Potential Loyalists
50671,0,1,166.94,0,10.0,5,1,3,513,3.0,Potential Loyalists
50672,6,5,136.91,1,0.0,2,5,1,251,2.6666666666666665,At Risk
50673,0,1,123.77,1,0.0,5,1,1,511,2.3333333333333335,Potential Loyalists
50674,2,2,123.13,1,9.0,4,2,1,421,2.3333333333333335,Potential Loyalists
50675,7,13,276.65,0,15.0,2,5,5,255,4.0,At Risk
50676,0,1,125.96,1,0.0,5,1,1,511,2.3333333333333335,Potential Loyalists
50677,0,1,147.28,1,13.0,5,1,2,512,2.6666666666666665,Potential Loyalists
50678,2,1,143.02,0,6.0,4,1,2,412,2.3333333333333335,Potential Loyalists
50679,0,1,129.79,0,7.0,5,1,1,511,2.3333333333333335,Potential Loyalists
50680,1,2,268.85,0,21.0,5,2,5,525,4.0,Potential Loyalists
50681,12,4,155.93,0,18.0,1,4,3,143,2.6666666666666665,At Risk
50682,0,4,204.45,0,25.0,5,4,4,544,4.333333333333333,Champions
50683,7,2,187.4,0,11.0,2,2,4,224,2.6666666666666665,At Risk
50684,7,1,125.14,0,2.0,2,1,1,211,1.3333333333333333,Lost / Hibernating
50685,7,1,176.55,0,1.0,2,1,4,214,2.3333333333333335,At Risk
50686,9,4,274.65,0,19.0,1,4,5,145,3.3333333333333335,At Risk
50687,0,1,173.51,0,11.0,5,1,4,514,3.3333333333333335,Potential Loyalists
50688,1,1,208.2,0,16.0,5,1,4,514,3.3333333333333335,Potential Loyalists
50689,3,11,221.69,1,2.0,4,5,5,455,4.666666666666667,Champions
50690,9,4,296.26,0,13.0,1,4,5,145,3.3333333333333335,At Risk
50691,2,2,120.7,0,9.0,4,2,1,421,2.3333333333333335,Potential Loyalists
50692,3,1,167.82,0,12.0,4,1,3,413,2.6666666666666665,Potential Loyalists
50693,9,1,177.79,0,9.0,1,1,4,114,2.0,At Risk
50694,2,2,127.91,0,4.0,4,2,1,421,2.3333333333333335,Potential Loyalists
50695,4,1,132.01,0,1.0,3,1,1,311,1.6666666666666667,Potential Loyalists
50696,2,1,149.68,0,8.0,4,1,2,412,2.3333333333333335,Potential Loyalists
50697,3,2,231.2,0,22.0,4,2,5,425,3.6666666666666665,Potential Loyalists
50698,2,1,140.33,0,7.0,4,1,1,411,2.0,Potential Loyalists
50699,1,1,132.91,0,2.0,5,1,1,511,2.3333333333333335,Potential Loyalists
50700,0,1,142.72,0,15.0,5,1,2,512,2.6666666666666665,Potential Loyalists
50701,2,1,150.56,0,2.0,4,1,2,412,2.3333333333333335,Potential Loyalists
50702,0,5,128.44,0,11.0,5,5,1,551,3.6666666666666665,Loyal Customers
50703,2,1,127.03,0,4.0,4,1,1,411,2.0,Potential Loyalists
50704,0,1,119.04,1,9.0,5,1,1,511,2.3333333333333335,Potential Loyalists
50705,3,1,182.24,1,0.0,4,1,4,414,3.0,Potential Loyalists
50706,0,1,147.66,0,14.0,5,1,2,512,2.6666666666666665,Potential Loyalists
50707,2,2,126.1,1,0.0,4,2,1,421,2.3333333333333335,Potential Loyalists
50708,3,1,157.31,0,10.0,4,1,3,413,2.6666666666666665,Potential Loyalists
50709,2,2,125.39,0,0.0,4,2,1,421,2.3333333333333335,Potential Loyalists
50710,3,1,157.14,0,7.0,4,1,3,413,2.6666666666666665,Potential Loyalists
50711,4,1,143.23,0,8.0,3,1,2,312,2.0,Potential Loyalists
50712,10,3,173.36,1,0.0,1,4,4,144,3.0,At Risk
50713,13,2,234.99,0,13.0,1,2,5,125,2.6666666666666665,At Risk
50714,14,2,237.58,1,5.0,1,2,5,125,2.6666666666666665,At Risk
50715,5,1,151.55,0,15.0,2,1,2,212,1.6666666666666667,Lost / Hibernating
50716,7,1,122.58,0,9.0,2,1,1,211,1.3333333333333333,Lost / Hibernating
50717,2,1,135.97,0,0.0,4,1,1,411,2.0,Potential Loyalists
50718,0,1,125.15,1,0.0,5,1,1,511,2.3333333333333335,Potential Loyalists
50719,7,1,144.2,0,0.0,2,1,2,212,1.6666666666666667,Lost / Hibernating
50720,4,1,165.78,0,3.0,3,1,3,313,2.3333333333333335,Potential Loyalists
50721,0,1,144.22,0,13.0,5,1,2,512,2.6666666666666665,Potential Loyalists
50722,4,6,202.74,0,8.0,3,5,4,354,4.0,Loyal Customers
50723,9,4,153.43,0,7.0,1,4,2,142,2.3333333333333335,At Risk
50724,2,2,123.76,0,8.0,4,2,1,421,2.3333333333333335,Potential Loyalists
50725,3,1,153.46,1,6.0,4,1,2,412,2.3333333333333335,Potential Loyalists
50726,0,1,128.27,0,5.0,5,1,1,511,2.3333333333333335,Potential Loyalists
50727,2,4,299.43,0,29.0,4,4,5,445,4.333333333333333,Champions
50728,8,1,131.31,0,2.0,2,1,1,211,1.3333333333333333,Lost / Hibernating
50729,0,1,125.52,0,0.0,5,1,1,511,2.3333333333333335,Potential Loyalists
50730,2,1,144.77,0,18.0,4,1,2,412,2.3333333333333335,Potential Loyalists
50731,11,3,164.74,0,10.0,1,4,3,143,2.6666666666666665,At Risk
50732,2,1,130.33,0,0.0,4,1,1,411,2.0,Potential Loyalists
50733,2,1,129.36,1,7.0,4,1,1,411,2.0,Potential Loyalists
50734,7,4,286.06,0,26.0,2,4,5,245,3.6666666666666665,At Risk
50735,3,1,121.68,0,9.0,4,1,1,411,2.0,Potential Loyalists
50736,0,1,128.53,1,0.0,5,1,1,511,2.3333333333333335,Potential Loyalists
50737,9,15,270.48,0,19.0,1,5,5,155,3.6666666666666665,At Risk
50738,0,1,122.9,0,9.0,5,1,1,511,2.3333333333333335,Potential Loyalists
50739,4,1,136.0,0,6.0,3,1,1,311,1.6666666666666667,Potential Loyalists
50740,0,1,121.07,1,9.0,5,1,1,511,2.3333333333333335,Potential Loyalists
50741,3,1,141.15,0,3.0,4,1,2,412,2.3333333333333335,Potential Loyalists
50742,0,1,143.27,0,13.0,5,1,2,512,2.6666666666666665,Potential Loyalists
50743,2,2,278.56,0,23.0,4,2,5,425,3.6666666666666665,Potential Loyalists
50744,3,3,131.96,0,1.0,4,4,1,441,3.0,Loyal Customers
50745,3,1,290.81,0,19.0,4,1,5,415,3.3333333333333335,Potential Loyalists
50746,7,1,189.66,0,8.0,2,1,4,214,2.3333333333333335,At Risk
50747,0,1,122.1,1,9.0,5,1,1,511,2.3333333333333335,Potential Loyalists
50748,1,1,145.39,0,6.0,5,1,2,512,2.6666666666666665,Potential Loyalists
50749,7,1,127.41,0,9.0,2,1,1,211,1.3333333333333333,Lost / Hibernating
50750,9,8,134.91,0,3.0,1,5,1,151,2.3333333333333335,At Risk
50751,17,1,145.41,0,17.0,1,1,2,112,1.3333333333333333,Lost / Hibernating
50752,2,2,126.78,0,0.0,4,2,1,421,2.3333333333333335,Potential Loyalists
50753,4,1,173.79,0,19.0,3,1,4,314,2.6666666666666665,Potential Loyalists
50754,3,1,162.72,0,15.0,4,1,3,413,2.6666666666666665,Potential Loyalists
50755,9,1,152.2,0,30.0,1,1,2,112,1.3333333333333333,Lost / Hibernating
50756,2,2,127.43,0,5.0,4,2,1,421,2.3333333333333335,Potential Loyalists
50757,7,1,149.98,0,5.0,2,1,2,212,1.6666666666666667,Lost / Hibernating
50758,7,7,202.52,0,9.0,2,5,4,254,3.6666666666666665,At Risk
50759,10,4,127.81,0,6.0,1,4,1,141,2.0,At Risk
50760,3,1,168.52,0,13.0,4,1,3,413,2.6666666666666665,Potential Loyalists
50761,1,1,149.5,0,0.0,5,1,2,512,2.6666666666666665,Potential Loyalists
50762,7,5,135.79,0,3.0,2,5,1,251,2.6666666666666665,At Risk
50763,0,2,231.91000000000005,0,15.0,5,2,5,525,4.0,Potential Loyalists
50764,12,4,203.77,0,8.0,1,4,4,144,3.0,At Risk
50765,8,6,122.35,0,9.0,2,5,1,251,2.6666666666666665,At Risk
50766,4,1,205.02,0,27.0,3,1,4,314,2.6666666666666665,Potential Loyalists
50767,7,7,120.11,0,9.0,2,5,1,251,2.6666666666666665,At Risk
50768,0,1,118.59,1,9.0,5,1,1,511,2.3333333333333335,Potential Loyalists
50769,2,1,137.6,0,2.0,4,1,1,411,2.0,Potential Loyalists
50770,9,1,277.79,0,27.0,1,1,5,115,2.3333333333333335,At Risk
50771,1,1,168.33,0,4.0,5,1,3,513,3.0,Potential Loyalists
50772,8,1,168.12,0,4.0,2,1,3,213,2.0,At Risk
50773,5,1,151.71,0,30.0,2,1,2,212,1.6666666666666667,Lost / Hibernating
50774,7,1,297.4,0,16.0,2,1,5,215,2.6666666666666665,At Risk
50775,0,1,287.11,0,22.0,5,1,5,515,3.6666666666666665,Potential Loyalists
50776,7,1,136.92,0,9.0,2,1,1,211,1.3333333333333333,Lost / Hibernating
50777,0,1,125.59,0,21.0,5,1,1,511,2.3333333333333335,Potential Loyalists
50778,3,1,125.17,0,0.0,4,1,1,411,2.0,Potential Loyalists
50779,0,1,166.23,0,2.0,5,1,3,513,3.0,Potential Loyalists
50780,0,1,282.65,0,21.0,5,1,5,515,3.6666666666666665,Potential Loyalists
50781,7,1,261.24,0,2.0,2,1,5,215,2.6666666666666665,At Risk
50782,0,1,125.85,0,7.0,5,1,1,511,2.3333333333333335,Potential Loyalists
50783,10,3,282.13,0,17.0,1,4,5,145,3.3333333333333335,At Risk
50784,8,1,183.8,0,6.0,2,1,4,214,2.3333333333333335,At Risk
50785,1,1,129.94,0,0.0,5,1,1,511,2.3333333333333335,Potential Loyalists
50786,1,1,112.23,0,9.0,5,1,1,511,2.3333333333333335,Potential Loyalists
50787,0,1,111.18,1,0.0,5,1,1,511,2.3333333333333335,Potential Loyalists
50788,2,2,128.75,0,0.0,4,2,1,421,2.3333333333333335,Potential Loyalists
50789,11,1,288.24,1,8.0,1,1,5,115,2.3333333333333335,At Risk
50790,0,2,235.77,0,28.0,5,2,5,525,4.0,Potential Loyalists
50791,2,2,126.25,1,0.0,4,2,1,421,2.3333333333333335,Potential Loyalists
50792,8,1,287.89,0,19.0,2,1,5,215,2.6666666666666665,At Risk
50793,2,1,145.38,0,7.0,4,1,2,412,2.3333333333333335,Potential Loyalists
50794,10,11,298.47,0,24.0,1,5,5,155,3.6666666666666665,At Risk
50795,4,5,205.12,0,30.0,3,5,4,354,4.0,Loyal Customers
50796,10,5,144.44,0,7.0,1,5,2,152,2.6666666666666665,At Risk
50797,2,1,121.54,0,9.0,4,1,1,411,2.0,Potential Loyalists
50798,13,14,291.9,0,17.0,1,5,5,155,3.6666666666666665,At Risk
50799,8,1,144.9,0,7.0,2,1,2,212,1.6666666666666667,Lost / Hibernating
50800,2,2,135.06,0,8.0,4,2,1,421,2.3333333333333335,Potential Loyalists
50801,0,1,123.72,0,15.0,5,1,1,511,2.3333333333333335,Potential Loyalists
50802,17,15,202.31,0,16.0,1,5,4,154,3.3333333333333335,At Risk
50803,12,5,154.1,0,9.0,1,5,3,153,3.0,At Risk
50804,5,1,179.78,1,7.0,2,1,4,214,2.3333333333333335,At Risk
50805,2,2,138.67,0,1.0,4,2,1,421,2.3333333333333335,Potential Loyalists
50806,7,7,128.38,0,24.0,2,5,1,251,2.6666666666666665,At Risk
50807,7,1,146.95,0,3.0,2,1,2,212,1.6666666666666667,Lost / Hibernating
50808,7,7,133.39,1,0.0,2,5,1,251,2.6666666666666665,At Risk
50809,2,1,120.8,0,9.0,4,1,1,411,2.0,Potential Loyalists
50810,1,2,120.96,0,9.0,5,2,1,521,2.6666666666666665,Potential Loyalists
50811,8,1,162.09,0,5.0,2,1,3,213,2.0,At Risk
50812,0,1,280.61,0,18.0,5,1,5,515,3.6666666666666665,Potential Loyalists
50813,2,15,271.23,0,12.0,4,5,5,455,4.666666666666667,Champions
50814,2,2,123.72,0,30.0,4,2,1,421,2.3333333333333335,Potential Loyalists
50815,1,1,148.83,1,0.0,5,1,2,512,2.6666666666666665,Potential Loyalists
50816,3,1,139.04,1,2.0,4,1,1,411,2.0,Potential Loyalists
50817,7,6,146.27,0,3.0,2,5,2,252,3.0,At Risk
50818,7,1,170.94,0,9.0,2,1,3,213,2.0,At Risk
50819,7,5,134.23,0,19.0,2,5,1,251,2.6666666666666665,At Risk
50820,5,7,166.74,0,1.0,2,5,3,253,3.3333333333333335,At Risk
50821,2,1,268.8,0,23.0,4,1,5,415,3.3333333333333335,Potential Loyalists
50822,0,1,190.94,1,3.0,5,1,4,514,3.3333333333333335,Potential Loyalists
50823,7,7,184.46,1,15.0,2,5,4,254,3.6666666666666665,At Risk
50824,3,1,219.16000000000005,0,3.0,4,1,5,415,3.3333333333333335,Potential Loyalists
50825,7,1,145.34,0,12.0,2,1,2,212,1.6666666666666667,Lost / Hibernating
50826,6,9,198.52,0,4.0,2,5,4,254,3.6666666666666665,At Risk
50827,9,11,161.51,0,14.0,1,5,3,153,3.0,At Risk
50828,2,2,123.02,1,9.0,4,2,1,421,2.3333333333333335,Potential Loyalists
50829,2,1,123.62,1,7.0,4,1,1,411,2.0,Potential Loyalists
50830,10,2,278.61,0,15.0,1,2,5,125,2.6666666666666665,At Risk
50831,11,9,291.87,0,28.0,1,5,5,155,3.6666666666666665,At Risk
50832,7,7,297.17,0,29.0,2,5,5,255,4.0,At Risk
50833,0,1,135.44,0,13.0,5,1,1,511,2.3333333333333335,Potential Loyalists
50834,6,1,185.0,0,7.0,2,1,4,214,2.3333333333333335,At Risk
50835,8,8,146.61,0,13.0,2,5,2,252,3.0,At Risk
50836,7,1,141.03,0,14.0,2,1,2,212,1.6666666666666667,Lost / Hibernating
50837,1,1,142.49,0,8.0,5,1,2,512,2.6666666666666665,Potential Loyalists
50838,10,2,240.26,0,24.0,1,2,5,125,2.6666666666666665,At Risk
50839,7,1,168.93,0,11.0,2,1,3,213,2.0,At Risk
50840,6,9,161.25,0,7.0,2,5,3,253,3.3333333333333335,At Risk
50841,2,1,136.69,0,0.0,4,1,1,411,2.0,Potential Loyalists
50842,9,5,200.08,1,20.0,1,5,4,154,3.3333333333333335,At Risk
50843,3,1,123.87,0,13.0,4,1,1,411,2.0,Potential Loyalists
50844,13,6,146.39,0,9.0,1,5,2,152,2.6666666666666665,At Risk
50845,8,1,178.98,0,21.0,2,1,4,214,2.3333333333333335,At Risk
50846,0,1,125.34,0,0.0,5,1,1,511,2.3333333333333335,Potential Loyalists
50847,3,1,231.42,0,24.0,4,1,5,415,3.3333333333333335,Potential Loyalists
50848,0,1,116.11,0,9.0,5,1,1,511,2.3333333333333335,Potential Loyalists
50849,0,1,153.63,0,8.0,5,1,2,512,2.6666666666666665,Potential Loyalists
50850,0,1,150.71,0,0.0,5,1,2,512,2.6666666666666665,Potential Loyalists
50851,8,2,236.95,1,18.0,2,2,5,225,3.0,At Risk
50852,9,2,234.02,0,29.0,1,2,5,125,2.6666666666666665,At Risk
50853,0,1,120.29,0,9.0,5,1,1,511,2.3333333333333335,Potential Loyalists
50854,8,11,163.77,0,13.0,2,5,3,253,3.3333333333333335,At Risk
50855,7,7,154.29,0,7.0,2,5,3,253,3.3333333333333335,At Risk
50856,0,1,127.85,1,0.0,5,1,1,511,2.3333333333333335,Potential Loyalists
50857,2,3,146.14,1,0.0,4,4,2,442,3.3333333333333335,Loyal Customers
50858,3,1,126.1,0,11.0,4,1,1,411,2.0,Potential Loyalists
50859,11,4,166.87,0,7.0,1,4,3,143,2.6666666666666665,At Risk
50860,4,1,147.24,0,1.0,3,1,2,312,2.0,Potential Loyalists
50861,7,6,161.79,1,0.0,2,5,3,253,3.3333333333333335,At Risk
50862,4,1,161.2,0,12.0,3,1,3,313,2.3333333333333335,Potential Loyalists
50863,2,3,205.96,0,24.0,4,4,4,444,4.0,Champions
50864,3,3,154.67,0,14.0,4,4,3,443,3.6666666666666665,Loyal Customers
50865,3,1,129.96,0,10.0,4,1,1,411,2.0,Potential Loyalists
50866,2,1,199.98,0,6.0,4,1,4,414,3.0,Potential Loyalists
50867,2,1,140.78,0,5.0,4,1,1,411,2.0,Potential Loyalists
50868,5,1,209.2,0,12.0,2,1,5,215,2.6666666666666665,At Risk
50869,2,1,162.32,0,0.0,4,1,3,413,2.6666666666666665,Potential Loyalists
50870,2,2,232.47000000000003,0,25.0,4,2,5,425,3.6666666666666665,Potential Loyalists
50871,8,1,140.81,0,16.0,2,1,2,212,1.6666666666666667,Lost / Hibernating
50872,4,4,157.69,0,0.0,3,4,3,343,3.3333333333333335,Loyal Customers
50873,7,7,123.94,1,0.0,2,5,1,251,2.6666666666666665,At Risk
50874,1,1,139.04,0,0.0,5,1,1,511,2.3333333333333335,Potential Loyalists
50875,9,1,267.99,0,15.0,1,1,5,115,2.3333333333333335,At Risk
50876,4,1,129.5,0,25.0,3,1,1,311,1.6666666666666667,Potential Loyalists
50877,2,1,136.29,0,10.0,4,1,1,411,2.0,Potential Loyalists
50878,2,2,193.62,0,8.0,4,2,4,424,3.3333333333333335,Potential Loyalists
50879,2,1,132.29,0,0.0,4,1,1,411,2.0,Potential Loyalists
50880,7,1,135.78,0,0.0,2,1,1,211,1.3333333333333333,Lost / Hibernating
50881,9,1,179.88,0,2.0,1,1,4,114,2.0,At Risk
50882,3,1,142.84,1,0.0,4,1,2,412,2.3333333333333335,Potential Loyalists
50883,7,7,175.53,1,0.0,2,5,4,254,3.6666666666666665,At Risk
50884,7,12,273.28,0,27.0,2,5,5,255,4.0,At Risk
50885,5,1,297.01,0,30.0,2,1,5,215,2.6666666666666665,At Risk
50886,0,2,247.32,0,28.0,5,2,5,525,4.0,Potential Loyalists
50887,1,1,192.78,0,9.0,5,1,4,514,3.3333333333333335,Potential Loyalists
50888,0,1,113.59,1,9.0,5,1,1,511,2.3333333333333335,Potential Loyalists
50889,2,1,147.79,0,3.0,4,1,2,412,2.3333333333333335,Potential Loyalists
50890,0,1,264.22,0,4.0,5,1,5,515,3.6666666666666665,Potential Loyalists
50891,3,1,129.96,0,7.0,4,1,1,411,2.0,Potential Loyalists
50892,0,1,112.61,1,9.0,5,1,1,511,2.3333333333333335,Potential Loyalists
50893,4,1,120.99,0,9.0,3,1,1,311,1.6666666666666667,Potential Loyalists
50894,8,1,158.1,0,9.0,2,1,3,213,2.0,At Risk
50895,2,1,156.47,0,9.0,4,1,3,413,2.6666666666666665,Potential Loyalists
50896,2,1,134.2,0,20.0,4,1,1,411,2.0,Potential Loyalists
50897,2,2,144.0,1,0.0,4,2,2,422,2.6666666666666665,Potential Loyalists
50898,3,1,135.0,0,10.0,4,1,1,411,2.0,Potential Loyalists
50899,0,1,120.66,0,9.0,5,1,1,511,2.3333333333333335,Potential Loyalists
50900,6,5,271.69,0,20.0,2,5,5,255,4.0,At Risk
50901,3,1,141.62,0,0.0,4,1,2,412,2.3333333333333335,Potential Loyalists
50902,3,1,192.04,0,5.0,4,1,4,414,3.0,Potential Loyalists
50903,2,1,132.94,0,7.0,4,1,1,411,2.0,Potential Loyalists
50904,3,1,121.27,0,9.0,4,1,1,411,2.0,Potential Loyalists
50905,7,1,139.75,0,13.0,2,1,1,211,1.3333333333333333,Lost / Hibernating
50906,9,9,207.93,0,4.0,1,5,4,154,3.3333333333333335,At Risk
50907,3,4,200.96,1,9.0,4,4,4,444,4.0,Champions
50908,0,1,136.46,1,2.0,5,1,1,511,2.3333333333333335,Potential Loyalists
50909,7,4,174.46,1,0.0,2,4,4,244,3.3333333333333335,At Risk
50910,7,1,208.51,0,18.0,2,1,4,214,2.3333333333333335,At Risk
50911,2,1,121.09,0,9.0,4,1,1,411,2.0,Potential Loyalists
50912,2,2,137.22,1,0.0,4,2,1,421,2.3333333333333335,Potential Loyalists
50913,2,1,193.8,0,18.0,4,1,4,414,3.0,Potential Loyalists
50914,2,2,154.86,0,21.0,4,2,3,423,3.0,Potential Loyalists
50915,2,2,127.42,1,0.0,4,2,1,421,2.3333333333333335,Potential Loyalists
50916,8,2,237.57,0,13.0,2,2,5,225,3.0,At Risk
50917,3,1,184.63,0,1.0,4,1,4,414,3.0,Potential Loyalists
50918,3,1,131.62,0,17.0,4,1,1,411,2.0,Potential Loyalists
50919,8,8,265.98,0,26.0,2,5,5,255,4.0,At Risk
50920,2,1,166.51,0,22.0,4,1,3,413,2.6666666666666665,Potential Loyalists
50921,2,1,123.45,0,13.0,4,1,1,411,2.0,Potential Loyalists
50922,3,1,134.2,0,17.0,4,1,1,411,2.0,Potential Loyalists
50923,3,1,143.73,0,6.0,4,1,2,412,2.3333333333333335,Potential Loyalists
50924,12,3,147.59,0,7.0,1,4,2,142,2.3333333333333335,At Risk
50925,2,2,153.01,0,3.0,4,2,2,422,2.6666666666666665,Potential Loyalists
50926,8,5,136.73,0,15.0,2,5,1,251,2.6666666666666665,At Risk
50927,0,1,147.68,0,17.0,5,1,2,512,2.6666666666666665,Potential Loyalists
50928,0,1,112.74,0,9.0,5,1,1,511,2.3333333333333335,Potential Loyalists
50929,8,2,149.0,0,50.0,2,2,2,222,2.0,Lost / Hibernating
50930,7,1,204.66,0,22.0,2,1,4,214,2.3333333333333335,At Risk
50931,9,6,270.07,0,7.0,1,5,5,155,3.6666666666666665,At Risk
50932,2,1,129.09,1,0.0,4,1,1,411,2.0,Potential Loyalists
50933,0,1,157.65,1,0.0,5,1,3,513,3.0,Potential Loyalists
50934,10,10,145.99,1,0.0,1,5,2,152,2.6666666666666665,At Risk
50935,0,1,124.04,0,8.0,5,1,1,511,2.3333333333333335,Potential Loyalists
50936,0,1,131.72,1,0.0,5,1,1,511,2.3333333333333335,Potential Loyalists
50937,0,1,120.33,0,9.0,5,1,1,511,2.3333333333333335,Potential Loyalists
50938,2,2,202.09,0,17.0,4,2,4,424,3.3333333333333335,Potential Loyalists
50939,4,1,186.2,0,2.0,3,1,4,314,2.6666666666666665,Potential Loyalists
50940,3,1,120.64,0,9.0,4,1,1,411,2.0,Potential Loyalists
50941,2,1,140.35,0,28.0,4,1,1,411,2.0,Potential Loyalists
50942,2,1,138.38,0,6.0,4,1,1,411,2.0,Potential Loyalists
50943,2,1,145.91,0,20.0,4,1,2,412,2.3333333333333335,Potential Loyalists
50944,0,1,125.61,1,0.0,5,1,1,511,2.3333333333333335,Potential Loyalists
50945,0,1,115.63,0,9.0,5,1,1,511,2.3333333333333335,Potential Loyalists
50946,3,1,148.98,0,1.0,4,1,2,412,2.3333333333333335,Potential Loyalists
50947,2,1,147.89,0,22.0,4,1,2,412,2.3333333333333335,Potential Loyalists
50948,2,1,131.8,0,2.0,4,1,1,411,2.0,Potential Loyalists
50949,7,1,165.49,0,1.0,2,1,3,213,2.0,At Risk
50950,0,1,163.88,0,6.0,5,1,3,513,3.0,Potential Loyalists
50951,3,1,212.44,0,5.0,4,1,5,415,3.3333333333333335,Potential Loyalists
50952,12,2,260.32,0,27.0,1,2,5,125,2.6666666666666665,At Risk
50953,7,1,123.62,1,0.0,2,1,1,211,1.3333333333333333,Lost / Hibernating
50954,17,14,263.28,0,17.0,1,5,5,155,3.6666666666666665,At Risk
50955,2,2,183.76,0,12.0,4,2,4,424,3.3333333333333335,Potential Loyalists
50956,1,5,266.06,0,19.0,5,5,5,555,5.0,Champions
50957,3,3,186.06,0,8.0,4,4,4,444,4.0,Champions
50958,2,1,122.72,0,9.0,4,1,1,411,2.0,Potential Loyalists
50959,0,1,120.18,1,9.0,5,1,1,511,2.3333333333333335,Potential Loyalists
50960,6,8,170.83,0,7.0,2,5,3,253,3.3333333333333335,At Risk
50961,7,7,140.84,1,0.0,2,5,2,252,3.0,At Risk
50962,9,2,244.11,0,23.0,1,2,5,125,2.6666666666666665,At Risk
50963,7,5,123.08,0,9.0,2,5,1,251,2.6666666666666665,At Risk
50964,0,1,148.41,0,15.0,5,1,2,512,2.6666666666666665,Potential Loyalists
50965,7,3,142.85,0,10.0,2,4,2,242,2.6666666666666665,At Risk
50966,7,1,197.15,0,2.0,2,1,4,214,2.3333333333333335,At Risk
50967,2,1,143.2,0,6.0,4,1,2,412,2.3333333333333335,Potential Loyalists
50968,3,1,121.32,0,9.0,4,1,1,411,2.0,Potential Loyalists
50969,9,13,201.24,0,15.0,1,5,4,154,3.3333333333333335,At Risk
50970,1,7,154.73,0,13.0,5,5,3,553,4.333333333333333,Loyal Customers
50971,7,5,152.07,0,6.0,2,5,2,252,3.0,At Risk
50972,7,7,264.37,0,13.0,2,5,5,255,4.0,At Risk
50973,0,1,122.96,0,9.0,5,1,1,511,2.3333333333333335,Potential Loyalists
50974,2,2,140.69,0,13.0,4,2,1,421,2.3333333333333335,Potential Loyalists
50975,7,7,174.41,0,18.0,2,5,4,254,3.6666666666666665,At Risk
50976,2,4,124.3,0,8.0,4,4,1,441,3.0,Loyal Customers
50977,5,2,158.78,0,5.0,2,2,3,223,2.3333333333333335,At Risk
50978,2,1,126.44,0,9.0,4,1,1,411,2.0,Potential Loyalists
50979,7,7,164.39,0,21.0,2,5,3,253,3.3333333333333335,At Risk
50980,0,1,124.51,0,2.0,5,1,1,511,2.3333333333333335,Potential Loyalists
50981,2,2,163.92,0,6.0,4,2,3,423,3.0,Potential Loyalists
50982,7,6,197.14,1,0.0,2,5,4,254,3.6666666666666665,At Risk
50983,2,1,160.77,0,11.0,4,1,3,413,2.6666666666666665,Potential Loyalists
50984,2,1,124.5,0,8.0,4,1,1,411,2.0,Potential Loyalists
50985,3,1,192.5,0,3.0,4,1,4,414,3.0,Potential Loyalists
50986,0,1,120.74,1,9.0,5,1,1,511,2.3333333333333335,Potential Loyalists
50987,9,1,201.69,1,16.0,1,1,4,114,2.0,At Risk
50988,4,1,148.55,1,1.0,3,1,2,312,2.0,Potential Loyalists
50989,2,1,140.87,0,5.0,4,1,2,412,2.3333333333333335,Potential Loyalists
50990,6,7,123.67,0,21.0,2,5,1,251,2.6666666666666665,At Risk
50991,0,1,129.72,0,7.0,5,1,1,511,2.3333333333333335,Potential Loyalists
50992,13,2,295.86,0,28.0,1,2,5,125,2.6666666666666665,At Risk
50993,1,2,154.84,0,7.0,5,2,3,523,3.3333333333333335,Potential Loyalists
50994,0,1,120.61,0,9.0,5,1,1,511,2.3333333333333335,Potential Loyalists
50995,7,7,199.24,0,11.0,2,5,4,254,3.6666666666666665,At Risk
50996,2,1,141.98,0,11.0,4,1,2,412,2.3333333333333335,Potential Loyalists
50997,0,1,168.15,0,9.0,5,1,3,513,3.0,Potential Loyalists
50998,5,1,147.23,0,2.0,2,1,2,212,1.6666666666666667,Lost / Hibernating
50999,4,1,161.42,0,8.0,3,1,3,313,2.3333333333333335,Potential Loyalists
51000,6,7,182.37,0,12.0,2,5,4,254,3.6666666666666665,At Risk
51001,3,1,188.53,0,2.0,4,1,4,414,3.0,Potential Loyalists
51002,0,1,293.31,0,23.0,5,1,5,515,3.6666666666666665,Potential Loyalists
51003,2,2,120.73,0,9.0,4,2,1,421,2.3333333333333335,Potential Loyalists
51004,2,1,155.62,0,9.0,4,1,3,413,2.6666666666666665,Potential Loyalists
51005,1,1,296.13,0,15.0,5,1,5,515,3.6666666666666665,Potential Loyalists
51006,8,6,134.07,0,8.0,2,5,1,251,2.6666666666666665,At Risk
51007,7,7,150.63,0,7.0,2,5,2,252,3.0,At Risk
51008,2,1,146.39,0,13.0,4,1,2,412,2.3333333333333335,Potential Loyalists
51009,2,1,148.76,0,16.0,4,1,2,412,2.3333333333333335,Potential Loyalists
51010,1,1,126.9,0,8.0,5,1,1,511,2.3333333333333335,Potential Loyalists
51011,12,1,275.67,0,19.0,1,1,5,115,2.3333333333333335,At Risk
51012,0,1,124.08,1,0.0,5,1,1,511,2.3333333333333335,Potential Loyalists
51013,3,1,128.14,0,0.0,4,1,1,411,2.0,Potential Loyalists
51014,3,12,212.45,0,23.0,4,5,5,455,4.666666666666667,Champions
51015,2,1,133.12,0,5.0,4,1,1,411,2.0,Potential Loyalists
51016,10,1,290.49,0,17.0,1,1,5,115,2.3333333333333335,At Risk
51017,1,1,121.41,0,9.0,5,1,1,511,2.3333333333333335,Potential Loyalists
51018,4,1,157.69,0,18.0,3,1,3,313,2.3333333333333335,Potential Loyalists
51019,5,4,143.85,0,18.0,2,4,2,242,2.6666666666666665,At Risk
51020,3,1,153.32,0,4.0,4,1,2,412,2.3333333333333335,Potential Loyalists
51021,1,1,146.63,0,9.0,5,1,2,512,2.6666666666666665,Potential Loyalists
51022,2,7,147.24,0,7.0,4,5,2,452,3.6666666666666665,Loyal Customers
51023,4,1,132.11,0,22.0,3,1,1,311,1.6666666666666667,Potential Loyalists
51024,7,7,153.77,0,12.0,2,5,3,253,3.3333333333333335,At Risk
51025,7,1,140.66,0,0.0,2,1,1,211,1.3333333333333333,Lost / Hibernating
51026,10,1,152.08,0,8.0,1,1,2,112,1.3333333333333333,Lost / Hibernating
51027,0,1,0.0,0,1.0,5,1,1,511,2.3333333333333335,Potential Loyalists
51028,2,2,131.17,0,0.0,4,2,1,421,2.3333333333333335,Potential Loyalists
51029,0,1,115.69,1,9.0,5,1,1,511,2.3333333333333335,Potential Loyalists
51030,0,1,296.58,0,20.0,5,1,5,515,3.6666666666666665,Potential Loyalists
51031,7,1,130.69,0,12.0,2,1,1,211,1.3333333333333333,Lost / Hibernating
51032,12,14,204.35,0,13.0,1,5,4,154,3.3333333333333335,At Risk
51033,9,2,141.48,0,8.0,1,2,2,122,1.6666666666666667,Lost / Hibernating
51034,2,1,157.68,0,10.0,4,1,3,413,2.6666666666666665,Potential Loyalists
51035,8,3,150.42,0,12.0,2,4,2,242,2.6666666666666665,At Risk
51036,9,3,157.7,0,18.0,1,4,3,143,2.6666666666666665,At Risk
51037,2,1,177.56,0,11.0,4,1,4,414,3.0,Potential Loyalists
51038,0,6,203.06,1,0.0,5,5,4,554,4.666666666666667,Champions
51039,7,7,139.36,0,10.0,2,5,1,251,2.6666666666666665,At Risk
51040,3,3,179.45,0,13.0,4,4,4,444,4.0,Champions
51041,2,1,157.43,0,17.0,4,1,3,413,2.6666666666666665,Potential Loyalists
51042,2,2,252.02,0,21.0,4,2,5,425,3.6666666666666665,Potential Loyalists
51043,2,2,154.4,1,0.0,4,2,3,423,3.0,Potential Loyalists
51044,3,1,137.6,0,0.0,4,1,1,411,2.0,Potential Loyalists
51045,2,1,135.17,0,0.0,4,1,1,411,2.0,Potential Loyalists
51046,2,1,125.8,0,0.0,4,1,1,411,2.0,Potential Loyalists
51047,3,1,121.66,1,9.0,4,1,1,411,2.0,Potential Loyalists
51048,4,1,158.69,0,2.0,3,1,3,313,2.3333333333333335,Potential Loyalists
51049,2,1,180.08,0,9.0,4,1,4,414,3.0,Potential Loyalists
51050,7,1,152.06,0,0.0,2,1,2,212,1.6666666666666667,Lost / Hibernating
51051,0,1,152.95,0,12.0,5,1,2,512,2.6666666666666665,Potential Loyalists
51052,2,1,264.13,0,22.0,4,1,5,415,3.3333333333333335,Potential Loyalists
51053,11,2,232.69,0,23.0,1,2,5,125,2.6666666666666665,At Risk
51054,2,2,127.83,0,0.0,4,2,1,421,2.3333333333333335,Potential Loyalists
51055,9,7,154.33,0,7.0,1,5,3,153,3.0,At Risk
51056,3,1,120.13,0,9.0,4,1,1,411,2.0,Potential Loyalists
51057,12,2,239.66000000000005,0,22.0,1,2,5,125,2.6666666666666665,At Risk
51058,2,1,143.74,0,9.0,4,1,2,412,2.3333333333333335,Potential Loyalists
51059,4,1,168.42,0,9.0,3,1,3,313,2.3333333333333335,Potential Loyalists
51060,7,4,274.26,0,27.0,2,4,5,245,3.6666666666666665,At Risk
51061,11,6,276.03,0,16.0,1,5,5,155,3.6666666666666665,At Risk
51062,7,6,145.81,1,0.0,2,5,2,252,3.0,At Risk
51063,9,2,147.35,0,11.0,1,2,2,122,1.6666666666666667,Lost / Hibernating
51064,9,1,141.87,0,2.0,1,1,2,112,1.3333333333333333,Lost / Hibernating
51065,4,1,155.05,0,6.0,3,1,3,313,2.3333333333333335,Potential Loyalists
51066,6,1,154.7,0,5.0,2,1,3,213,2.0,At Risk
51067,2,1,154.76,0,4.0,4,1,3,413,2.6666666666666665,Potential Loyalists
51068,2,2,125.87,0,22.0,4,2,1,421,2.3333333333333335,Potential Loyalists
51069,3,3,124.4,0,11.0,4,4,1,441,3.0,Loyal Customers
51070,2,2,259.72,0,20.0,4,2,5,425,3.6666666666666665,Potential Loyalists
51071,0,2,253.79,0,22.0,5,2,5,525,4.0,Potential Loyalists
51072,2,1,170.82,0,14.0,4,1,3,413,2.6666666666666665,Potential Loyalists
51073,2,1,127.28,0,0.0,4,1,1,411,2.0,Potential Loyalists
51074,2,1,153.68,0,6.0,4,1,3,413,2.6666666666666665,Potential Loyalists
51075,2,1,153.47,0,9.0,4,1,2,412,2.3333333333333335,Potential Loyalists
51076,2,2,131.95,0,17.0,4,2,1,421,2.3333333333333335,Potential Loyalists
51077,2,1,139.89,1,0.0,4,1,1,411,2.0,Potential Loyalists
51078,0,1,133.06,0,11.0,5,1,1,511,2.3333333333333335,Potential Loyalists
51079,2,1,170.05,0,26.0,4,1,3,413,2.6666666666666665,Potential Loyalists
51080,7,7,126.55,1,11.0,2,5,1,251,2.6666666666666665,At Risk
51081,0,1,113.93,1,9.0,5,1,1,511,2.3333333333333335,Potential Loyalists
51082,7,5,125.7,0,0.0,2,5,1,251,2.6666666666666665,At Risk
51083,2,1,135.37,0,28.0,4,1,1,411,2.0,Potential Loyalists
51084,13,4,139.86,0,7.0,1,4,1,141,2.0,At Risk
51085,0,1,208.83,0,30.0,5,1,5,515,3.6666666666666665,Potential Loyalists
51086,13,2,120.28,0,9.0,1,2,1,121,1.3333333333333333,Lost / Hibernating
51087,3,1,195.25,0,10.0,4,1,4,414,3.0,Potential Loyalists
51088,7,8,129.29,0,7.0,2,5,1,251,2.6666666666666665,At Risk
51089,2,1,122.75,1,9.0,4,1,1,411,2.0,Potential Loyalists
51090,7,6,178.79,0,17.0,2,5,4,254,3.6666666666666665,At Risk
51091,4,1,149.3,0,8.0,3,1,2,312,2.0,Potential Loyalists
51092,8,8,178.47,0,16.0,2,5,4,254,3.6666666666666665,At Risk
51093,4,1,144.01,0,0.0,3,1,2,312,2.0,Potential Loyalists
51094,7,8,192.41,0,14.0,2,5,4,254,3.6666666666666665,At Risk
51095,2,1,129.74,0,2.0,4,1,1,411,2.0,Potential Loyalists
51096,7,6,145.02,0,9.0,2,5,2,252,3.0,At Risk
51097,4,14,207.48,0,18.0,3,5,4,354,4.0,Loyal Customers
51098,0,1,115.55,1,9.0,5,1,1,511,2.3333333333333335,Potential Loyalists
51099,3,14,229.36,1,10.0,4,5,5,455,4.666666666666667,Champions
51100,2,1,123.05,0,9.0,4,1,1,411,2.0,Potential Loyalists
51101,6,8,267.04,0,18.0,2,5,5,255,4.0,At Risk
51102,3,1,134.33,0,5.0,4,1,1,411,2.0,Potential Loyalists
51103,3,1,134.77,0,4.0,4,1,1,411,2.0,Potential Loyalists
51104,2,1,164.3,0,14.0,4,1,3,413,2.6666666666666665,Potential Loyalists
51105,0,1,165.16,0,13.0,5,1,3,513,3.0,Potential Loyalists
51106,2,1,139.07,0,0.0,4,1,1,411,2.0,Potential Loyalists
51107,9,1,155.62,0,19.0,1,1,3,113,1.6666666666666667,At Risk
51108,7,1,168.83,0,8.0,2,1,3,213,2.0,At Risk
51109,8,1,128.62,0,3.0,2,1,1,211,1.3333333333333333,Lost / Hibernating
51110,0,1,149.78,0,20.0,5,1,2,512,2.6666666666666665,Potential Loyalists
51111,3,1,203.68,0,19.0,4,1,4,414,3.0,Potential Loyalists
51112,2,2,161.34,1,0.0,4,2,3,423,3.0,Potential Loyalists
51113,0,1,167.35,1,0.0,5,1,3,513,3.0,Potential Loyalists
51114,2,1,132.95,0,0.0,4,1,1,411,2.0,Potential Loyalists
51115,4,1,152.38,0,4.0,3,1,2,312,2.0,Potential Loyalists
51116,8,5,164.72,0,12.0,2,5,3,253,3.3333333333333335,At Risk
51117,2,1,196.1,0,5.0,4,1,4,414,3.0,Potential Loyalists
51118,8,12,298.33,0,13.0,2,5,5,255,4.0,At Risk
51119,3,1,197.56,0,18.0,4,1,4,414,3.0,Potential Loyalists
51120,7,1,149.68,0,3.0,2,1,2,212,1.6666666666666667,Lost / Hibernating
51121,1,2,121.45,0,9.0,5,2,1,521,2.6666666666666665,Potential Loyalists
51122,2,1,121.8,1,9.0,4,1,1,411,2.0,Potential Loyalists
51123,2,1,183.46,0,4.0,4,1,4,414,3.0,Potential Loyalists
51124,4,1,134.45,0,0.0,3,1,1,311,1.6666666666666667,Potential Loyalists
51125,2,2,127.6,1,0.0,4,2,1,421,2.3333333333333335,Potential Loyalists
51126,2,1,162.94,0,2.0,4,1,3,413,2.6666666666666665,Potential Loyalists
51127,7,1,171.4,0,3.0,2,1,3,213,2.0,At Risk
51128,2,1,129.32,0,7.0,4,1,1,411,2.0,Potential Loyalists
51129,7,1,151.47,0,6.0,2,1,2,212,1.6666666666666667,Lost / Hibernating
51130,4,1,145.07,0,22.0,3,1,2,312,2.0,Potential Loyalists
51131,0,1,185.64,1,0.0,5,1,4,514,3.3333333333333335,Potential Loyalists
51132,5,1,124.68,0,11.0,2,1,1,211,1.3333333333333333,Lost / Hibernating
51133,0,1,181.61,1,0.0,5,1,4,514,3.3333333333333335,Potential Loyalists
51134,0,1,121.09,0,9.0,5,1,1,511,2.3333333333333335,Potential Loyalists
51135,7,1,152.94,0,0.0,2,1,2,212,1.6666666666666667,Lost / Hibernating
51136,7,1,127.18,0,5.0,2,1,1,211,1.3333333333333333,Lost / Hibernating
51137,0,1,158.11,0,11.0,5,1,3,513,3.0,Potential Loyalists
51138,0,1,124.37,1,6.0,5,1,1,511,2.3333333333333335,Potential Loyalists
51139,4,1,127.66,0,15.0,3,1,1,311,1.6666666666666667,Potential Loyalists
51140,0,1,290.38,0,28.0,5,1,5,515,3.6666666666666665,Potential Loyalists
51141,7,1,130.55,0,6.0,2,1,1,211,1.3333333333333333,Lost / Hibernating
51142,4,1,122.89,0,9.0,3,1,1,311,1.6666666666666667,Potential Loyalists
51143,7,1,140.01,0,7.0,2,1,1,211,1.3333333333333333,Lost / Hibernating
51144,3,1,229.65,0,26.0,4,1,5,415,3.3333333333333335,Potential Loyalists
51145,8,1,135.39,0,16.0,2,1,1,211,1.3333333333333333,Lost / Hibernating
51146,2,2,160.29,0,7.0,4,2,3,423,3.0,Potential Loyalists
51147,0,1,126.79,1,0.0,5,1,1,511,2.3333333333333335,Potential Loyalists
51148,4,1,137.02,0,11.0,3,1,1,311,1.6666666666666667,Potential Loyalists
51149,0,1,123.98,1,0.0,5,1,1,511,2.3333333333333335,Potential Loyalists
51150,7,5,154.68,0,4.0,2,5,3,253,3.3333333333333335,At Risk
51151,3,2,231.16000000000005,0,24.0,4,2,5,425,3.6666666666666665,Potential Loyalists
51152,3,1,141.89,0,10.0,4,1,2,412,2.3333333333333335,Potential Loyalists
51153,2,2,293.28,0,19.0,4,2,5,425,3.6666666666666665,Potential Loyalists
51154,7,5,183.21,0,9.0,2,5,4,254,3.6666666666666665,At Risk
51155,3,2,123.42,1,7.0,4,2,1,421,2.3333333333333335,Potential Loyalists
51156,7,4,140.71,0,10.0,2,4,1,241,2.3333333333333335,At Risk
51157,7,7,158.13,1,0.0,2,5,3,253,3.3333333333333335,At Risk
51158,6,7,131.43,0,6.0,2,5,1,251,2.6666666666666665,At Risk
51159,3,1,120.44,0,9.0,4,1,1,411,2.0,Potential Loyalists
51160,2,2,234.64,0,12.0,4,2,5,425,3.6666666666666665,Potential Loyalists
51161,2,2,179.91,0,19.0,4,2,4,424,3.3333333333333335,Potential Loyalists
51162,2,1,133.77,0,13.0,4,1,1,411,2.0,Potential Loyalists
51163,0,1,155.38,0,15.0,5,1,3,513,3.0,Potential Loyalists
51164,7,1,157.62,0,8.0,2,1,3,213,2.0,At Risk
51165,8,3,125.92,0,11.0,2,4,1,241,2.3333333333333335,At Risk
51166,7,1,153.46,1,0.0,2,1,2,212,1.6666666666666667,Lost / Hibernating
51167,8,1,142.13,1,0.0,2,1,2,212,1.6666666666666667,Lost / Hibernating
51168,2,2,141.27,0,12.0,4,2,2,422,2.6666666666666665,Potential Loyalists
51169,2,1,124.38,0,16.0,4,1,1,411,2.0,Potential Loyalists
51170,2,1,168.7,0,14.0,4,1,3,413,2.6666666666666665,Potential Loyalists
51171,5,13,204.47,0,14.0,2,5,4,254,3.6666666666666665,At Risk
51172,2,1,196.67,0,3.0,4,1,4,414,3.0,Potential Loyalists
51173,4,1,121.48,1,9.0,3,1,1,311,1.6666666666666667,Potential Loyalists
51174,7,3,189.26,1,9.0,2,4,4,244,3.3333333333333335,At Risk
51175,3,1,165.13,0,13.0,4,1,3,413,2.6666666666666665,Potential Loyalists
51176,8,4,167.99,0,7.0,2,4,3,243,3.0,At Risk
51177,14,14,0.0,0,30.0,1,5,1,151,2.3333333333333335,At Risk
51178,3,1,127.05,0,8.0,4,1,1,411,2.0,Potential Loyalists
51179,10,14,203.33,0,20.0,1,5,4,154,3.3333333333333335,At Risk
51180,7,7,144.48,0,13.0,2,5,2,252,3.0,At Risk
51181,7,1,168.54,0,27.0,2,1,3,213,2.0,At Risk
51182,2,2,196.37,0,4.0,4,2,4,424,3.3333333333333335,Potential Loyalists
51183,2,1,135.91,0,1.0,4,1,1,411,2.0,Potential Loyalists
51184,3,1,154.05,0,11.0,4,1,3,413,2.6666666666666665,Potential Loyalists
51185,2,1,146.84,0,0.0,4,1,2,412,2.3333333333333335,Potential Loyalists
51186,2,2,257.87,0,30.0,4,2,5,425,3.6666666666666665,Potential Loyalists
51187,0,1,115.14,0,9.0,5,1,1,511,2.3333333333333335,Potential Loyalists
51188,0,1,129.56,1,0.0,5,1,1,511,2.3333333333333335,Potential Loyalists
51189,0,2,123.35,1,0.0,5,2,1,521,2.6666666666666665,Potential Loyalists
51190,7,5,151.54,0,18.0,2,5,2,252,3.0,At Risk
51191,0,1,169.62,0,9.0,5,1,3,513,3.0,Potential Loyalists
51192,7,7,156.75,0,16.0,2,5,3,253,3.3333333333333335,At Risk
51193,2,1,123.79,0,0.0,4,1,1,411,2.0,Potential Loyalists
51194,10,3,138.12,0,2.0,1,4,1,141,2.0,At Risk
51195,0,1,146.48,0,5.0,5,1,2,512,2.6666666666666665,Potential Loyalists
51196,3,3,129.36,0,15.0,4,4,1,441,3.0,Loyal Customers
51197,0,2,121.05,0,9.0,5,2,1,521,2.6666666666666665,Potential Loyalists
51198,7,4,185.78,0,19.0,2,4,4,244,3.3333333333333335,At Risk
51199,2,2,127.06,0,1.0,4,2,1,421,2.3333333333333335,Potential Loyalists
51200,6,1,163.84,0,2.0,2,1,3,213,2.0,At Risk
51201,0,1,139.68,0,15.0,5,1,1,511,2.3333333333333335,Potential Loyalists
51202,2,2,199.07,1,0.0,4,2,4,424,3.3333333333333335,Potential Loyalists
51203,8,2,232.25,0,19.0,2,2,5,225,3.0,At Risk
51204,8,5,135.4,0,0.0,2,5,1,251,2.6666666666666665,At Risk
51205,0,1,128.04,0,2.0,5,1,1,511,2.3333333333333335,Potential Loyalists
51206,14,6,293.92,0,16.0,1,5,5,155,3.6666666666666665,At Risk
51207,9,12,296.65,0,21.0,1,5,5,155,3.6666666666666665,At Risk
51208,0,1,124.39,1,0.0,5,1,1,511,2.3333333333333335,Potential Loyalists
51209,7,1,173.14,1,9.0,2,1,4,214,2.3333333333333335,At Risk
51210,3,7,147.74,0,0.0,4,5,2,452,3.6666666666666665,Loyal Customers
51211,2,2,139.02,0,12.0,4,2,1,421,2.3333333333333335,Potential Loyalists
51212,4,1,126.62,0,28.0,3,1,1,311,1.6666666666666667,Potential Loyalists
51213,0,1,128.56,0,1.0,5,1,1,511,2.3333333333333335,Potential Loyalists
51214,0,1,110.81,1,0.0,5,1,1,511,2.3333333333333335,Potential Loyalists
51215,0,1,124.72,1,0.0,5,1,1,511,2.3333333333333335,Potential Loyalists
51216,7,1,156.73,0,9.0,2,1,3,213,2.0,At Risk
51217,2,1,141.97,0,4.0,4,1,2,412,2.3333333333333335,Potential Loyalists
51218,0,1,197.13,0,7.0,5,1,4,514,3.3333333333333335,Potential Loyalists
51219,2,1,120.62,0,9.0,4,1,1,411,2.0,Potential Loyalists
51220,4,1,142.84,0,10.0,3,1,2,312,2.0,Potential Loyalists
51221,2,1,147.88,0,8.0,4,1,2,412,2.3333333333333335,Potential Loyalists
51222,8,3,159.06,0,18.0,2,4,3,243,3.0,At Risk
51223,8,1,138.86,0,9.0,2,1,1,211,1.3333333333333333,Lost / Hibernating
51224,16,11,268.23,0,13.0,1,5,5,155,3.6666666666666665,At Risk
51225,0,1,129.33,0,0.0,5,1,1,511,2.3333333333333335,Potential Loyalists
51226,7,1,165.0,0,0.0,2,1,3,213,2.0,At Risk
51227,7,4,271.74,0,21.0,2,4,5,245,3.6666666666666665,At Risk
51228,2,2,150.33,0,17.0,4,2,2,422,2.6666666666666665,Potential Loyalists
51229,0,3,123.07,1,9.0,5,4,1,541,3.3333333333333335,Loyal Customers
51230,0,1,125.87,1,19.0,5,1,1,511,2.3333333333333335,Potential Loyalists
51231,3,1,155.07,0,9.0,4,1,3,413,2.6666666666666665,Potential Loyalists
51232,4,1,143.93,0,14.0,3,1,2,312,2.0,Potential Loyalists
51233,7,2,233.48,0,15.0,2,2,5,225,3.0,At Risk
51234,4,1,165.83,0,4.0,3,1,3,313,2.3333333333333335,Potential Loyalists
51235,1,1,181.03,0,7.0,5,1,4,514,3.3333333333333335,Potential Loyalists
51236,2,2,139.78,0,4.0,4,2,1,421,2.3333333333333335,Potential Loyalists
51237,7,7,125.44,0,0.0,2,5,1,251,2.6666666666666665,At Risk
51238,3,1,153.99,0,18.0,4,1,3,413,2.6666666666666665,Potential Loyalists
51239,9,1,154.87,0,6.0,1,1,3,113,1.6666666666666667,At Risk
51240,7,1,168.34,0,1.0,2,1,3,213,2.0,At Risk
51241,0,1,110.91,1,0.0,5,1,1,511,2.3333333333333335,Potential Loyalists
51242,2,1,157.36,0,12.0,4,1,3,413,2.6666666666666665,Potential Loyalists
51243,2,1,122.26,0,9.0,4,1,1,411,2.0,Potential Loyalists
51244,11,6,157.47,0,7.0,1,5,3,153,3.0,At Risk
51245,2,2,198.54,1,0.0,4,2,4,424,3.3333333333333335,Potential Loyalists
51246,7,1,154.67,0,20.0,2,1,3,213,2.0,At Risk
51247,0,1,153.8,0,29.0,5,1,3,513,3.0,Potential Loyalists
51248,9,7,151.51,0,12.0,1,5,2,152,2.6666666666666665,At Risk
51249,7,1,121.33,0,9.0,2,1,1,211,1.3333333333333333,Lost / Hibernating
51250,0,1,278.75,0,30.0,5,1,5,515,3.6666666666666665,Potential Loyalists
51251,3,1,124.32,1,0.0,4,1,1,411,2.0,Potential Loyalists
51252,3,1,147.71,0,11.0,4,1,2,412,2.3333333333333335,Potential Loyalists
51253,3,4,291.61,0,22.0,4,4,5,445,4.333333333333333,Champions
51254,0,1,150.87,0,15.0,5,1,2,512,2.6666666666666665,Potential Loyalists
51255,0,1,128.63,1,0.0,5,1,1,511,2.3333333333333335,Potential Loyalists
51256,4,1,0.0,0,8.0,3,1,1,311,1.6666666666666667,Potential Loyalists
51257,4,1,121.44,0,9.0,3,1,1,311,1.6666666666666667,Potential Loyalists
51258,3,2,130.65,0,4.0,4,2,1,421,2.3333333333333335,Potential Loyalists
51259,2,1,128.1,0,9.0,4,1,1,411,2.0,Potential Loyalists
51260,1,2,198.88,0,7.0,5,2,4,524,3.6666666666666665,Potential Loyalists
51261,1,1,186.28,0,7.0,5,1,4,514,3.3333333333333335,Potential Loyalists
51262,6,7,128.67,0,0.0,2,5,1,251,2.6666666666666665,At Risk
51263,2,1,153.73,0,2.0,4,1,3,413,2.6666666666666665,Potential Loyalists
51264,2,1,166.67,0,5.0,4,1,3,413,2.6666666666666665,Potential Loyalists
51265,7,8,150.03,0,4.0,2,5,2,252,3.0,At Risk
51266,3,1,123.67,1,0.0,4,1,1,411,2.0,Potential Loyalists
51267,0,1,128.58,0,11.0,5,1,1,511,2.3333333333333335,Potential Loyalists
51268,9,1,152.04,0,8.0,1,1,2,112,1.3333333333333333,Lost / Hibernating
51269,7,1,141.05,0,0.0,2,1,2,212,1.6666666666666667,Lost / Hibernating
51270,0,1,196.79,0,5.0,5,1,4,514,3.3333333333333335,Potential Loyalists
51271,8,1,156.17,1,0.0,2,1,3,213,2.0,At Risk
51272,2,2,204.48,1,16.0,4,2,4,424,3.3333333333333335,Potential Loyalists
51273,3,2,128.97,0,27.0,4,2,1,421,2.3333333333333335,Potential Loyalists
51274,8,2,159.68,0,6.0,2,2,3,223,2.3333333333333335,At Risk
51275,9,1,175.1,0,16.0,1,1,4,114,2.0,At Risk
51276,2,1,129.91,0,11.0,4,1,1,411,2.0,Potential Loyalists
51277,4,1,296.36,0,28.0,3,1,5,315,3.0,Potential Loyalists
51278,0,1,111.29,0,4.0,5,1,1,511,2.3333333333333335,Potential Loyalists
51279,10,2,233.41000000000005,0,12.0,1,2,5,125,2.6666666666666665,At Risk
51280,7,3,143.32,0,15.0,2,4,2,242,2.6666666666666665,At Risk
51281,3,4,210.31,0,4.0,4,4,5,445,4.333333333333333,Champions
51282,4,1,144.4,0,27.0,3,1,2,312,2.0,Potential Loyalists
51283,2,1,146.17,0,0.0,4,1,2,412,2.3333333333333335,Potential Loyalists
51284,4,1,126.47,0,0.0,3,1,1,311,1.6666666666666667,Potential Loyalists
51285,4,9,163.23,0,13.0,3,5,3,353,3.6666666666666665,Loyal Customers
51286,10,5,156.77,0,13.0,1,5,3,153,3.0,At Risk
51287,2,1,121.87,0,9.0,4,1,1,411,2.0,Potential Loyalists
51288,7,1,137.48,0,3.0,2,1,1,211,1.3333333333333333,Lost / Hibernating
51289,2,1,139.77,0,0.0,4,1,1,411,2.0,Potential Loyalists
51290,11,12,186.33,0,20.0,1,5,4,154,3.3333333333333335,At Risk
51291,0,1,120.08,0,9.0,5,1,1,511,2.3333333333333335,Potential Loyalists
51292,8,5,144.4,0,11.0,2,5,2,252,3.0,At Risk
51293,2,1,130.67,0,4.0,4,1,1,411,2.0,Potential Loyalists
51294,7,7,153.21,0,11.0,2,5,2,252,3.0,At Risk
51295,2,1,154.1,0,15.0,4,1,3,413,2.6666666666666665,Potential Loyalists
51296,0,1,127.82,0,14.0,5,1,1,511,2.3333333333333335,Potential Loyalists
51297,3,5,219.57,0,20.0,4,5,5,455,4.666666666666667,Champions
51298,2,2,126.6,0,8.0,4,2,1,421,2.3333333333333335,Potential Loyalists
51299,2,1,133.75,0,0.0,4,1,1,411,2.0,Potential Loyalists
51300,8,1,150.98,0,8.0,2,1,2,212,1.6666666666666667,Lost / Hibernating
51301,1,8,12.0,0,6.0,5,5,1,551,3.6666666666666665,Loyal Customers
51302,1,4,128.37,0,5.0,5,4,1,541,3.3333333333333335,Loyal Customers
51303,0,1,124.06,0,13.0,5,1,1,511,2.3333333333333335,Potential Loyalists
51304,2,2,122.69,0,9.0,4,2,1,421,2.3333333333333335,Potential Loyalists
51305,7,1,141.08,0,12.0,2,1,2,212,1.6666666666666667,Lost / Hibernating
51306,11,2,232.06,0,11.0,1,2,5,125,2.6666666666666665,At Risk
51307,7,5,204.22,0,5.0,2,5,4,254,3.6666666666666665,At Risk
51308,8,2,237.44,0,10.0,2,2,5,225,3.0,At Risk
51309,4,1,149.07,0,0.0,3,1,2,312,2.0,Potential Loyalists
51310,0,1,134.82,0,25.0,5,1,1,511,2.3333333333333335,Potential Loyalists
51311,2,1,124.36,0,17.0,4,1,1,411,2.0,Potential Loyalists
51312,2,1,123.8,0,0.0,4,1,1,411,2.0,Potential Loyalists
51313,3,1,294.31,0,12.0,4,1,5,415,3.3333333333333335,Potential Loyalists
51314,0,1,117.9,1,9.0,5,1,1,511,2.3333333333333335,Potential Loyalists
51315,4,3,176.44,0,9.0,3,4,4,344,3.6666666666666665,Loyal Customers
51316,2,1,151.31,0,9.0,4,1,2,412,2.3333333333333335,Potential Loyalists
51317,9,1,163.06,0,29.0,1,1,3,113,1.6666666666666667,At Risk
51318,2,2,147.87,1,0.0,4,2,2,422,2.6666666666666665,Potential Loyalists
51319,14,4,288.8,0,15.0,1,4,5,145,3.3333333333333335,At Risk
51320,8,9,123.39,1,19.0,2,5,1,251,2.6666666666666665,At Risk
51321,10,2,235.7,0,14.0,1,2,5,125,2.6666666666666665,At Risk
51322,7,1,167.12,0,7.0,2,1,3,213,2.0,At Risk
51323,11,11,154.06,0,9.0,1,5,3,153,3.0,At Risk
51324,4,1,189.38,0,14.0,3,1,4,314,2.6666666666666665,Potential Loyalists
51325,2,1,124.39,0,5.0,4,1,1,411,2.0,Potential Loyalists
51326,7,1,188.37,0,8.0,2,1,4,214,2.3333333333333335,At Risk
51327,9,1,153.43,0,11.0,1,1,2,112,1.3333333333333333,Lost / Hibernating
51328,1,1,167.28,1,13.0,5,1,3,513,3.0,Potential Loyalists
51329,0,1,166.52,0,9.0,5,1,3,513,3.0,Potential Loyalists
51330,1,1,148.5,0,18.0,5,1,2,512,2.6666666666666665,Potential Loyalists
51331,2,2,128.09,0,13.0,4,2,1,421,2.3333333333333335,Potential Loyalists
51332,2,1,156.89,0,8.0,4,1,3,413,2.6666666666666665,Potential Loyalists
51333,2,1,120.01,0,9.0,4,1,1,411,2.0,Potential Loyalists
51334,1,1,129.77,0,8.0,5,1,1,511,2.3333333333333335,Potential Loyalists
51335,3,1,140.25,0,2.0,4,1,1,411,2.0,Potential Loyalists
51336,4,1,137.85,0,2.0,3,1,1,311,1.6666666666666667,Potential Loyalists
51337,0,2,208.54,1,13.0,5,2,4,524,3.6666666666666665,Potential Loyalists
51338,3,9,220.31,0,12.0,4,5,5,455,4.666666666666667,Champions
51339,7,1,199.36,0,4.0,2,1,4,214,2.3333333333333335,At Risk
51340,0,1,129.66,0,0.0,5,1,1,511,2.3333333333333335,Potential Loyalists
51341,3,1,125.71,0,9.0,4,1,1,411,2.0,Potential Loyalists
51342,7,1,199.91,0,12.0,2,1,4,214,2.3333333333333335,At Risk
51343,3,1,161.42,0,0.0,4,1,3,413,2.6666666666666665,Potential Loyalists
51344,8,1,153.9,0,22.0,2,1,3,213,2.0,At Risk
51345,2,1,144.04,0,7.0,4,1,2,412,2.3333333333333335,Potential Loyalists
51346,5,1,159.93,1,4.0,2,1,3,213,2.0,At Risk
51347,7,1,151.3,0,22.0,2,1,2,212,1.6666666666666667,Lost / Hibernating
51348,0,1,120.9,1,9.0,5,1,1,511,2.3333333333333335,Potential Loyalists
51349,0,3,129.09,0,6.0,5,4,1,541,3.3333333333333335,Loyal Customers
51350,2,2,134.68,0,0.0,4,2,1,421,2.3333333333333335,Potential Loyalists
51351,6,3,130.68,0,5.0,2,4,1,241,2.3333333333333335,At Risk
51352,0,1,126.7,0,30.0,5,1,1,511,2.3333333333333335,Potential Loyalists
51353,0,1,126.93,0,3.0,5,1,1,511,2.3333333333333335,Potential Loyalists
51354,8,1,195.26,0,11.0,2,1,4,214,2.3333333333333335,At Risk
51355,7,7,152.37,0,9.0,2,5,2,252,3.0,At Risk
51356,3,1,124.26,0,8.0,4,1,1,411,2.0,Potential Loyalists
51357,8,1,141.93,0,2.0,2,1,2,212,1.6666666666666667,Lost / Hibernating
51358,3,4,129.11,0,4.0,4,4,1,441,3.0,Loyal Customers
51359,2,1,126.61,0,7.0,4,1,1,411,2.0,Potential Loyalists
51360,3,1,120.28,1,9.0,4,1,1,411,2.0,Potential Loyalists
51361,8,8,199.8,0,2.0,2,5,4,254,3.6666666666666665,At Risk
51362,5,1,132.98,0,5.0,2,1,1,211,1.3333333333333333,Lost / Hibernating
51363,0,1,129.35,0,0.0,5,1,1,511,2.3333333333333335,Potential Loyalists
51364,7,2,254.27,0,26.0,2,2,5,225,3.0,At Risk
51365,2,1,139.44,0,11.0,4,1,1,411,2.0,Potential Loyalists
51366,3,1,140.11,0,0.0,4,1,1,411,2.0,Potential Loyalists
51367,3,1,134.07,1,0.0,4,1,1,411,2.0,Potential Loyalists
51368,3,2,219.94,0,7.0,4,2,5,425,3.6666666666666665,Potential Loyalists
51369,0,1,112.32,0,9.0,5,1,1,511,2.3333333333333335,Potential Loyalists
51370,3,1,129.6,1,0.0,4,1,1,411,2.0,Potential Loyalists
51371,8,4,290.94,0,26.0,2,4,5,245,3.6666666666666665,At Risk
51372,7,6,139.19,1,0.0,2,5,1,251,2.6666666666666665,At Risk
51373,2,4,168.25,0,15.0,4,4,3,443,3.6666666666666665,Loyal Customers
51374,17,5,202.48,0,17.0,1,5,4,154,3.3333333333333335,At Risk
51375,1,2,289.47,0,19.0,5,2,5,525,4.0,Potential Loyalists
51376,0,1,124.96,0,6.0,5,1,1,511,2.3333333333333335,Potential Loyalists
51377,3,1,164.65,0,17.0,4,1,3,413,2.6666666666666665,Potential Loyalists
51378,8,1,122.06,0,9.0,2,1,1,211,1.3333333333333333,Lost / Hibernating
51379,0,1,120.86,1,9.0,5,1,1,511,2.3333333333333335,Potential Loyalists
51380,0,2,122.93,1,9.0,5,2,1,521,2.6666666666666665,Potential Loyalists
51381,4,1,126.45,0,16.0,3,1,1,311,1.6666666666666667,Potential Loyalists
51382,2,1,126.83,1,13.0,4,1,1,411,2.0,Potential Loyalists
51383,2,2,120.14,0,9.0,4,2,1,421,2.3333333333333335,Potential Loyalists
51384,0,1,134.19,0,9.0,5,1,1,511,2.3333333333333335,Potential Loyalists
51385,3,1,153.76,0,6.0,4,1,3,413,2.6666666666666665,Potential Loyalists
51386,0,1,119.51,0,9.0,5,1,1,511,2.3333333333333335,Potential Loyalists
51387,0,1,123.41,0,0.0,5,1,1,511,2.3333333333333335,Potential Loyalists
51388,1,1,122.93,1,9.0,5,1,1,511,2.3333333333333335,Potential Loyalists
51389,7,1,187.26,0,0.0,2,1,4,214,2.3333333333333335,At Risk
51390,7,3,140.11,0,3.0,2,4,1,241,2.3333333333333335,At Risk
51391,8,15,295.45,1,4.0,2,5,5,255,4.0,At Risk
51392,7,8,145.68,0,7.0,2,5,2,252,3.0,At Risk
51393,0,1,130.22,0,10.0,5,1,1,511,2.3333333333333335,Potential Loyalists
51394,8,1,157.72,0,19.0,2,1,3,213,2.0,At Risk
51395,1,1,122.69,0,9.0,5,1,1,511,2.3333333333333335,Potential Loyalists
51396,0,1,153.81,1,11.0,5,1,3,513,3.0,Potential Loyalists
51397,2,2,134.41,1,0.0,4,2,1,421,2.3333333333333335,Potential Loyalists
51398,3,1,154.54,0,17.0,4,1,3,413,2.6666666666666665,Potential Loyalists
51399,3,2,198.84,0,8.0,4,2,4,424,3.3333333333333335,Potential Loyalists
51400,0,1,141.57,0,0.0,5,1,2,512,2.6666666666666665,Potential Loyalists
51401,12,2,234.58,0,6.0,1,2,5,125,2.6666666666666665,At Risk
51402,8,1,190.69,0,8.0,2,1,4,214,2.3333333333333335,At Risk
51403,2,2,140.14,0,8.0,4,2,1,421,2.3333333333333335,Potential Loyalists
51404,7,1,159.15,0,4.0,2,1,3,213,2.0,At Risk
51405,7,1,159.93,0,10.0,2,1,3,213,2.0,At Risk
51406,8,7,161.62,0,5.0,2,5,3,253,3.3333333333333335,At Risk
51407,9,9,124.06,0,11.0,1,5,1,151,2.3333333333333335,At Risk
51408,8,13,287.4,0,23.0,2,5,5,255,4.0,At Risk
51409,9,7,176.37,0,30.0,1,5,4,154,3.3333333333333335,At Risk
51410,8,12,200.96,0,9.0,2,5,4,254,3.6666666666666665,At Risk
51411,2,2,247.56,0,28.0,4,2,5,425,3.6666666666666665,Potential Loyalists
51412,3,1,164.99,0,9.0,4,1,3,413,2.6666666666666665,Potential Loyalists
51413,0,1,197.24,0,18.0,5,1,4,514,3.3333333333333335,Potential Loyalists
51414,2,1,121.94,0,9.0,4,1,1,411,2.0,Potential Loyalists
51415,0,1,133.88,1,0.0,5,1,1,511,2.3333333333333335,Potential Loyalists
51416,3,1,154.73,0,30.0,4,1,3,413,2.6666666666666665,Potential Loyalists
51417,4,1,127.03,0,2.0,3,1,1,311,1.6666666666666667,Potential Loyalists
51418,0,1,125.01,0,4.0,5,1,1,511,2.3333333333333335,Potential Loyalists
51419,9,1,162.2,0,5.0,1,1,3,113,1.6666666666666667,At Risk
51420,0,1,130.38,0,9.0,5,1,1,511,2.3333333333333335,Potential Loyalists
51421,8,1,144.24,0,4.0,2,1,2,212,1.6666666666666667,Lost / Hibernating
51422,8,2,143.12,0,8.0,2,2,2,222,2.0,Lost / Hibernating
51423,0,2,232.45,0,18.0,5,2,5,525,4.0,Potential Loyalists
51424,2,2,236.64,0,10.0,4,2,5,425,3.6666666666666665,Potential Loyalists
51425,2,1,150.21,0,19.0,4,1,2,412,2.3333333333333335,Potential Loyalists
51426,0,3,151.26,0,3.0,5,4,2,542,3.6666666666666665,Loyal Customers
51427,4,1,128.59,0,8.0,3,1,1,311,1.6666666666666667,Potential Loyalists
51428,0,1,202.39,0,28.0,5,1,4,514,3.3333333333333335,Potential Loyalists
51429,9,1,153.29,0,11.0,1,1,2,112,1.3333333333333333,Lost / Hibernating
51430,3,1,143.25,0,7.0,4,1,2,412,2.3333333333333335,Potential Loyalists
51431,2,1,172.6,0,29.0,4,1,3,413,2.6666666666666665,Potential Loyalists
51432,0,1,123.22,0,0.0,5,1,1,511,2.3333333333333335,Potential Loyalists
51433,3,1,120.75,0,9.0,4,1,1,411,2.0,Potential Loyalists
51434,8,10,141.52,0,3.0,2,5,2,252,3.0,At Risk
51435,7,4,196.19,1,9.0,2,4,4,244,3.3333333333333335,At Risk
51436,11,2,235.03,0,13.0,1,2,5,125,2.6666666666666665,At Risk
51437,0,1,154.41,0,24.0,5,1,3,513,3.0,Potential Loyalists
51438,7,2,152.09,0,3.0,2,2,2,222,2.0,Lost / Hibernating
51439,5,9,206.73,0,19.0,2,5,4,254,3.6666666666666665,At Risk
51440,7,5,150.1,0,5.0,2,5,2,252,3.0,At Risk
51441,3,2,235.49,0,27.0,4,2,5,425,3.6666666666666665,Potential Loyalists
51442,2,1,149.99,0,0.0,4,1,2,412,2.3333333333333335,Potential Loyalists
51443,4,1,142.21,0,1.0,3,1,2,312,2.0,Potential Loyalists
51444,8,2,238.72000000000003,0,30.0,2,2,5,225,3.0,At Risk
51445,2,1,120.42,0,9.0,4,1,1,411,2.0,Potential Loyalists
51446,2,1,120.73,1,9.0,4,1,1,411,2.0,Potential Loyalists
51447,0,1,129.56,0,5.0,5,1,1,511,2.3333333333333335,Potential Loyalists
51448,0,1,129.26,1,0.0,5,1,1,511,2.3333333333333335,Potential Loyalists
51449,10,2,148.09,0,7.0,1,2,2,122,1.6666666666666667,Lost / Hibernating
51450,0,1,151.63,0,10.0,5,1,2,512,2.6666666666666665,Potential Loyalists
51451,2,2,288.44,0,30.0,4,2,5,425,3.6666666666666665,Potential Loyalists
51452,7,1,281.72,0,23.0,2,1,5,215,2.6666666666666665,At Risk
51453,3,1,157.44,1,0.0,4,1,3,413,2.6666666666666665,Potential Loyalists
51454,1,2,128.89,0,0.0,5,2,1,521,2.6666666666666665,Potential Loyalists
51455,0,1,128.71,0,0.0,5,1,1,511,2.3333333333333335,Potential Loyalists
51456,8,12,174.84,0,24.0,2,5,4,254,3.6666666666666665,At Risk
51457,6,1,160.74,1,0.0,2,1,3,213,2.0,At Risk
51458,4,4,273.28,0,27.0,3,4,5,345,4.0,Loyal Customers
51459,2,1,127.74,0,0.0,4,1,1,411,2.0,Potential Loyalists
51460,0,1,145.05,0,7.0,5,1,2,512,2.6666666666666665,Potential Loyalists
51461,3,1,174.28,0,10.0,4,1,4,414,3.0,Potential Loyalists
51462,3,5,216.31,0,7.0,4,5,5,455,4.666666666666667,Champions
51463,8,2,197.38,0,9.0,2,2,4,224,2.6666666666666665,At Risk
51464,0,1,128.35,0,9.0,5,1,1,511,2.3333333333333335,Potential Loyalists
51465,12,4,269.59,0,16.0,1,4,5,145,3.3333333333333335,At Risk
51466,9,1,126.13,0,3.0,1,1,1,111,1.0,Lost / Hibernating
51467,7,1,161.46,0,6.0,2,1,3,213,2.0,At Risk
51468,3,4,149.63,1,19.0,4,4,2,442,3.3333333333333335,Loyal Customers
51469,15,15,295.37,0,24.0,1,5,5,155,3.6666666666666665,At Risk
51470,7,7,161.72,1,0.0,2,5,3,253,3.3333333333333335,At Risk
51471,3,4,123.68,0,0.0,4,4,1,441,3.0,Loyal Customers
51472,6,15,203.12,1,20.0,2,5,4,254,3.6666666666666665,At Risk
51473,0,1,116.75,1,9.0,5,1,1,511,2.3333333333333335,Potential Loyalists
51474,1,2,125.23,0,0.0,5,2,1,521,2.6666666666666665,Potential Loyalists
51475,11,5,165.67,0,22.0,1,5,3,153,3.0,At Risk
51476,2,1,147.39,0,16.0,4,1,2,412,2.3333333333333335,Potential Loyalists
51477,1,2,192.08,0,23.0,5,2,4,524,3.6666666666666665,Potential Loyalists
51478,2,2,145.59,1,0.0,4,2,2,422,2.6666666666666665,Potential Loyalists
51479,7,1,181.89,0,14.0,2,1,4,214,2.3333333333333335,At Risk
51480,7,5,129.42,0,0.0,2,5,1,251,2.6666666666666665,At Risk
51481,1,1,149.41,0,9.0,5,1,2,512,2.6666666666666665,Potential Loyalists
51482,3,1,206.5,1,14.0,4,1,4,414,3.0,Potential Loyalists
51483,9,5,159.02,0,12.0,1,5,3,153,3.0,At Risk
51484,2,2,186.39,0,0.0,4,2,4,424,3.3333333333333335,Potential Loyalists
51485,7,4,163.47,0,3.0,2,4,3,243,3.0,At Risk
51486,4,1,142.0,1,0.0,3,1,2,312,2.0,Potential Loyalists
51487,3,1,134.52,0,18.0,4,1,1,411,2.0,Potential Loyalists
51488,2,2,143.17,0,11.0,4,2,2,422,2.6666666666666665,Potential Loyalists
51489,4,1,126.32,0,3.0,3,1,1,311,1.6666666666666667,Potential Loyalists
51490,7,1,146.68,0,5.0,2,1,2,212,1.6666666666666667,Lost / Hibernating
51491,30,2,132.04,0,3.0,1,2,1,121,1.3333333333333333,Lost / Hibernating
51492,2,1,127.2,0,3.0,4,1,1,411,2.0,Potential Loyalists
51493,7,7,271.81,0,14.0,2,5,5,255,4.0,At Risk
51494,4,1,122.38,0,9.0,3,1,1,311,1.6666666666666667,Potential Loyalists
51495,0,1,114.83,0,9.0,5,1,1,511,2.3333333333333335,Potential Loyalists
51496,13,2,156.05,0,13.0,1,2,3,123,2.0,At Risk
51497,6,1,172.95,0,8.0,2,1,3,213,2.0,At Risk
51498,5,4,123.06,0,9.0,2,4,1,241,2.3333333333333335,At Risk
51499,15,1,123.48,0,18.0,1,1,1,111,1.0,Lost / Hibernating
51500,7,3,189.98,0,5.0,2,4,4,244,3.3333333333333335,At Risk
51501,9,1,143.19,0,2.0,1,1,2,112,1.3333333333333333,Lost / Hibernating
51502,0,1,161.32,0,24.0,5,1,3,513,3.0,Potential Loyalists
51503,0,1,133.46,0,30.0,5,1,1,511,2.3333333333333335,Potential Loyalists
51504,11,2,208.55,0,13.0,1,2,4,124,2.3333333333333335,At Risk
51505,2,1,122.31,0,9.0,4,1,1,411,2.0,Potential Loyalists
51506,2,2,123.23,0,0.0,4,2,1,421,2.3333333333333335,Potential Loyalists
51507,2,2,120.24,0,9.0,4,2,1,421,2.3333333333333335,Potential Loyalists
51508,2,1,127.13,0,1.0,4,1,1,411,2.0,Potential Loyalists
51509,4,1,194.39,0,30.0,3,1,4,314,2.6666666666666665,Potential Loyalists
51510,1,1,125.66,0,0.0,5,1,1,511,2.3333333333333335,Potential Loyalists
51511,4,4,299.26,0,23.0,3,4,5,345,4.0,Loyal Customers
51512,8,1,124.51,0,14.0,2,1,1,211,1.3333333333333333,Lost / Hibernating
51513,4,7,194.19,0,3.0,3,5,4,354,4.0,Loyal Customers
51514,7,1,186.86,0,11.0,2,1,4,214,2.3333333333333335,At Risk
51515,4,1,130.38,0,5.0,3,1,1,311,1.6666666666666667,Potential Loyalists
51516,1,1,130.58,0,0.0,5,1,1,511,2.3333333333333335,Potential Loyalists
51517,0,1,123.25,1,0.0,5,1,1,511,2.3333333333333335,Potential Loyalists
51518,2,7,120.88,0,9.0,4,5,1,451,3.3333333333333335,Loyal Customers
51519,10,6,130.72,0,3.0,1,5,1,151,2.3333333333333335,At Risk
51520,3,1,150.06,0,18.0,4,1,2,412,2.3333333333333335,Potential Loyalists
51521,2,2,142.57,0,29.0,4,2,2,422,2.6666666666666665,Potential Loyalists
51522,2,1,125.0,0,6.0,4,1,1,411,2.0,Potential Loyalists
51523,0,1,111.02,1,0.0,5,1,1,511,2.3333333333333335,Potential Loyalists
51524,7,15,204.53,0,19.0,2,5,4,254,3.6666666666666665,At Risk
51525,1,2,122.88,0,9.0,5,2,1,521,2.6666666666666665,Potential Loyalists
51526,2,1,139.29,0,4.0,4,1,1,411,2.0,Potential Loyalists
51527,2,1,123.11,0,9.0,4,1,1,411,2.0,Potential Loyalists
51528,2,1,131.4,1,4.0,4,1,1,411,2.0,Potential Loyalists
51529,2,1,136.9,0,23.0,4,1,1,411,2.0,Potential Loyalists
51530,3,1,144.5,0,26.0,4,1,2,412,2.3333333333333335,Potential Loyalists
51531,6,1,127.56,0,6.0,2,1,1,211,1.3333333333333333,Lost / Hibernating
51532,9,9,290.33,0,13.0,1,5,5,155,3.6666666666666665,At Risk
51533,15,2,287.22,0,28.0,1,2,5,125,2.6666666666666665,At Risk
51534,9,1,195.47,0,7.0,1,1,4,114,2.0,At Risk
51535,0,2,237.34,0,24.0,5,2,5,525,4.0,Potential Loyalists
51536,9,11,299.99,0,25.0,1,5,5,155,3.6666666666666665,At Risk
51537,3,1,122.79,0,9.0,4,1,1,411,2.0,Potential Loyalists
51538,1,1,159.16,1,0.0,5,1,3,513,3.0,Potential Loyalists
51539,2,2,120.89,0,9.0,4,2,1,421,2.3333333333333335,Potential Loyalists
51540,8,11,267.92,0,18.0,2,5,5,255,4.0,At Risk
51541,7,1,135.64,0,10.0,2,1,1,211,1.3333333333333333,Lost / Hibernating
51542,2,1,144.25,0,8.0,4,1,2,412,2.3333333333333335,Potential Loyalists
51543,2,1,152.65,0,15.0,4,1,2,412,2.3333333333333335,Potential Loyalists
51544,0,1,165.53,0,11.0,5,1,3,513,3.0,Potential Loyalists
51545,7,1,162.61,0,11.0,2,1,3,213,2.0,At Risk
51546,0,2,142.98,0,0.0,5,2,2,522,3.0,Potential Loyalists
51547,7,1,168.04,0,22.0,2,1,3,213,2.0,At Risk
51548,0,2,138.15,0,7.0,5,2,1,521,2.6666666666666665,Potential Loyalists
51549,7,3,127.41,0,13.0,2,4,1,241,2.3333333333333335,At Risk
51550,0,1,166.73,1,1.0,5,1,3,513,3.0,Potential Loyalists
51551,9,1,176.39,1,0.0,1,1,4,114,2.0,At Risk
51552,2,2,123.28,0,0.0,4,2,1,421,2.3333333333333335,Potential Loyalists
51553,7,1,121.53,0,9.0,2,1,1,211,1.3333333333333333,Lost / Hibernating
51554,2,1,148.76,0,13.0,4,1,2,412,2.3333333333333335,Potential Loyalists
51555,3,1,193.96,0,19.0,4,1,4,414,3.0,Potential Loyalists
51556,8,9,204.0,1,0.0,2,5,4,254,3.6666666666666665,At Risk
51557,8,5,184.74,0,3.0,2,5,4,254,3.6666666666666665,At Risk
51558,7,1,199.81,0,0.0,2,1,4,214,2.3333333333333335,At Risk
51559,3,4,224.9,0,24.0,4,4,5,445,4.333333333333333,Champions
51560,4,1,126.57,1,0.0,3,1,1,311,1.6666666666666667,Potential Loyalists
51561,0,2,235.91000000000005,0,14.0,5,2,5,525,4.0,Potential Loyalists
51562,1,1,166.96,1,0.0,5,1,3,513,3.0,Potential Loyalists
51563,5,1,120.58,1,9.0,2,1,1,211,1.3333333333333333,Lost / Hibernating
51564,8,12,188.65,0,18.0,2,5,4,254,3.6666666666666665,At Risk
51565,5,1,159.4,0,27.0,2,1,3,213,2.0,At Risk
51566,7,3,159.14,0,9.0,2,4,3,243,3.0,At Risk
51567,1,1,126.22,0,6.0,5,1,1,511,2.3333333333333335,Potential Loyalists
51568,3,1,221.85,0,10.0,4,1,5,415,3.3333333333333335,Potential Loyalists
51569,13,5,206.09,0,11.0,1,5,4,154,3.3333333333333335,At Risk
51570,4,1,143.45,0,4.0,3,1,2,312,2.0,Potential Loyalists
51571,0,1,121.77,0,9.0,5,1,1,511,2.3333333333333335,Potential Loyalists
51572,8,5,127.93,0,10.0,2,5,1,251,2.6666666666666665,At Risk
51573,1,4,179.18,0,2.0,5,4,4,544,4.333333333333333,Champions
51574,8,1,187.89,0,8.0,2,1,4,214,2.3333333333333335,At Risk
51575,1,1,123.89,1,0.0,5,1,1,511,2.3333333333333335,Potential Loyalists
51576,2,2,132.12,0,25.0,4,2,1,421,2.3333333333333335,Potential Loyalists
51577,15,11,292.32,0,15.0,1,5,5,155,3.6666666666666665,At Risk
51578,2,2,122.67,0,9.0,4,2,1,421,2.3333333333333335,Potential Loyalists
51579,6,1,295.17,0,23.0,2,1,5,215,2.6666666666666665,At Risk
51580,4,1,124.36,1,0.0,3,1,1,311,1.6666666666666667,Potential Loyalists
51581,9,2,260.64,0,16.0,1,2,5,125,2.6666666666666665,At Risk
51582,7,1,127.07,1,0.0,2,1,1,211,1.3333333333333333,Lost / Hibernating
51583,12,15,290.68,0,25.0,1,5,5,155,3.6666666666666665,At Risk
51584,2,1,139.31,0,5.0,4,1,1,411,2.0,Potential Loyalists
51585,2,1,137.3,1,0.0,4,1,1,411,2.0,Potential Loyalists
51586,2,1,122.32,0,9.0,4,1,1,411,2.0,Potential Loyalists
51587,2,2,144.65,0,5.0,4,2,2,422,2.6666666666666665,Potential Loyalists
51588,0,1,130.72,0,14.0,5,1,1,511,2.3333333333333335,Potential Loyalists
51589,7,4,133.19,0,13.0,2,4,1,241,2.3333333333333335,At Risk
51590,7,1,292.02,0,18.0,2,1,5,215,2.6666666666666665,At Risk
51591,2,2,236.75,0,4.0,4,2,5,425,3.6666666666666665,Potential Loyalists
51592,2,1,129.11,0,6.0,4,1,1,411,2.0,Potential Loyalists
51593,9,5,159.57,0,7.0,1,5,3,153,3.0,At Risk
51594,2,1,139.2,0,10.0,4,1,1,411,2.0,Potential Loyalists
51595,2,1,164.34,0,18.0,4,1,3,413,2.6666666666666665,Potential Loyalists
51596,0,1,200.48,1,0.0,5,1,4,514,3.3333333333333335,Potential Loyalists
51597,3,11,209.38,0,12.0,4,5,5,455,4.666666666666667,Champions
51598,5,1,123.4,0,2.0,2,1,1,211,1.3333333333333333,Lost / Hibernating
51599,2,1,165.45,0,15.0,4,1,3,413,2.6666666666666665,Potential Loyalists
51600,2,1,169.31,0,2.0,4,1,3,413,2.6666666666666665,Potential Loyalists
51601,2,1,148.98,0,0.0,4,1,2,412,2.3333333333333335,Potential Loyalists
51602,8,7,125.93,0,15.0,2,5,1,251,2.6666666666666665,At Risk
51603,9,3,294.36,0,13.0,1,4,5,145,3.3333333333333335,At Risk
51604,0,1,127.23,0,24.0,5,1,1,511,2.3333333333333335,Potential Loyalists
51605,4,1,134.79,1,0.0,3,1,1,311,1.6666666666666667,Potential Loyalists
51606,3,1,127.94,0,5.0,4,1,1,411,2.0,Potential Loyalists
51607,5,7,152.49,0,11.0,2,5,2,252,3.0,At Risk
51608,4,1,121.76,0,9.0,3,1,1,311,1.6666666666666667,Potential Loyalists
51609,7,7,268.72,0,19.0,2,5,5,255,4.0,At Risk
51610,0,1,134.85,1,0.0,5,1,1,511,2.3333333333333335,Potential Loyalists
51611,0,1,166.44,0,2.0,5,1,3,513,3.0,Potential Loyalists
51612,8,7,155.82,0,4.0,2,5,3,253,3.3333333333333335,At Risk
51613,5,1,140.0,0,0.0,2,1,1,211,1.3333333333333333,Lost / Hibernating
51614,10,2,234.96,0,18.0,1,2,5,125,2.6666666666666665,At Risk
51615,11,10,132.1,0,9.0,1,5,1,151,2.3333333333333335,At Risk
51616,13,4,290.45,0,28.0,1,4,5,145,3.3333333333333335,At Risk
51617,3,9,218.49,1,10.0,4,5,5,455,4.666666666666667,Champions
51618,4,1,120.7,0,9.0,3,1,1,311,1.6666666666666667,Potential Loyalists
51619,1,1,165.02,0,10.0,5,1,3,513,3.0,Potential Loyalists
51620,0,1,132.3,0,0.0,5,1,1,511,2.3333333333333335,Potential Loyalists
51621,2,2,236.03,0,10.0,4,2,5,425,3.6666666666666665,Potential Loyalists
51622,3,6,219.96,0,8.0,4,5,5,455,4.666666666666667,Champions
51623,7,7,156.05,0,11.0,2,5,3,253,3.3333333333333335,At Risk
51624,4,1,163.97,0,0.0,3,1,3,313,2.3333333333333335,Potential Loyalists
51625,6,1,291.44,0,23.0,2,1,5,215,2.6666666666666665,At Risk
51626,3,1,275.84,0,26.0,4,1,5,415,3.3333333333333335,Potential Loyalists
51627,6,11,149.07,0,15.0,2,5,2,252,3.0,At Risk
51628,9,1,145.54,0,2.0,1,1,2,112,1.3333333333333333,Lost / Hibernating
51629,8,1,154.15,0,28.0,2,1,3,213,2.0,At Risk
51630,3,3,147.41,0,0.0,4,4,2,442,3.3333333333333335,Loyal Customers
51631,7,5,121.15,0,9.0,2,5,1,251,2.6666666666666665,At Risk
51632,0,1,131.61,1,7.0,5,1,1,511,2.3333333333333335,Potential Loyalists
51633,2,1,157.45,0,11.0,4,1,3,413,2.6666666666666665,Potential Loyalists
51634,2,1,123.73,1,0.0,4,1,1,411,2.0,Potential Loyalists
51635,2,1,133.1,0,1.0,4,1,1,411,2.0,Potential Loyalists
51636,2,1,286.65,0,22.0,4,1,5,415,3.3333333333333335,Potential Loyalists
51637,7,7,144.85,0,9.0,2,5,2,252,3.0,At Risk
51638,2,2,127.89,0,4.0,4,2,1,421,2.3333333333333335,Potential Loyalists
51639,4,7,158.28,1,0.0,3,5,3,353,3.6666666666666665,Loyal Customers
51640,2,1,123.26,0,10.0,4,1,1,411,2.0,Potential Loyalists
51641,8,2,235.25,0,15.0,2,2,5,225,3.0,At Risk
51642,0,1,114.2,1,9.0,5,1,1,511,2.3333333333333335,Potential Loyalists
51643,9,6,180.2,0,8.0,1,5,4,154,3.3333333333333335,At Risk
51644,0,1,136.88,0,9.0,5,1,1,511,2.3333333333333335,Potential Loyalists
51645,2,1,154.82,0,24.0,4,1,3,413,2.6666666666666665,Potential Loyalists
51646,4,2,260.15,0,14.0,3,2,5,325,3.3333333333333335,Potential Loyalists
51647,0,1,112.0,0,9.0,5,1,1,511,2.3333333333333335,Potential Loyalists
51648,7,1,156.61,0,1.0,2,1,3,213,2.0,At Risk
51649,7,7,169.29,0,4.0,2,5,3,253,3.3333333333333335,At Risk
51650,7,3,196.13,0,12.0,2,4,4,244,3.3333333333333335,At Risk
51651,8,1,156.74,0,9.0,2,1,3,213,2.0,At Risk
51652,8,4,154.84,0,5.0,2,4,3,243,3.0,At Risk
51653,3,1,220.61,0,11.0,4,1,5,415,3.3333333333333335,Potential Loyalists
51654,2,1,156.6,0,30.0,4,1,3,413,2.6666666666666665,Potential Loyalists
51655,3,1,148.21,0,4.0,4,1,2,412,2.3333333333333335,Potential Loyalists
51656,0,1,164.1,0,4.0,5,1,3,513,3.0,Potential Loyalists
51657,11,9,152.1,0,18.0,1,5,2,152,2.6666666666666665,At Risk
51658,2,2,126.95,0,4.0,4,2,1,421,2.3333333333333335,Potential Loyalists
51659,3,8,218.78,0,6.0,4,5,5,455,4.666666666666667,Champions
51660,10,11,270.68,0,0.0,1,5,5,155,3.6666666666666665,At Risk
51661,7,1,124.55,0,16.0,2,1,1,211,1.3333333333333333,Lost / Hibernating
51662,7,2,239.64,0,22.0,2,2,5,225,3.0,At Risk
51663,7,7,149.41,1,15.0,2,5,2,252,3.0,At Risk
51664,2,1,124.78,0,0.0,4,1,1,411,2.0,Potential Loyalists
51665,9,11,152.28,0,5.0,1,5,2,152,2.6666666666666665,At Risk
51666,4,1,144.78,0,0.0,3,1,2,312,2.0,Potential Loyalists
51667,7,1,175.47,0,4.0,2,1,4,214,2.3333333333333335,At Risk
51668,7,1,150.55,0,5.0,2,1,2,212,1.6666666666666667,Lost / Hibernating
51669,2,2,134.64,1,0.0,4,2,1,421,2.3333333333333335,Potential Loyalists
51670,9,1,157.75,0,3.0,1,1,3,113,1.6666666666666667,At Risk
51671,9,8,189.43,0,4.0,1,5,4,154,3.3333333333333335,At Risk
51672,3,13,292.72,0,12.0,4,5,5,455,4.666666666666667,Champions
51673,0,1,152.38,1,2.0,5,1,2,512,2.6666666666666665,Potential Loyalists
51674,1,1,146.82,0,6.0,5,1,2,512,2.6666666666666665,Potential Loyalists
51675,1,1,283.0,0,20.0,5,1,5,515,3.6666666666666665,Potential Loyalists
51676,0,1,152.57,0,16.0,5,1,2,512,2.6666666666666665,Potential Loyalists
51677,4,1,163.49,0,0.0,3,1,3,313,2.3333333333333335,Potential Loyalists
51678,3,1,148.69,0,27.0,4,1,2,412,2.3333333333333335,Potential Loyalists
51679,0,1,199.85,0,16.0,5,1,4,514,3.3333333333333335,Potential Loyalists
51680,8,9,136.97,0,18.0,2,5,1,251,2.6666666666666665,At Risk
51681,2,1,174.57,0,13.0,4,1,4,414,3.0,Potential Loyalists
51682,7,1,121.19,1,9.0,2,1,1,211,1.3333333333333333,Lost / Hibernating
51683,2,2,139.83,0,2.0,4,2,1,421,2.3333333333333335,Potential Loyalists
51684,2,1,161.18,0,3.0,4,1,3,413,2.6666666666666665,Potential Loyalists
51685,7,1,162.14,0,0.0,2,1,3,213,2.0,At Risk
51686,4,1,163.47,0,10.0,3,1,3,313,2.3333333333333335,Potential Loyalists
51687,3,2,215.1,0,11.0,4,2,5,425,3.6666666666666665,Potential Loyalists
51688,10,4,171.43,0,4.0,1,4,3,143,2.6666666666666665,At Risk
51689,7,1,182.68,0,2.0,2,1,4,214,2.3333333333333335,At Risk
51690,13,1,180.95,0,8.0,1,1,4,114,2.0,At Risk
51691,2,1,129.04,0,0.0,4,1,1,411,2.0,Potential Loyalists
51692,2,1,160.32,0,14.0,4,1,3,413,2.6666666666666665,Potential Loyalists
51693,0,1,129.76,0,20.0,5,1,1,511,2.3333333333333335,Potential Loyalists
51694,0,2,259.92,0,15.0,5,2,5,525,4.0,Potential Loyalists
51695,2,1,146.49,0,2.0,4,1,2,412,2.3333333333333335,Potential Loyalists
51696,0,1,126.96,0,15.0,5,1,1,511,2.3333333333333335,Potential Loyalists
51697,7,1,123.7,0,5.0,2,1,1,211,1.3333333333333333,Lost / Hibernating
51698,3,1,225.04,0,21.0,4,1,5,415,3.3333333333333335,Potential Loyalists
51699,7,6,159.74,0,10.0,2,5,3,253,3.3333333333333335,At Risk
51700,2,2,147.36,0,3.0,4,2,2,422,2.6666666666666665,Potential Loyalists
51701,7,7,152.96,0,0.0,2,5,2,252,3.0,At Risk
51702,0,1,167.81,0,15.0,5,1,3,513,3.0,Potential Loyalists
51703,2,1,121.74,1,9.0,4,1,1,411,2.0,Potential Loyalists
51704,0,1,166.53,0,9.0,5,1,3,513,3.0,Potential Loyalists
51705,12,1,196.99,0,9.0,1,1,4,114,2.0,At Risk
51706,2,1,167.55,0,30.0,4,1,3,413,2.6666666666666665,Potential Loyalists
51707,7,1,122.13,0,9.0,2,1,1,211,1.3333333333333333,Lost / Hibernating
51708,2,2,126.1,0,0.0,4,2,1,421,2.3333333333333335,Potential Loyalists
51709,0,1,128.51,1,0.0,5,1,1,511,2.3333333333333335,Potential Loyalists
51710,3,1,134.52,0,10.0,4,1,1,411,2.0,Potential Loyalists
51711,0,1,152.58,0,19.0,5,1,2,512,2.6666666666666665,Potential Loyalists
51712,7,7,193.55,1,4.0,2,5,4,254,3.6666666666666665,At Risk
51713,3,1,204.96,0,23.0,4,1,4,414,3.0,Potential Loyalists
51714,0,1,163.8,1,3.0,5,1,3,513,3.0,Potential Loyalists
51715,2,2,126.57,0,4.0,4,2,1,421,2.3333333333333335,Potential Loyalists
51716,0,1,127.16,1,0.0,5,1,1,511,2.3333333333333335,Potential Loyalists
51717,2,1,122.01,0,9.0,4,1,1,411,2.0,Potential Loyalists
51718,0,1,165.4,0,8.0,5,1,3,513,3.0,Potential Loyalists
51719,4,1,138.16,0,0.0,3,1,1,311,1.6666666666666667,Potential Loyalists
51720,7,1,152.53,0,1.0,2,1,2,212,1.6666666666666667,Lost / Hibernating
51721,3,1,209.65,0,22.0,4,1,5,415,3.3333333333333335,Potential Loyalists
51722,7,1,149.36,0,24.0,2,1,2,212,1.6666666666666667,Lost / Hibernating
51723,2,2,125.43,0,9.0,4,2,1,421,2.3333333333333335,Potential Loyalists
51724,4,1,153.04,1,0.0,3,1,2,312,2.0,Potential Loyalists
51725,2,1,266.59,0,28.0,4,1,5,415,3.3333333333333335,Potential Loyalists
51726,3,1,142.6,0,0.0,4,1,2,412,2.3333333333333335,Potential Loyalists
51727,0,1,124.76,0,3.0,5,1,1,511,2.3333333333333335,Potential Loyalists
51728,4,1,131.02,1,0.0,3,1,1,311,1.6666666666666667,Potential Loyalists
51729,2,1,122.44,0,9.0,4,1,1,411,2.0,Potential Loyalists
51730,0,9,175.96,0,9.0,5,5,4,554,4.666666666666667,Champions
51731,0,1,122.85,1,9.0,5,1,1,511,2.3333333333333335,Potential Loyalists
51732,17,12,130.34,0,10.0,1,5,1,151,2.3333333333333335,At Risk
51733,3,1,157.15,0,13.0,4,1,3,413,2.6666666666666665,Potential Loyalists
51734,2,1,125.76,0,15.0,4,1,1,411,2.0,Potential Loyalists
51735,1,1,141.97,0,10.0,5,1,2,512,2.6666666666666665,Potential Loyalists
51736,9,2,243.36,0,16.0,1,2,5,125,2.6666666666666665,At Risk
51737,0,1,134.48,0,13.0,5,1,1,511,2.3333333333333335,Potential Loyalists
51738,2,1,294.06,0,27.0,4,1,5,415,3.3333333333333335,Potential Loyalists
51739,2,1,165.38,0,7.0,4,1,3,413,2.6666666666666665,Potential Loyalists
51740,12,3,143.06,0,4.0,1,4,2,142,2.3333333333333335,At Risk
51741,2,1,122.58,0,9.0,4,1,1,411,2.0,Potential Loyalists
51742,2,1,145.22,0,16.0,4,1,2,412,2.3333333333333335,Potential Loyalists
51743,3,1,144.87,0,0.0,4,1,2,412,2.3333333333333335,Potential Loyalists
51744,7,10,144.49,0,10.0,2,5,2,252,3.0,At Risk
51745,2,3,122.18,0,9.0,4,4,1,441,3.0,Loyal Customers
51746,6,1,291.97,0,12.0,2,1,5,215,2.6666666666666665,At Risk
51747,7,2,232.12,0,29.0,2,2,5,225,3.0,At Risk
51748,4,4,165.77,0,3.0,3,4,3,343,3.3333333333333335,Loyal Customers
51749,7,1,183.92,0,14.0,2,1,4,214,2.3333333333333335,At Risk
51750,8,1,145.58,0,1.0,2,1,2,212,1.6666666666666667,Lost / Hibernating
51751,2,1,140.31,1,0.0,4,1,1,411,2.0,Potential Loyalists
51752,4,1,179.69,0,25.0,3,1,4,314,2.6666666666666665,Potential Loyalists
51753,2,1,126.54,0,18.0,4,1,1,411,2.0,Potential Loyalists
51754,4,1,265.55,0,25.0,3,1,5,315,3.0,Potential Loyalists
51755,2,1,145.56,0,15.0,4,1,2,412,2.3333333333333335,Potential Loyalists
51756,2,1,160.91,0,3.0,4,1,3,413,2.6666666666666665,Potential Loyalists
51757,10,11,295.66,0,30.0,1,5,5,155,3.6666666666666665,At Risk
51758,8,1,148.1,0,19.0,2,1,2,212,1.6666666666666667,Lost / Hibernating
51759,4,1,145.23,0,15.0,3,1,2,312,2.0,Potential Loyalists
51760,4,1,132.02,1,0.0,3,1,1,311,1.6666666666666667,Potential Loyalists
51761,0,1,123.51,1,0.0,5,1,1,511,2.3333333333333335,Potential Loyalists
51762,0,1,117.02,0,9.0,5,1,1,511,2.3333333333333335,Potential Loyalists
51763,12,1,280.41,0,13.0,1,1,5,115,2.3333333333333335,At Risk
51764,2,1,128.86,0,0.0,4,1,1,411,2.0,Potential Loyalists
51765,4,1,120.97,0,9.0,3,1,1,311,1.6666666666666667,Potential Loyalists
51766,3,1,219.35,0,2.0,4,1,5,415,3.3333333333333335,Potential Loyalists
51767,1,1,125.46,1,0.0,5,1,1,511,2.3333333333333335,Potential Loyalists
51768,0,1,125.64,1,0.0,5,1,1,511,2.3333333333333335,Potential Loyalists
51769,8,7,184.12,0,3.0,2,5,4,254,3.6666666666666665,At Risk
51770,0,2,241.18,0,30.0,5,2,5,525,4.0,Potential Loyalists
51771,7,15,270.46,0,23.0,2,5,5,255,4.0,At Risk
51772,7,6,125.64,0,3.0,2,5,1,251,2.6666666666666665,At Risk
51773,11,13,202.66,0,30.0,1,5,4,154,3.3333333333333335,At Risk
51774,4,1,150.7,0,20.0,3,1,2,312,2.0,Potential Loyalists
51775,1,1,278.61,0,19.0,5,1,5,515,3.6666666666666665,Potential Loyalists
51776,3,4,142.3,0,8.0,4,4,2,442,3.3333333333333335,Loyal Customers
51777,0,1,137.8,0,27.0,5,1,1,511,2.3333333333333335,Potential Loyalists
51778,7,5,127.68,0,7.0,2,5,1,251,2.6666666666666665,At Risk
51779,2,1,190.71,0,5.0,4,1,4,414,3.0,Potential Loyalists
51780,8,1,206.48,0,4.0,2,1,4,214,2.3333333333333335,At Risk
51781,7,2,236.1,1,0.0,2,2,5,225,3.0,At Risk
51782,3,1,134.08,1,0.0,4,1,1,411,2.0,Potential Loyalists
51783,2,1,129.83,0,3.0,4,1,1,411,2.0,Potential Loyalists
51784,0,1,176.32,0,8.0,5,1,4,514,3.3333333333333335,Potential Loyalists
51785,0,1,198.24,1,0.0,5,1,4,514,3.3333333333333335,Potential Loyalists
51786,2,1,199.5,1,0.0,4,1,4,414,3.0,Potential Loyalists
51787,0,2,120.93,0,9.0,5,2,1,521,2.6666666666666665,Potential Loyalists
51788,7,9,199.8,0,9.0,2,5,4,254,3.6666666666666665,At Risk
51789,2,1,138.94,1,0.0,4,1,1,411,2.0,Potential Loyalists
51790,7,6,140.51,0,21.0,2,5,1,251,2.6666666666666665,At Risk
51791,8,7,268.35,0,28.0,2,5,5,255,4.0,At Risk
51792,10,1,162.3,0,14.0,1,1,3,113,1.6666666666666667,At Risk
51793,9,6,147.17,0,8.0,1,5,2,152,2.6666666666666665,At Risk
51794,13,2,232.37,0,13.0,1,2,5,125,2.6666666666666665,At Risk
51795,7,1,137.55,0,12.0,2,1,1,211,1.3333333333333333,Lost / Hibernating
51796,5,1,165.82,0,4.0,2,1,3,213,2.0,At Risk
51797,8,5,174.06,0,15.0,2,5,4,254,3.6666666666666665,At Risk
51798,7,3,148.05,0,18.0,2,4,2,242,2.6666666666666665,At Risk
51799,0,1,127.41,1,0.0,5,1,1,511,2.3333333333333335,Potential Loyalists
51800,2,1,142.62,0,2.0,4,1,2,412,2.3333333333333335,Potential Loyalists
51801,5,1,261.84,0,6.0,2,1,5,215,2.6666666666666665,At Risk
51802,3,1,215.57,0,4.0,4,1,5,415,3.3333333333333335,Potential Loyalists
51803,0,1,118.78,1,9.0,5,1,1,511,2.3333333333333335,Potential Loyalists
51804,3,1,209.32,0,13.0,4,1,5,415,3.3333333333333335,Potential Loyalists
51805,7,1,168.11,0,14.0,2,1,3,213,2.0,At Risk
51806,0,1,143.06,0,0.0,5,1,2,512,2.6666666666666665,Potential Loyalists
51807,3,1,148.59,0,8.0,4,1,2,412,2.3333333333333335,Potential Loyalists
51808,7,5,153.37,0,7.0,2,5,2,252,3.0,At Risk
51809,0,1,123.4,1,0.0,5,2,1,521,2.6666666666666665,Potential Loyalists
51810,2,1,174.91,0,10.0,4,2,4,424,3.3333333333333335,Potential Loyalists
51811,2,1,205.27,0,19.0,4,2,4,424,3.3333333333333335,Potential Loyalists
51812,8,11,265.95,0,14.0,2,5,5,255,4.0,At Risk
51813,7,7,188.34,0,10.0,2,5,4,254,3.6666666666666665,At Risk
51814,9,6,155.77,0,25.0,1,5,3,153,3.0,At Risk
51815,2,1,147.07,1,0.0,4,2,2,422,2.6666666666666665,Potential Loyalists
51816,1,2,124.0,0,0.0,5,2,1,521,2.6666666666666665,Potential Loyalists
51817,0,1,198.24,0,11.0,5,2,4,524,3.6666666666666665,Potential Loyalists
51818,3,4,164.47,0,10.0,4,4,3,443,3.6666666666666665,Loyal Customers
51819,9,1,295.02,0,22.0,1,2,5,125,2.6666666666666665,At Risk
51820,4,1,127.25,0,0.0,3,2,1,321,2.0,Potential Loyalists
51821,4,1,162.72,0,0.0,3,2,3,323,2.6666666666666665,Potential Loyalists
51822,0,1,121.27,0,9.0,5,2,1,521,2.6666666666666665,Potential Loyalists
51823,7,10,282.0,0,23.0,2,5,5,255,4.0,At Risk
51824,6,1,120.96,0,9.0,2,2,1,221,1.6666666666666667,Lost / Hibernating
51825,2,1,128.86,1,0.0,4,2,1,421,2.3333333333333335,Potential Loyalists
51826,0,1,120.33,1,9.0,5,2,1,521,2.6666666666666665,Potential Loyalists
51827,3,1,136.22,0,7.0,4,2,1,421,2.3333333333333335,Potential Loyalists
51828,2,1,142.33,1,0.0,4,2,2,422,2.6666666666666665,Potential Loyalists
51829,2,1,136.81,0,8.0,4,2,1,421,2.3333333333333335,Potential Loyalists
51830,7,5,154.6,0,4.0,2,5,3,253,3.3333333333333335,At Risk
51831,3,1,121.87,0,9.0,4,2,1,421,2.3333333333333335,Potential Loyalists
51832,0,1,196.02,0,10.0,5,2,4,524,3.6666666666666665,Potential Loyalists
51833,0,1,128.36,0,0.0,5,2,1,521,2.6666666666666665,Potential Loyalists
51834,2,2,140.89,0,15.0,4,2,2,422,2.6666666666666665,Potential Loyalists
51835,0,1,266.27,0,16.0,5,2,5,525,4.0,Potential Loyalists
51836,0,1,126.19,0,11.0,5,2,1,521,2.6666666666666665,Potential Loyalists
51837,7,4,156.79,0,16.0,2,4,3,243,3.0,At Risk
51838,2,2,254.02,0,21.0,4,2,5,425,3.6666666666666665,Potential Loyalists
51839,2,1,159.85,0,17.0,4,2,3,423,3.0,Potential Loyalists
51840,6,1,125.79,0,7.0,2,2,1,221,1.6666666666666667,Lost / Hibernating
51841,2,1,130.41,1,0.0,4,2,1,421,2.3333333333333335,Potential Loyalists
51842,2,1,134.47,0,0.0,4,2,1,421,2.3333333333333335,Potential Loyalists
51843,1,1,295.13,0,17.0,5,2,5,525,4.0,Potential Loyalists
51844,2,2,127.73,0,0.0,4,2,1,421,2.3333333333333335,Potential Loyalists
51845,2,1,171.04,0,6.0,4,2,3,423,3.0,Potential Loyalists
51846,5,1,163.22,0,5.0,2,2,3,223,2.3333333333333335,At Risk
51847,0,1,120.83,0,9.0,5,2,1,521,2.6666666666666665,Potential Loyalists
51848,10,8,183.81,0,26.0,1,5,4,154,3.3333333333333335,At Risk
51849,8,8,126.91,0,7.0,2,5,1,251,2.6666666666666665,At Risk
51850,0,1,142.86,1,8.0,5,2,2,522,3.0,Potential Loyalists
51851,2,1,56.0,0,0.0,4,2,1,421,2.3333333333333335,Potential Loyalists
51852,8,7,194.34,0,10.0,2,5,4,254,3.6666666666666665,At Risk
51853,2,1,155.61,0,2.0,4,2,3,423,3.0,Potential Loyalists
51854,8,11,166.46,0,8.0,2,5,3,253,3.3333333333333335,At Risk
51855,7,4,177.25,0,6.0,2,4,4,244,3.3333333333333335,At Risk
51856,1,7,207.25,0,27.0,5,5,4,554,4.666666666666667,Champions
51857,2,1,188.47,0,9.0,4,2,4,424,3.3333333333333335,Potential Loyalists
51858,1,1,120.45,0,9.0,5,2,1,521,2.6666666666666665,Potential Loyalists
51859,1,1,110.09,1,0.0,5,2,1,521,2.6666666666666665,Potential Loyalists
51860,7,9,133.48,1,0.0,2,5,1,251,2.6666666666666665,At Risk
51861,0,1,112.81,0,9.0,5,2,1,521,2.6666666666666665,Potential Loyalists
51862,2,1,128.19,0,0.0,4,2,1,421,2.3333333333333335,Potential Loyalists
51863,2,1,148.51,0,0.0,4,2,2,422,2.6666666666666665,Potential Loyalists
51864,5,1,140.28,0,11.0,2,2,1,221,1.6666666666666667,Lost / Hibernating
51865,8,2,127.2,0,2.0,2,2,1,221,1.6666666666666667,Lost / Hibernating
51866,2,2,181.2,0,21.0,4,2,4,424,3.3333333333333335,Potential Loyalists
51867,4,1,146.47,0,0.0,3,2,2,322,2.3333333333333335,Potential Loyalists
51868,0,1,146.8,0,10.0,5,2,2,522,3.0,Potential Loyalists
51869,8,3,132.21,0,23.0,2,4,1,241,2.3333333333333335,At Risk
51870,7,7,186.21,0,7.0,2,5,4,254,3.6666666666666665,At Risk
51871,0,2,145.77,1,0.0,5,2,2,522,3.0,Potential Loyalists
51872,10,11,145.53,0,12.0,1,5,2,152,2.6666666666666665,At Risk
51873,8,1,153.96,0,5.0,2,2,3,223,2.3333333333333335,At Risk
51874,3,1,167.96,1,13.0,4,2,3,423,3.0,Potential Loyalists
51875,8,1,176.25,0,11.0,2,2,4,224,2.6666666666666665,At Risk
51876,7,1,174.12,0,0.0,2,2,4,224,2.6666666666666665,At Risk
51877,3,7,211.59,0,5.0,4,5,5,455,4.666666666666667,Champions
51878,7,1,149.6,0,20.0,2,2,2,222,2.0,Lost / Hibernating
51879,12,1,204.75,0,13.0,1,2,4,124,2.3333333333333335,At Risk
51880,3,2,248.14,0,26.0,4,2,5,425,3.6666666666666665,Potential Loyalists
51881,6,12,291.41,0,14.0,2,5,5,255,4.0,At Risk
51882,2,2,154.05,0,30.0,4,2,3,423,3.0,Potential Loyalists
51883,7,1,187.93,0,0.0,2,2,4,224,2.6666666666666665,At Risk
51884,10,2,291.89,0,14.0,1,2,5,125,2.6666666666666665,At Risk
51885,2,2,138.75,0,23.0,4,2,1,421,2.3333333333333335,Potential Loyalists
51886,7,3,122.16,1,9.0,2,4,1,241,2.3333333333333335,At Risk
51887,3,1,217.13,0,9.0,4,2,5,425,3.6666666666666665,Potential Loyalists
51888,0,1,178.61,0,11.0,5,2,4,524,3.6666666666666665,Potential Loyalists
51889,4,1,137.08,0,17.0,3,2,1,321,2.0,Potential Loyalists
51890,13,2,237.7,0,20.0,1,2,5,125,2.6666666666666665,At Risk
51891,7,7,153.04,0,3.0,2,5,2,252,3.0,At Risk
51892,0,1,126.42,0,2.0,5,2,1,521,2.6666666666666665,Potential Loyalists
51893,2,2,127.59,1,5.0,4,2,1,421,2.3333333333333335,Potential Loyalists
51894,2,2,168.04,0,16.0,4,2,3,423,3.0,Potential Loyalists
51895,3,4,161.42,0,7.0,4,4,3,443,3.6666666666666665,Loyal Customers
51896,2,1,125.0,0,0.0,4,2,1,421,2.3333333333333335,Potential Loyalists
51897,6,3,163.89,0,12.0,2,4,3,243,3.0,At Risk
51898,3,1,211.03,0,29.0,4,2,5,425,3.6666666666666665,Potential Loyalists
51899,3,2,123.42,0,13.0,4,2,1,421,2.3333333333333335,Potential Loyalists
51900,7,1,168.11,0,0.0,2,2,3,223,2.3333333333333335,At Risk
51901,2,2,122.97,0,9.0,4,2,1,421,2.3333333333333335,Potential Loyalists
51902,2,2,124.5,0,26.0,4,2,1,421,2.3333333333333335,Potential Loyalists
51903,0,1,150.93,0,8.0,5,2,2,522,3.0,Potential Loyalists
51904,7,4,153.09,0,5.0,2,4,2,242,2.6666666666666665,At Risk
51905,1,1,130.57,0,11.0,5,2,1,521,2.6666666666666665,Potential Loyalists
51906,0,1,151.21,0,7.0,5,2,2,522,3.0,Potential Loyalists
51907,16,1,268.56,0,25.0,1,2,5,125,2.6666666666666665,At Risk
51908,8,7,126.86,1,0.0,2,5,1,251,2.6666666666666665,At Risk
51909,4,1,161.8,0,0.0,3,2,3,323,2.6666666666666665,Potential Loyalists
51910,1,3,166.32,0,18.0,5,4,3,543,4.0,Loyal Customers
51911,2,1,135.05,0,0.0,4,2,1,421,2.3333333333333335,Potential Loyalists
51912,3,1,163.97,1,10.0,4,2,3,423,3.0,Potential Loyalists
51913,4,1,162.74,0,7.0,3,2,3,323,2.6666666666666665,Potential Loyalists
51914,4,1,298.59,1,18.0,3,2,5,325,3.3333333333333335,Potential Loyalists
51915,9,1,175.87,0,9.0,1,2,4,124,2.3333333333333335,At Risk
51916,2,1,142.58,0,25.0,4,2,2,422,2.6666666666666665,Potential Loyalists
51917,0,2,143.64,0,0.0,5,2,2,522,3.0,Potential Loyalists
51918,1,1,143.35,0,2.0,5,2,2,522,3.0,Potential Loyalists
51919,2,1,153.26,1,0.0,4,2,2,422,2.6666666666666665,Potential Loyalists
51920,3,1,132.8,0,7.0,4,2,1,421,2.3333333333333335,Potential Loyalists
51921,4,1,154.85,0,27.0,3,2,3,323,2.6666666666666665,Potential Loyalists
51922,1,1,143.42,0,0.0,5,2,2,522,3.0,Potential Loyalists
51923,3,4,127.82,0,10.0,4,4,1,441,3.0,Loyal Customers
51924,12,4,159.8,0,11.0,1,4,3,143,2.6666666666666665,At Risk
51925,3,1,143.81,0,7.0,4,2,2,422,2.6666666666666665,Potential Loyalists
51926,2,1,125.72,0,8.0,4,2,1,421,2.3333333333333335,Potential Loyalists
51927,2,1,138.33,0,3.0,4,2,1,421,2.3333333333333335,Potential Loyalists
51928,7,3,142.44,0,13.0,2,4,2,242,2.6666666666666665,At Risk
51929,2,1,165.0,0,7.0,4,2,3,423,3.0,Potential Loyalists
51930,9,14,284.3,0,15.0,1,5,5,155,3.6666666666666665,At Risk
51931,0,1,116.01,1,9.0,5,2,1,521,2.6666666666666665,Potential Loyalists
51932,0,1,126.94,0,0.0,5,2,1,521,2.6666666666666665,Potential Loyalists
51933,4,1,131.49,0,25.0,3,2,1,321,2.0,Potential Loyalists
51934,3,1,276.39,0,23.0,4,2,5,425,3.6666666666666665,Potential Loyalists
51935,0,1,123.19,1,0.0,5,2,1,521,2.6666666666666665,Potential Loyalists
51936,3,3,216.91000000000005,0,6.0,4,4,5,445,4.333333333333333,Champions
51937,2,1,153.24,1,0.0,4,2,2,422,2.6666666666666665,Potential Loyalists
51938,0,3,267.52,0,20.0,5,4,5,545,4.666666666666667,Champions
51939,5,1,152.28,0,9.0,2,2,2,222,2.0,Lost / Hibernating
51940,7,1,127.0,0,2.0,2,2,1,221,1.6666666666666667,Lost / Hibernating
51941,8,13,292.46,1,20.0,2,5,5,255,4.0,At Risk
51942,2,2,125.06,0,8.0,4,2,1,421,2.3333333333333335,Potential Loyalists
51943,2,1,160.62,0,15.0,4,2,3,423,3.0,Potential Loyalists
51944,1,2,143.82,1,0.0,5,2,2,522,3.0,Potential Loyalists
51945,4,1,121.43,0,9.0,3,2,1,321,2.0,Potential Loyalists
51946,8,6,161.62,0,5.0,2,5,3,253,3.3333333333333335,At Risk
51947,0,1,150.94,0,13.0,5,2,2,522,3.0,Potential Loyalists
51948,0,1,168.77,0,3.0,5,2,3,523,3.3333333333333335,Potential Loyalists
51949,0,1,122.74,0,9.0,5,2,1,521,2.6666666666666665,Potential Loyalists
51950,8,7,144.34,0,15.0,2,5,2,252,3.0,At Risk
51951,2,1,162.88,0,11.0,4,2,3,423,3.0,Potential Loyalists
51952,3,1,125.53,0,7.0,4,2,1,421,2.3333333333333335,Potential Loyalists
51953,7,7,176.54,1,12.0,2,5,4,254,3.6666666666666665,At Risk
51954,3,7,151.6,1,18.0,4,5,2,452,3.6666666666666665,Loyal Customers
51955,0,1,271.59,0,16.0,5,2,5,525,4.0,Potential Loyalists
51956,3,1,228.08,0,0.0,4,2,5,425,3.6666666666666665,Potential Loyalists
51957,6,1,202.21,0,8.0,2,2,4,224,2.6666666666666665,At Risk
51958,5,7,147.79,0,1.0,2,5,2,252,3.0,At Risk
51959,2,1,137.37,0,7.0,4,2,1,421,2.3333333333333335,Potential Loyalists
51960,7,1,123.66,1,0.0,2,2,1,221,1.6666666666666667,Lost / Hibernating
51961,0,1,117.06,0,9.0,5,2,1,521,2.6666666666666665,Potential Loyalists
51962,17,4,263.07,0,24.0,1,4,5,145,3.3333333333333335,At Risk
51963,3,2,159.33,0,17.0,4,2,3,423,3.0,Potential Loyalists
51964,1,1,134.24,0,0.0,5,2,1,521,2.6666666666666665,Potential Loyalists
51965,8,1,140.37,0,6.0,2,2,1,221,1.6666666666666667,Lost / Hibernating
51966,1,1,125.59,0,8.0,5,2,1,521,2.6666666666666665,Potential Loyalists
51967,11,4,162.01,0,9.0,1,4,3,143,2.6666666666666665,At Risk
51968,3,1,144.03,0,5.0,4,2,2,422,2.6666666666666665,Potential Loyalists
51969,3,1,137.61,0,3.0,4,2,1,421,2.3333333333333335,Potential Loyalists
51970,3,1,209.34,0,26.0,4,2,5,425,3.6666666666666665,Potential Loyalists
51971,2,1,207.61,0,18.0,4,2,4,424,3.3333333333333335,Potential Loyalists
51972,3,1,151.75,0,5.0,4,2,2,422,2.6666666666666665,Potential Loyalists
51973,0,2,238.26,0,25.0,5,2,5,525,4.0,Potential Loyalists
51974,0,1,163.34,0,10.0,5,2,3,523,3.3333333333333335,Potential Loyalists
51975,4,1,149.36,0,1.0,3,2,2,322,2.3333333333333335,Potential Loyalists
51976,2,2,147.75,0,0.0,4,2,2,422,2.6666666666666665,Potential Loyalists
51977,2,1,128.18,0,17.0,4,2,1,421,2.3333333333333335,Potential Loyalists
51978,2,2,125.15,0,15.0,4,2,1,421,2.3333333333333335,Potential Loyalists
51979,3,1,123.42,0,9.0,4,2,1,421,2.3333333333333335,Potential Loyalists
51980,3,1,141.94,0,0.0,4,2,2,422,2.6666666666666665,Potential Loyalists
51981,15,5,206.85,0,8.0,1,5,4,154,3.3333333333333335,At Risk
51982,8,7,120.22,1,9.0,2,5,1,251,2.6666666666666665,At Risk
51983,2,1,123.14,0,5.0,4,2,1,421,2.3333333333333335,Potential Loyalists
51984,3,1,142.56,0,0.0,4,2,2,422,2.6666666666666665,Potential Loyalists
51985,2,1,135.8,0,22.0,4,2,1,421,2.3333333333333335,Potential Loyalists
51986,4,3,131.62,0,0.0,3,4,1,341,2.6666666666666665,Loyal Customers
51987,3,5,165.24,0,5.0,4,5,3,453,4.0,Loyal Customers
51988,2,1,128.99,0,11.0,4,2,1,421,2.3333333333333335,Potential Loyalists
51989,3,1,152.31,0,15.0,4,2,2,422,2.6666666666666665,Potential Loyalists
51990,2,1,123.56,0,4.0,4,2,1,421,2.3333333333333335,Potential Loyalists
51991,2,1,128.0,1,0.0,4,2,1,421,2.3333333333333335,Potential Loyalists
51992,3,2,218.36,0,26.0,4,2,5,425,3.6666666666666665,Potential Loyalists
51993,8,4,209.03,0,8.0,2,4,5,245,3.6666666666666665,At Risk
51994,0,1,129.73,0,10.0,5,2,1,521,2.6666666666666665,Potential Loyalists
51995,8,2,242.75,0,26.0,2,2,5,225,3.0,At Risk
51996,2,2,155.62,0,16.0,4,2,3,423,3.0,Potential Loyalists
51997,7,7,145.37,0,20.0,2,5,2,252,3.0,At Risk
51998,9,1,176.42,0,10.0,1,2,4,124,2.3333333333333335,At Risk
51999,7,14,279.24,0,23.0,2,5,5,255,4.0,At Risk
52000,4,1,152.04,0,12.0,3,2,2,322,2.3333333333333335,Potential Loyalists
52001,3,1,122.77,0,9.0,4,2,1,421,2.3333333333333335,Potential Loyalists
52002,1,1,127.95,1,0.0,5,2,1,521,2.6666666666666665,Potential Loyalists
52003,3,1,125.32,0,2.0,4,2,1,421,2.3333333333333335,Potential Loyalists
52004,1,7,125.59,0,17.0,5,5,1,551,3.6666666666666665,Loyal Customers
52005,2,1,149.08,0,1.0,4,2,2,422,2.6666666666666665,Potential Loyalists
52006,0,1,123.8,1,20.0,5,2,1,521,2.6666666666666665,Potential Loyalists
52007,0,1,147.65,0,16.0,5,2,2,522,3.0,Potential Loyalists
52008,2,1,120.44,1,9.0,4,2,1,421,2.3333333333333335,Potential Loyalists
52009,0,1,126.93,1,0.0,5,2,1,521,2.6666666666666665,Potential Loyalists
52010,11,4,165.86,0,9.0,1,4,3,143,2.6666666666666665,At Risk
52011,2,1,132.94,0,20.0,4,2,1,421,2.3333333333333335,Potential Loyalists
52012,2,1,141.71,1,0.0,4,2,2,422,2.6666666666666665,Potential Loyalists
52013,0,1,127.78,1,4.0,5,2,1,521,2.6666666666666665,Potential Loyalists
52014,2,2,123.77,0,1.0,4,2,1,421,2.3333333333333335,Potential Loyalists
52015,2,2,124.04,1,2.0,4,2,1,421,2.3333333333333335,Potential Loyalists
52016,0,1,123.18,0,0.0,5,2,1,521,2.6666666666666665,Potential Loyalists
52017,0,1,120.08,0,9.0,5,2,1,521,2.6666666666666665,Potential Loyalists
52018,3,1,162.44,0,15.0,4,2,3,423,3.0,Potential Loyalists
52019,2,1,127.99,0,6.0,4,2,1,421,2.3333333333333335,Potential Loyalists
52020,4,1,205.52,0,30.0,3,2,4,324,3.0,Potential Loyalists
52021,2,5,123.29,0,4.0,4,5,1,451,3.3333333333333335,Loyal Customers
52022,7,1,140.14,0,8.0,2,2,1,221,1.6666666666666667,Lost / Hibernating
52023,7,1,174.03,0,22.0,2,2,4,224,2.6666666666666665,At Risk
52024,0,1,122.59,0,9.0,5,2,1,521,2.6666666666666665,Potential Loyalists
52025,0,1,169.32,0,4.0,5,2,3,523,3.3333333333333335,Potential Loyalists
52026,1,1,146.78,0,9.0,5,2,2,522,3.0,Potential Loyalists
52027,11,2,235.82,0,11.0,1,2,5,125,2.6666666666666665,At Risk
52028,2,1,123.32,0,5.0,4,2,1,421,2.3333333333333335,Potential Loyalists
52029,0,1,124.13,1,0.0,5,2,1,521,2.6666666666666665,Potential Loyalists
52030,0,1,197.05,0,13.0,5,2,4,524,3.6666666666666665,Potential Loyalists
52031,7,1,142.94,0,0.0,2,2,2,222,2.0,Lost / Hibernating
52032,17,2,147.21,0,14.0,1,2,2,122,1.6666666666666667,Lost / Hibernating
52033,9,3,125.19,0,9.0,1,4,1,141,2.0,At Risk
52034,0,1,121.21,1,9.0,5,2,1,521,2.6666666666666665,Potential Loyalists
52035,0,1,129.73,1,0.0,5,2,1,521,2.6666666666666665,Potential Loyalists
52036,5,8,158.55,0,4.0,2,5,3,253,3.3333333333333335,At Risk
52037,0,1,136.17,0,13.0,5,2,1,521,2.6666666666666665,Potential Loyalists
52038,3,6,167.25,0,5.0,4,5,3,453,4.0,Loyal Customers
52039,7,3,203.25,1,0.0,2,4,4,244,3.3333333333333335,At Risk
52040,4,1,169.49,0,6.0,3,2,3,323,2.6666666666666665,Potential Loyalists
52041,46,11,206.09,1,0.0,1,5,4,154,3.3333333333333335,At Risk
52042,8,1,144.47,0,18.0,2,2,2,222,2.0,Lost / Hibernating
52043,2,1,121.57,0,9.0,4,2,1,421,2.3333333333333335,Potential Loyalists
52044,0,1,146.01,0,8.0,5,2,2,522,3.0,Potential Loyalists
52045,8,7,270.99,0,25.0,2,5,5,255,4.0,At Risk
52046,0,1,124.79,1,20.0,5,2,1,521,2.6666666666666665,Potential Loyalists
52047,2,2,248.52,0,26.0,4,2,5,425,3.6666666666666665,Potential Loyalists
52048,7,7,172.64,0,3.0,2,5,3,253,3.3333333333333335,At Risk
52049,3,1,156.66,0,11.0,4,2,3,423,3.0,Potential Loyalists
52050,8,1,178.23,0,8.0,2,2,4,224,2.6666666666666665,At Risk
52051,7,1,178.8,0,12.0,2,2,4,224,2.6666666666666665,At Risk
52052,0,2,231.94,1,3.0,5,2,5,525,4.0,Potential Loyalists
52053,7,2,150.67,0,20.0,2,2,2,222,2.0,Lost / Hibernating
52054,7,1,150.79,0,9.0,2,2,2,222,2.0,Lost / Hibernating
52055,2,1,123.21,1,0.0,4,2,1,421,2.3333333333333335,Potential Loyalists
52056,0,6,274.44,0,6.0,5,5,5,555,5.0,Champions
52057,0,1,124.04,1,0.0,5,2,1,521,2.6666666666666665,Potential Loyalists
52058,2,1,134.52,0,6.0,4,2,1,421,2.3333333333333335,Potential Loyalists
52059,2,1,122.7,0,9.0,4,2,1,421,2.3333333333333335,Potential Loyalists
52060,3,1,273.99,0,23.0,4,2,5,425,3.6666666666666665,Potential Loyalists
52061,2,1,154.88,0,6.0,4,2,3,423,3.0,Potential Loyalists
52062,11,1,294.19,0,14.0,1,2,5,125,2.6666666666666665,At Risk
52063,2,2,128.11,0,0.0,4,2,1,421,2.3333333333333335,Potential Loyalists
52064,8,1,136.33,0,18.0,2,2,1,221,1.6666666666666667,Lost / Hibernating
52065,7,1,141.63,0,20.0,2,2,2,222,2.0,Lost / Hibernating
52066,1,1,121.32,1,9.0,5,2,1,521,2.6666666666666665,Potential Loyalists
52067,5,2,239.73,0,23.0,2,2,5,225,3.0,At Risk
52068,2,1,126.84,0,11.0,4,2,1,421,2.3333333333333335,Potential Loyalists
52069,7,1,208.45,0,19.0,2,2,4,224,2.6666666666666665,At Risk
52070,2,3,143.77,0,0.0,4,4,2,442,3.3333333333333335,Loyal Customers
52071,2,1,137.43,1,0.0,4,2,1,421,2.3333333333333335,Potential Loyalists
52072,3,1,141.48,0,4.0,4,2,2,422,2.6666666666666665,Potential Loyalists
52073,0,1,110.51,0,0.0,5,2,1,521,2.6666666666666665,Potential Loyalists
52074,8,1,207.39,0,27.0,2,2,4,224,2.6666666666666665,At Risk
52075,1,10,203.88,0,8.0,5,5,4,554,4.666666666666667,Champions
52076,3,1,214.16000000000005,0,3.0,4,2,5,425,3.6666666666666665,Potential Loyalists
52077,0,1,126.0,1,0.0,5,2,1,521,2.6666666666666665,Potential Loyalists
52078,2,1,124.22,1,0.0,4,2,1,421,2.3333333333333335,Potential Loyalists
52079,3,1,154.72,0,0.0,4,2,3,423,3.0,Potential Loyalists
52080,1,1,124.51,0,0.0,5,2,1,521,2.6666666666666665,Potential Loyalists
52081,2,2,142.4,0,21.0,4,2,2,422,2.6666666666666665,Potential Loyalists
52082,3,4,209.99,0,21.0,4,4,5,445,4.333333333333333,Champions
52083,1,2,150.03,0,14.0,5,2,2,522,3.0,Potential Loyalists
52084,3,11,227.42,0,12.0,4,5,5,455,4.666666666666667,Champions
52085,2,2,142.27,0,0.0,4,2,2,422,2.6666666666666665,Potential Loyalists
52086,2,1,139.17,0,8.0,4,2,1,421,2.3333333333333335,Potential Loyalists
52087,0,1,283.03,0,0.0,5,2,5,525,4.0,Potential Loyalists
52088,0,1,123.8,0,23.0,5,2,1,521,2.6666666666666665,Potential Loyalists
52089,3,2,237.26,0,30.0,4,2,5,425,3.6666666666666665,Potential Loyalists
52090,0,1,147.77,1,0.0,5,2,2,522,3.0,Potential Loyalists
52091,7,6,163.85,0,28.0,2,5,3,253,3.3333333333333335,At Risk
52092,10,5,299.73,0,14.0,1,5,5,155,3.6666666666666665,At Risk
52093,0,1,168.61,0,11.0,5,2,3,523,3.3333333333333335,Potential Loyalists
52094,2,2,149.69,1,0.0,4,2,2,422,2.6666666666666665,Potential Loyalists
52095,9,6,298.45,1,15.0,1,5,5,155,3.6666666666666665,At Risk
52096,11,2,233.2,0,17.0,1,2,5,125,2.6666666666666665,At Risk
52097,13,1,163.47,0,23.0,1,2,3,123,2.0,At Risk
52098,14,15,127.43,1,0.0,1,5,1,151,2.3333333333333335,At Risk
52099,8,2,208.8,0,12.0,2,2,4,224,2.6666666666666665,At Risk
52100,2,2,123.42,0,6.0,4,2,1,421,2.3333333333333335,Potential Loyalists
52101,1,1,276.5,0,18.0,5,2,5,525,4.0,Potential Loyalists
52102,7,7,140.25,0,5.0,2,5,1,251,2.6666666666666665,At Risk
52103,9,1,197.25,0,7.0,1,2,4,124,2.3333333333333335,At Risk
52104,3,1,219.04,0,30.0,4,2,5,425,3.6666666666666665,Potential Loyalists
52105,4,1,121.77,0,9.0,3,2,1,321,2.0,Potential Loyalists
52106,12,6,175.25,0,26.0,1,5,4,154,3.3333333333333335,At Risk
52107,0,1,148.34,1,0.0,5,2,2,522,3.0,Potential Loyalists
52108,2,1,120.42,1,9.0,4,2,1,421,2.3333333333333335,Potential Loyalists
52109,0,1,122.2,0,9.0,5,2,1,521,2.6666666666666665,Potential Loyalists
52110,0,1,110.52,0,1.0,5,2,1,521,2.6666666666666665,Potential Loyalists
52111,2,2,128.21,0,11.0,4,2,1,421,2.3333333333333335,Potential Loyalists
52112,7,7,292.37,0,23.0,2,5,5,255,4.0,At Risk
52113,1,1,141.07,0,10.0,5,2,2,522,3.0,Potential Loyalists
52114,5,7,183.96,0,13.0,2,5,4,254,3.6666666666666665,At Risk
52115,3,1,120.07,0,9.0,4,2,1,421,2.3333333333333335,Potential Loyalists
52116,2,2,296.27,0,19.0,4,2,5,425,3.6666666666666665,Potential Loyalists
52117,0,7,206.86,0,27.0,5,5,4,554,4.666666666666667,Champions
52118,3,1,129.42,0,29.0,4,2,1,421,2.3333333333333335,Potential Loyalists
52119,8,7,188.58,0,9.0,2,5,4,254,3.6666666666666665,At Risk
52120,2,6,267.56,0,28.0,4,5,5,455,4.666666666666667,Champions
52121,0,1,207.98,0,16.0,5,2,4,524,3.6666666666666665,Potential Loyalists
52122,2,1,123.23,1,0.0,4,2,1,421,2.3333333333333335,Potential Loyalists
52123,0,1,114.16,1,9.0,5,2,1,521,2.6666666666666665,Potential Loyalists
52124,7,1,146.15,0,19.0,2,2,2,222,2.0,Lost / Hibernating
52125,7,2,124.61,1,14.0,2,2,1,221,1.6666666666666667,Lost / Hibernating
52126,9,1,187.22,1,0.0,1,2,4,124,2.3333333333333335,At Risk
52127,3,1,139.55,0,0.0,4,2,1,421,2.3333333333333335,Potential Loyalists
52128,2,1,199.57,0,3.0,4,2,4,424,3.3333333333333335,Potential Loyalists
52129,8,1,133.76,0,14.0,2,2,1,221,1.6666666666666667,Lost / Hibernating
52130,9,1,188.23,0,11.0,1,2,4,124,2.3333333333333335,At Risk
52131,1,11,203.22,0,13.0,5,5,4,554,4.666666666666667,Champions
52132,2,1,146.21,0,0.0,4,2,2,422,2.6666666666666665,Potential Loyalists
52133,3,1,209.76,0,28.0,4,2,5,425,3.6666666666666665,Potential Loyalists
52134,7,1,136.6,0,1.0,2,2,1,221,1.6666666666666667,Lost / Hibernating
52135,6,3,204.82,1,7.0,2,4,4,244,3.3333333333333335,At Risk
52136,2,1,171.19,0,6.0,4,2,3,423,3.0,Potential Loyalists
52137,7,4,195.82,1,0.0,2,4,4,244,3.3333333333333335,At Risk
52138,8,3,145.08,1,0.0,2,4,2,242,2.6666666666666665,At Risk
52139,2,2,122.07,0,9.0,4,2,1,421,2.3333333333333335,Potential Loyalists
52140,4,1,177.56,0,7.0,3,2,4,324,3.0,Potential Loyalists
52141,0,1,166.94,0,10.0,5,2,3,523,3.3333333333333335,Potential Loyalists
52142,6,5,136.91,1,0.0,2,5,1,251,2.6666666666666665,At Risk
52143,0,1,123.77,1,0.0,5,2,1,521,2.6666666666666665,Potential Loyalists
52144,2,2,123.13,1,0.0,4,2,1,421,2.3333333333333335,Potential Loyalists
52145,7,13,276.65,0,15.0,2,5,5,255,4.0,At Risk
52146,0,1,125.96,1,0.0,5,2,1,521,2.6666666666666665,Potential Loyalists
52147,0,1,147.28,1,13.0,5,2,2,522,3.0,Potential Loyalists
52148,2,1,143.02,0,6.0,4,2,2,422,2.6666666666666665,Potential Loyalists
52149,0,1,129.79,0,7.0,5,2,1,521,2.6666666666666665,Potential Loyalists
52150,1,2,268.85,0,21.0,5,2,5,525,4.0,Potential Loyalists
52151,12,4,155.93,0,18.0,1,4,3,143,2.6666666666666665,At Risk
52152,0,4,204.45,0,25.0,5,4,4,544,4.333333333333333,Champions
52153,7,2,187.4,0,11.0,2,2,4,224,2.6666666666666665,At Risk
52154,7,1,125.14,0,2.0,2,2,1,221,1.6666666666666667,Lost / Hibernating
52155,7,1,176.55,0,1.0,2,2,4,224,2.6666666666666665,At Risk
52156,9,4,274.65,0,19.0,1,4,5,145,3.3333333333333335,At Risk
52157,0,1,173.51,0,11.0,5,2,4,524,3.6666666666666665,Potential Loyalists
52158,1,1,208.2,0,16.0,5,2,4,524,3.6666666666666665,Potential Loyalists
52159,3,11,221.69,1,2.0,4,5,5,455,4.666666666666667,Champions
52160,9,4,296.26,0,13.0,1,4,5,145,3.3333333333333335,At Risk
52161,2,2,120.7,0,9.0,4,2,1,421,2.3333333333333335,Potential Loyalists
52162,3,1,167.82,0,12.0,4,2,3,423,3.0,Potential Loyalists
52163,9,1,177.79,0,9.0,1,2,4,124,2.3333333333333335,At Risk
52164,2,2,127.91,0,4.0,4,2,1,421,2.3333333333333335,Potential Loyalists
52165,4,1,132.01,0,1.0,3,2,1,321,2.0,Potential Loyalists
52166,2,1,149.68,0,8.0,4,2,2,422,2.6666666666666665,Potential Loyalists
52167,3,2,231.2,0,22.0,4,2,5,425,3.6666666666666665,Potential Loyalists
52168,2,1,140.33,0,7.0,4,2,1,421,2.3333333333333335,Potential Loyalists
52169,1,1,132.91,0,2.0,5,2,1,521,2.6666666666666665,Potential Loyalists
52170,0,1,142.72,0,15.0,5,2,2,522,3.0,Potential Loyalists
52171,2,1,150.56,0,2.0,4,2,2,422,2.6666666666666665,Potential Loyalists
52172,0,5,128.44,0,11.0,5,5,1,551,3.6666666666666665,Loyal Customers
52173,2,1,127.03,0,1.0,4,2,1,421,2.3333333333333335,Potential Loyalists
52174,0,1,119.04,1,9.0,5,2,1,521,2.6666666666666665,Potential Loyalists
52175,3,1,182.24,1,0.0,4,2,4,424,3.3333333333333335,Potential Loyalists
52176,0,1,147.66,0,14.0,5,2,2,522,3.0,Potential Loyalists
52177,2,2,126.1,1,0.0,4,2,1,421,2.3333333333333335,Potential Loyalists
52178,3,1,157.31,0,10.0,4,2,3,423,3.0,Potential Loyalists
52179,2,2,125.39,0,0.0,4,2,1,421,2.3333333333333335,Potential Loyalists
52180,3,1,157.14,0,7.0,4,2,3,423,3.0,Potential Loyalists
52181,4,1,143.23,0,8.0,3,2,2,322,2.3333333333333335,Potential Loyalists
52182,10,3,173.36,1,0.0,1,4,4,144,3.0,At Risk
52183,13,2,234.99,0,13.0,1,2,5,125,2.6666666666666665,At Risk
52184,14,2,237.58,1,5.0,1,2,5,125,2.6666666666666665,At Risk
52185,5,1,151.55,0,15.0,2,2,2,222,2.0,Lost / Hibernating
52186,7,1,122.58,0,9.0,2,2,1,221,1.6666666666666667,Lost / Hibernating
52187,2,1,135.97,0,0.0,4,2,1,421,2.3333333333333335,Potential Loyalists
52188,0,1,125.15,1,0.0,5,2,1,521,2.6666666666666665,Potential Loyalists
52189,7,1,144.2,0,0.0,2,2,2,222,2.0,Lost / Hibernating
52190,4,1,165.78,0,3.0,3,2,3,323,2.6666666666666665,Potential Loyalists
52191,0,1,144.22,0,13.0,5,2,2,522,3.0,Potential Loyalists
52192,4,6,202.74,0,8.0,3,5,4,354,4.0,Loyal Customers
52193,9,4,153.43,0,7.0,1,4,2,142,2.3333333333333335,At Risk
52194,2,2,123.76,0,8.0,4,2,1,421,2.3333333333333335,Potential Loyalists
52195,3,1,153.46,1,6.0,4,2,2,422,2.6666666666666665,Potential Loyalists
52196,0,1,128.27,0,5.0,5,2,1,521,2.6666666666666665,Potential Loyalists
52197,2,4,299.43,0,29.0,4,4,5,445,4.333333333333333,Champions
52198,8,1,131.31,0,2.0,2,2,1,221,1.6666666666666667,Lost / Hibernating
52199,0,1,125.52,0,0.0,5,2,1,521,2.6666666666666665,Potential Loyalists
52200,2,1,144.77,0,18.0,4,2,2,422,2.6666666666666665,Potential Loyalists
52201,11,3,164.74,0,10.0,1,4,3,143,2.6666666666666665,At Risk
52202,2,1,130.33,0,0.0,4,2,1,421,2.3333333333333335,Potential Loyalists
52203,2,1,129.36,1,7.0,4,2,1,421,2.3333333333333335,Potential Loyalists
52204,7,4,286.06,0,26.0,2,4,5,245,3.6666666666666665,At Risk
52205,3,1,121.68,0,9.0,4,2,1,421,2.3333333333333335,Potential Loyalists
52206,0,1,128.53,1,0.0,5,2,1,521,2.6666666666666665,Potential Loyalists
52207,9,15,270.48,0,19.0,1,5,5,155,3.6666666666666665,At Risk
52208,0,1,122.9,0,9.0,5,2,1,521,2.6666666666666665,Potential Loyalists
52209,4,1,136.0,0,6.0,3,2,1,321,2.0,Potential Loyalists
52210,0,1,121.07,1,9.0,5,2,1,521,2.6666666666666665,Potential Loyalists
52211,3,1,141.15,0,3.0,4,2,2,422,2.6666666666666665,Potential Loyalists
52212,0,1,143.27,0,13.0,5,2,2,522,3.0,Potential Loyalists
52213,2,2,278.56,0,23.0,4,2,5,425,3.6666666666666665,Potential Loyalists
52214,3,3,131.96,0,1.0,4,4,1,441,3.0,Loyal Customers
52215,3,1,290.81,0,19.0,4,2,5,425,3.6666666666666665,Potential Loyalists
52216,7,1,189.66,0,8.0,2,2,4,224,2.6666666666666665,At Risk
52217,0,1,122.1,1,9.0,5,2,1,521,2.6666666666666665,Potential Loyalists
52218,1,1,145.39,0,6.0,5,2,2,522,3.0,Potential Loyalists
52219,7,1,127.41,0,9.0,2,2,1,221,1.6666666666666667,Lost / Hibernating
52220,9,8,134.91,0,3.0,1,5,1,151,2.3333333333333335,At Risk
52221,17,13,145.41,0,17.0,1,5,2,152,2.6666666666666665,At Risk
52222,2,2,126.78,0,0.0,4,2,1,421,2.3333333333333335,Potential Loyalists
52223,4,1,173.79,0,19.0,3,2,4,324,3.0,Potential Loyalists
52224,3,1,162.72,0,15.0,4,2,3,423,3.0,Potential Loyalists
52225,9,1,152.2,0,30.0,1,2,2,122,1.6666666666666667,Lost / Hibernating
52226,2,2,134.0,0,5.0,4,2,1,421,2.3333333333333335,Potential Loyalists
52227,7,1,149.98,0,5.0,2,2,2,222,2.0,Lost / Hibernating
52228,7,7,202.52,0,9.0,2,5,4,254,3.6666666666666665,At Risk
52229,10,4,127.81,0,6.0,1,4,1,141,2.0,At Risk
52230,3,1,168.52,0,13.0,4,2,3,423,3.0,Potential Loyalists
52231,1,1,149.5,0,0.0,5,2,2,522,3.0,Potential Loyalists
52232,7,5,135.79,0,3.0,2,5,1,251,2.6666666666666665,At Risk
52233,0,2,231.91000000000005,0,15.0,5,2,5,525,4.0,Potential Loyalists
52234,12,4,203.77,0,8.0,1,4,4,144,3.0,At Risk
52235,8,6,122.35,0,9.0,2,5,1,251,2.6666666666666665,At Risk
52236,4,1,205.02,0,27.0,3,2,4,324,3.0,Potential Loyalists
52237,7,7,120.11,0,9.0,2,5,1,251,2.6666666666666665,At Risk
52238,0,1,118.59,1,9.0,5,2,1,521,2.6666666666666665,Potential Loyalists
52239,2,1,137.6,0,2.0,4,2,1,421,2.3333333333333335,Potential Loyalists
52240,9,1,277.79,0,27.0,1,2,5,125,2.6666666666666665,At Risk
52241,1,1,168.33,0,4.0,5,2,3,523,3.3333333333333335,Potential Loyalists
52242,8,1,168.12,0,4.0,2,2,3,223,2.3333333333333335,At Risk
52243,5,1,151.71,0,30.0,2,2,2,222,2.0,Lost / Hibernating
52244,7,1,297.4,0,16.0,2,2,5,225,3.0,At Risk
52245,0,1,287.11,0,22.0,5,2,5,525,4.0,Potential Loyalists
52246,7,1,136.92,0,9.0,2,2,1,221,1.6666666666666667,Lost / Hibernating
52247,0,1,125.59,0,21.0,5,2,1,521,2.6666666666666665,Potential Loyalists
52248,3,1,125.17,0,0.0,4,2,1,421,2.3333333333333335,Potential Loyalists
52249,0,1,166.23,0,2.0,5,2,3,523,3.3333333333333335,Potential Loyalists
52250,0,1,282.65,0,21.0,5,2,5,525,4.0,Potential Loyalists
52251,7,1,261.24,0,2.0,2,2,5,225,3.0,At Risk
52252,0,1,125.85,0,7.0,5,2,1,521,2.6666666666666665,Potential Loyalists
52253,10,3,282.13,0,17.0,1,4,5,145,3.3333333333333335,At Risk
52254,8,1,183.8,0,6.0,2,2,4,224,2.6666666666666665,At Risk
52255,1,1,129.94,0,0.0,5,2,1,521,2.6666666666666665,Potential Loyalists
52256,1,1,112.23,0,9.0,5,2,1,521,2.6666666666666665,Potential Loyalists
52257,0,1,111.18,1,0.0,5,2,1,521,2.6666666666666665,Potential Loyalists
52258,2,2,128.75,0,0.0,4,2,1,421,2.3333333333333335,Potential Loyalists
52259,11,1,288.24,1,8.0,1,2,5,125,2.6666666666666665,At Risk
52260,0,2,235.77,0,28.0,5,2,5,525,4.0,Potential Loyalists
52261,2,2,126.25,1,0.0,4,2,1,421,2.3333333333333335,Potential Loyalists
52262,8,1,287.89,0,19.0,2,2,5,225,3.0,At Risk
52263,2,1,145.38,0,7.0,4,2,2,422,2.6666666666666665,Potential Loyalists
52264,10,11,298.47,0,24.0,1,5,5,155,3.6666666666666665,At Risk
52265,4,5,205.12,0,30.0,3,5,4,354,4.0,Loyal Customers
52266,10,5,144.44,0,7.0,1,5,2,152,2.6666666666666665,At Risk
52267,2,1,121.54,0,9.0,4,2,1,421,2.3333333333333335,Potential Loyalists
52268,13,14,291.9,0,17.0,1,5,5,155,3.6666666666666665,At Risk
52269,8,1,144.9,0,7.0,2,2,2,222,2.0,Lost / Hibernating
52270,2,2,135.06,0,8.0,4,2,1,421,2.3333333333333335,Potential Loyalists
52271,0,1,123.72,0,15.0,5,2,1,521,2.6666666666666665,Potential Loyalists
52272,17,15,202.31,0,16.0,1,5,4,154,3.3333333333333335,At Risk
52273,12,5,154.1,0,9.0,1,5,3,153,3.0,At Risk
52274,5,1,179.78,1,7.0,2,2,4,224,2.6666666666666665,At Risk
52275,2,2,138.67,0,1.0,4,2,1,421,2.3333333333333335,Potential Loyalists
52276,7,7,128.38,0,24.0,2,5,1,251,2.6666666666666665,At Risk
52277,7,1,146.95,0,3.0,2,2,2,222,2.0,Lost / Hibernating
52278,7,7,133.39,1,0.0,2,5,1,251,2.6666666666666665,At Risk
52279,2,1,120.8,0,9.0,4,2,1,421,2.3333333333333335,Potential Loyalists
52280,1,2,120.96,0,9.0,5,2,1,521,2.6666666666666665,Potential Loyalists
52281,8,1,162.09,0,5.0,2,2,3,223,2.3333333333333335,At Risk
52282,0,1,280.61,0,18.0,5,2,5,525,4.0,Potential Loyalists
52283,2,15,271.23,0,12.0,4,5,5,455,4.666666666666667,Champions
52284,2,2,123.72,0,30.0,4,2,1,421,2.3333333333333335,Potential Loyalists
52285,1,1,148.83,1,0.0,5,2,2,522,3.0,Potential Loyalists
52286,3,1,139.04,1,2.0,4,2,1,421,2.3333333333333335,Potential Loyalists
52287,7,6,146.27,0,3.0,2,5,2,252,3.0,At Risk
52288,7,1,170.94,0,9.0,2,2,3,223,2.3333333333333335,At Risk
52289,7,5,134.23,0,19.0,2,5,1,251,2.6666666666666665,At Risk
52290,5,7,166.74,0,1.0,2,5,3,253,3.3333333333333335,At Risk
52291,2,1,268.8,0,23.0,4,2,5,425,3.6666666666666665,Potential Loyalists
52292,0,1,190.94,1,3.0,5,2,4,524,3.6666666666666665,Potential Loyalists
52293,7,7,184.46,1,15.0,2,5,4,254,3.6666666666666665,At Risk
52294,3,1,219.16000000000005,0,3.0,4,2,5,425,3.6666666666666665,Potential Loyalists
52295,7,1,145.34,0,12.0,2,2,2,222,2.0,Lost / Hibernating
52296,6,9,198.52,0,4.0,2,5,4,254,3.6666666666666665,At Risk
52297,9,11,161.51,0,14.0,1,5,3,153,3.0,At Risk
52298,2,2,123.02,1,9.0,4,2,1,421,2.3333333333333335,Potential Loyalists
52299,2,1,123.62,1,7.0,4,2,1,421,2.3333333333333335,Potential Loyalists
52300,10,2,278.61,0,15.0,1,2,5,125,2.6666666666666665,At Risk
52301,11,9,291.87,0,28.0,1,5,5,155,3.6666666666666665,At Risk
52302,7,7,297.17,0,29.0,2,5,5,255,4.0,At Risk
52303,0,1,135.44,0,13.0,5,2,1,521,2.6666666666666665,Potential Loyalists
52304,6,1,185.0,0,7.0,2,2,4,224,2.6666666666666665,At Risk
52305,8,8,146.61,0,13.0,2,5,2,252,3.0,At Risk
52306,7,1,141.03,0,14.0,2,2,2,222,2.0,Lost / Hibernating
52307,1,1,142.49,0,8.0,5,2,2,522,3.0,Potential Loyalists
52308,10,2,240.26,0,24.0,1,2,5,125,2.6666666666666665,At Risk
52309,7,1,168.93,0,11.0,2,2,3,223,2.3333333333333335,At Risk
52310,6,9,161.25,0,7.0,2,5,3,253,3.3333333333333335,At Risk
52311,2,1,136.69,0,0.0,4,2,1,421,2.3333333333333335,Potential Loyalists
52312,9,5,200.08,1,20.0,1,5,4,154,3.3333333333333335,At Risk
52313,3,1,123.87,0,13.0,4,2,1,421,2.3333333333333335,Potential Loyalists
52314,13,6,146.39,0,9.0,1,5,2,152,2.6666666666666665,At Risk
52315,8,1,178.98,0,21.0,2,2,4,224,2.6666666666666665,At Risk
52316,0,1,125.34,0,0.0,5,2,1,521,2.6666666666666665,Potential Loyalists
52317,3,1,231.42,0,24.0,4,2,5,425,3.6666666666666665,Potential Loyalists
52318,0,1,116.11,0,9.0,5,2,1,521,2.6666666666666665,Potential Loyalists
52319,0,1,153.63,0,8.0,5,2,2,522,3.0,Potential Loyalists
52320,0,1,150.71,0,0.0,5,2,2,522,3.0,Potential Loyalists
52321,8,2,236.95,1,18.0,2,2,5,225,3.0,At Risk
52322,9,2,234.02,0,29.0,1,2,5,125,2.6666666666666665,At Risk
52323,0,1,120.29,0,9.0,5,2,1,521,2.6666666666666665,Potential Loyalists
52324,8,11,163.77,0,13.0,2,5,3,253,3.3333333333333335,At Risk
52325,7,7,154.29,0,7.0,2,5,3,253,3.3333333333333335,At Risk
52326,0,1,127.85,1,0.0,5,2,1,521,2.6666666666666665,Potential Loyalists
52327,2,3,146.14,1,0.0,4,4,2,442,3.3333333333333335,Loyal Customers
52328,3,1,126.1,0,11.0,4,2,1,421,2.3333333333333335,Potential Loyalists
52329,11,4,166.87,0,7.0,1,4,3,143,2.6666666666666665,At Risk
52330,4,1,147.24,0,1.0,3,2,2,322,2.3333333333333335,Potential Loyalists
52331,7,6,161.79,1,0.0,2,5,3,253,3.3333333333333335,At Risk
52332,4,1,161.2,0,12.0,3,2,3,323,2.6666666666666665,Potential Loyalists
52333,2,3,205.96,0,24.0,4,4,4,444,4.0,Champions
52334,3,3,154.67,0,14.0,4,4,3,443,3.6666666666666665,Loyal Customers
52335,3,1,129.96,0,10.0,4,2,1,421,2.3333333333333335,Potential Loyalists
52336,2,1,199.98,0,6.0,4,2,4,424,3.3333333333333335,Potential Loyalists
52337,2,1,140.78,0,5.0,4,2,1,421,2.3333333333333335,Potential Loyalists
52338,3,1,209.2,0,12.0,4,2,5,425,3.6666666666666665,Potential Loyalists
52339,2,1,162.32,0,0.0,4,2,3,423,3.0,Potential Loyalists
52340,2,2,232.47000000000003,0,25.0,4,2,5,425,3.6666666666666665,Potential Loyalists
52341,8,1,140.81,0,16.0,2,2,2,222,2.0,Lost / Hibernating
52342,4,4,157.69,0,0.0,3,4,3,343,3.3333333333333335,Loyal Customers
52343,7,7,123.94,1,0.0,2,5,1,251,2.6666666666666665,At Risk
52344,1,1,139.04,0,0.0,5,2,1,521,2.6666666666666665,Potential Loyalists
52345,9,1,267.99,0,15.0,1,2,5,125,2.6666666666666665,At Risk
52346,4,1,129.5,0,25.0,3,2,1,321,2.0,Potential Loyalists
52347,2,1,136.29,0,10.0,4,2,1,421,2.3333333333333335,Potential Loyalists
52348,2,2,193.62,0,8.0,4,2,4,424,3.3333333333333335,Potential Loyalists
52349,2,1,132.29,0,0.0,4,2,1,421,2.3333333333333335,Potential Loyalists
52350,7,1,135.78,0,0.0,2,2,1,221,1.6666666666666667,Lost / Hibernating
52351,9,1,179.88,0,2.0,1,2,4,124,2.3333333333333335,At Risk
52352,3,1,142.84,1,12.0,4,2,2,422,2.6666666666666665,Potential Loyalists
52353,7,7,175.53,1,0.0,2,5,4,254,3.6666666666666665,At Risk
52354,7,12,273.28,0,27.0,2,5,5,255,4.0,At Risk
52355,5,1,297.01,0,30.0,2,2,5,225,3.0,At Risk
52356,0,2,247.32,0,28.0,5,2,5,525,4.0,Potential Loyalists
52357,1,1,192.78,0,9.0,5,2,4,524,3.6666666666666665,Potential Loyalists
52358,0,1,113.59,1,9.0,5,2,1,521,2.6666666666666665,Potential Loyalists
52359,2,1,147.79,0,3.0,4,2,2,422,2.6666666666666665,Potential Loyalists
52360,0,1,264.22,0,4.0,5,2,5,525,4.0,Potential Loyalists
52361,3,1,129.96,0,7.0,4,2,1,421,2.3333333333333335,Potential Loyalists
52362,0,1,112.61,1,9.0,5,2,1,521,2.6666666666666665,Potential Loyalists
52363,4,1,120.99,0,9.0,3,2,1,321,2.0,Potential Loyalists
52364,8,1,158.1,0,9.0,2,2,3,223,2.3333333333333335,At Risk
52365,2,1,156.47,0,9.0,4,2,3,423,3.0,Potential Loyalists
52366,2,1,134.2,0,20.0,4,2,1,421,2.3333333333333335,Potential Loyalists
52367,2,2,144.0,1,0.0,4,2,2,422,2.6666666666666665,Potential Loyalists
52368,3,1,135.0,0,10.0,4,2,1,421,2.3333333333333335,Potential Loyalists
52369,0,1,120.66,0,9.0,5,2,1,521,2.6666666666666665,Potential Loyalists
52370,6,5,271.69,0,20.0,2,5,5,255,4.0,At Risk
52371,3,1,141.62,0,0.0,4,2,2,422,2.6666666666666665,Potential Loyalists
52372,3,1,192.04,0,5.0,4,2,4,424,3.3333333333333335,Potential Loyalists
52373,2,1,132.94,0,7.0,4,2,1,421,2.3333333333333335,Potential Loyalists
52374,3,1,121.27,0,9.0,4,2,1,421,2.3333333333333335,Potential Loyalists
52375,7,1,139.75,0,13.0,2,2,1,221,1.6666666666666667,Lost / Hibernating
52376,9,9,207.93,0,4.0,1,5,4,154,3.3333333333333335,At Risk
52377,3,4,200.96,1,9.0,4,4,4,444,4.0,Champions
52378,0,1,136.46,1,2.0,5,2,1,521,2.6666666666666665,Potential Loyalists
52379,7,4,174.46,1,0.0,2,4,4,244,3.3333333333333335,At Risk
52380,7,1,208.51,0,18.0,2,2,4,224,2.6666666666666665,At Risk
52381,2,1,121.09,0,9.0,4,2,1,421,2.3333333333333335,Potential Loyalists
52382,2,2,137.22,1,0.0,4,2,1,421,2.3333333333333335,Potential Loyalists
52383,2,1,193.8,0,18.0,4,2,4,424,3.3333333333333335,Potential Loyalists
52384,2,2,154.86,0,21.0,4,2,3,423,3.0,Potential Loyalists
52385,2,2,127.42,1,0.0,4,2,1,421,2.3333333333333335,Potential Loyalists
52386,8,2,237.57,0,13.0,2,2,5,225,3.0,At Risk
52387,3,1,184.63,0,1.0,4,2,4,424,3.3333333333333335,Potential Loyalists
52388,3,1,131.62,0,17.0,4,2,1,421,2.3333333333333335,Potential Loyalists
52389,8,8,265.98,0,26.0,2,5,5,255,4.0,At Risk
52390,2,1,166.51,0,22.0,4,2,3,423,3.0,Potential Loyalists
52391,2,1,123.45,0,13.0,4,2,1,421,2.3333333333333335,Potential Loyalists
52392,3,1,134.2,0,17.0,4,2,1,421,2.3333333333333335,Potential Loyalists
52393,3,1,143.73,0,6.0,4,2,2,422,2.6666666666666665,Potential Loyalists
52394,12,3,147.59,0,7.0,1,4,2,142,2.3333333333333335,At Risk
52395,2,2,153.01,0,3.0,4,2,2,422,2.6666666666666665,Potential Loyalists
52396,8,5,136.73,0,15.0,2,5,1,251,2.6666666666666665,At Risk
52397,0,1,147.68,0,17.0,5,2,2,522,3.0,Potential Loyalists
52398,0,1,112.74,0,9.0,5,2,1,521,2.6666666666666665,Potential Loyalists
52399,8,2,149.0,0,30.0,2,2,2,222,2.0,Lost / Hibernating
52400,7,1,204.66,0,22.0,2,2,4,224,2.6666666666666665,At Risk
52401,9,6,270.07,0,7.0,1,5,5,155,3.6666666666666665,At Risk
52402,2,1,129.09,1,0.0,4,2,1,421,2.3333333333333335,Potential Loyalists
52403,0,1,157.65,1,0.0,5,2,3,523,3.3333333333333335,Potential Loyalists
52404,10,10,145.99,1,0.0,1,5,2,152,2.6666666666666665,At Risk
52405,0,1,124.04,0,8.0,5,2,1,521,2.6666666666666665,Potential Loyalists
52406,0,1,131.72,1,0.0,5,2,1,521,2.6666666666666665,Potential Loyalists
52407,0,1,120.33,0,9.0,5,2,1,521,2.6666666666666665,Potential Loyalists
52408,2,2,202.09,0,17.0,4,2,4,424,3.3333333333333335,Potential Loyalists
52409,4,1,186.2,0,2.0,3,2,4,324,3.0,Potential Loyalists
52410,3,1,120.64,0,9.0,4,2,1,421,2.3333333333333335,Potential Loyalists
52411,2,1,140.35,0,28.0,4,2,1,421,2.3333333333333335,Potential Loyalists
52412,2,1,138.38,0,6.0,4,2,1,421,2.3333333333333335,Potential Loyalists
52413,2,1,145.91,0,20.0,4,2,2,422,2.6666666666666665,Potential Loyalists
52414,0,1,125.61,1,0.0,5,2,1,521,2.6666666666666665,Potential Loyalists
52415,0,1,115.63,0,9.0,5,2,1,521,2.6666666666666665,Potential Loyalists
52416,3,1,148.98,0,1.0,4,2,2,422,2.6666666666666665,Potential Loyalists
52417,2,1,147.89,0,22.0,4,2,2,422,2.6666666666666665,Potential Loyalists
52418,2,1,131.8,0,2.0,4,2,1,421,2.3333333333333335,Potential Loyalists
52419,7,1,165.49,0,1.0,2,2,3,223,2.3333333333333335,At Risk
52420,0,1,163.88,0,6.0,5,2,3,523,3.3333333333333335,Potential Loyalists
52421,3,1,212.44,0,5.0,4,2,5,425,3.6666666666666665,Potential Loyalists
52422,12,2,260.32,0,27.0,1,2,5,125,2.6666666666666665,At Risk
52423,7,1,123.62,1,0.0,2,2,1,221,1.6666666666666667,Lost / Hibernating
52424,17,14,263.28,0,17.0,1,5,5,155,3.6666666666666665,At Risk
52425,2,2,183.76,0,12.0,4,2,4,424,3.3333333333333335,Potential Loyalists
52426,1,5,266.06,0,19.0,5,5,5,555,5.0,Champions
52427,3,3,186.06,0,8.0,4,4,4,444,4.0,Champions
52428,2,1,122.72,0,9.0,4,2,1,421,2.3333333333333335,Potential Loyalists
52429,0,1,120.18,1,9.0,5,2,1,521,2.6666666666666665,Potential Loyalists
52430,6,8,170.83,0,7.0,2,5,3,253,3.3333333333333335,At Risk
52431,7,7,140.84,1,0.0,2,5,2,252,3.0,At Risk
52432,9,2,244.11,0,23.0,1,2,5,125,2.6666666666666665,At Risk
52433,7,5,123.08,0,9.0,2,5,1,251,2.6666666666666665,At Risk
52434,0,1,148.41,0,15.0,5,2,2,522,3.0,Potential Loyalists
52435,7,3,142.85,0,10.0,2,4,2,242,2.6666666666666665,At Risk
52436,7,1,197.15,0,2.0,2,2,4,224,2.6666666666666665,At Risk
52437,2,1,143.2,0,6.0,4,2,2,422,2.6666666666666665,Potential Loyalists
52438,3,1,121.32,0,9.0,4,2,1,421,2.3333333333333335,Potential Loyalists
52439,9,13,201.24,0,15.0,1,5,4,154,3.3333333333333335,At Risk
52440,1,7,154.73,0,13.0,5,5,3,553,4.333333333333333,Loyal Customers
52441,7,5,152.07,0,6.0,2,5,2,252,3.0,At Risk
52442,7,7,264.37,0,13.0,2,5,5,255,4.0,At Risk
52443,0,1,122.96,0,9.0,5,2,1,521,2.6666666666666665,Potential Loyalists
52444,2,2,140.69,0,13.0,4,2,1,421,2.3333333333333335,Potential Loyalists
52445,7,7,174.41,0,18.0,2,5,4,254,3.6666666666666665,At Risk
52446,2,4,124.3,0,8.0,4,4,1,441,3.0,Loyal Customers
52447,5,2,158.78,0,5.0,2,2,3,223,2.3333333333333335,At Risk
52448,2,1,126.44,0,9.0,4,2,1,421,2.3333333333333335,Potential Loyalists
52449,7,7,164.39,0,21.0,2,5,3,253,3.3333333333333335,At Risk
52450,0,1,124.51,0,2.0,5,2,1,521,2.6666666666666665,Potential Loyalists
52451,2,2,163.92,0,6.0,4,2,3,423,3.0,Potential Loyalists
52452,7,6,197.14,1,0.0,2,5,4,254,3.6666666666666665,At Risk
52453,2,1,160.77,0,11.0,4,2,3,423,3.0,Potential Loyalists
52454,2,1,124.5,0,8.0,4,2,1,421,2.3333333333333335,Potential Loyalists
52455,3,1,192.5,0,7.0,4,2,4,424,3.3333333333333335,Potential Loyalists
52456,0,1,120.74,1,9.0,5,2,1,521,2.6666666666666665,Potential Loyalists
52457,9,1,201.69,1,16.0,1,2,4,124,2.3333333333333335,At Risk
52458,4,1,148.55,1,1.0,3,2,2,322,2.3333333333333335,Potential Loyalists
52459,2,1,140.87,0,5.0,4,2,2,422,2.6666666666666665,Potential Loyalists
52460,6,7,123.67,0,21.0,2,5,1,251,2.6666666666666665,At Risk
52461,0,1,129.72,0,7.0,5,2,1,521,2.6666666666666665,Potential Loyalists
52462,13,2,295.86,0,28.0,1,2,5,125,2.6666666666666665,At Risk
52463,1,2,154.84,0,7.0,5,2,3,523,3.3333333333333335,Potential Loyalists
52464,0,1,120.61,0,9.0,5,2,1,521,2.6666666666666665,Potential Loyalists
52465,7,7,199.24,0,11.0,2,5,4,254,3.6666666666666665,At Risk
52466,2,1,141.98,0,11.0,4,2,2,422,2.6666666666666665,Potential Loyalists
52467,0,1,168.15,0,9.0,5,2,3,523,3.3333333333333335,Potential Loyalists
52468,5,1,147.23,0,2.0,2,2,2,222,2.0,Lost / Hibernating
52469,4,1,161.42,0,8.0,3,2,3,323,2.6666666666666665,Potential Loyalists
52470,6,7,182.37,0,12.0,2,5,4,254,3.6666666666666665,At Risk
52471,3,1,188.53,0,2.0,4,2,4,424,3.3333333333333335,Potential Loyalists
52472,0,1,293.31,0,23.0,5,2,5,525,4.0,Potential Loyalists
52473,2,2,120.73,0,9.0,4,2,1,421,2.3333333333333335,Potential Loyalists
52474,2,1,155.62,0,9.0,4,2,3,423,3.0,Potential Loyalists
52475,1,1,296.13,0,15.0,5,2,5,525,4.0,Potential Loyalists
52476,8,6,134.07,0,8.0,2,5,1,251,2.6666666666666665,At Risk
52477,7,7,150.63,0,7.0,2,5,2,252,3.0,At Risk
52478,2,1,146.39,0,13.0,4,2,2,422,2.6666666666666665,Potential Loyalists
52479,2,1,148.76,0,16.0,4,2,2,422,2.6666666666666665,Potential Loyalists
52480,1,1,126.9,0,8.0,5,2,1,521,2.6666666666666665,Potential Loyalists
52481,12,1,275.67,0,19.0,1,2,5,125,2.6666666666666665,At Risk
52482,0,1,124.08,1,0.0,5,2,1,521,2.6666666666666665,Potential Loyalists
52483,3,1,128.14,0,0.0,4,2,1,421,2.3333333333333335,Potential Loyalists
52484,3,12,212.45,0,23.0,4,5,5,455,4.666666666666667,Champions
52485,2,1,133.12,0,5.0,4,2,1,421,2.3333333333333335,Potential Loyalists
52486,10,1,290.49,0,17.0,1,2,5,125,2.6666666666666665,At Risk
52487,1,1,121.41,0,9.0,5,2,1,521,2.6666666666666665,Potential Loyalists
52488,4,1,157.69,0,18.0,3,2,3,323,2.6666666666666665,Potential Loyalists
52489,5,4,143.85,0,18.0,2,4,2,242,2.6666666666666665,At Risk
52490,3,1,153.32,0,4.0,4,2,2,422,2.6666666666666665,Potential Loyalists
52491,1,1,146.63,0,9.0,5,2,2,522,3.0,Potential Loyalists
52492,2,7,147.24,0,7.0,4,5,2,452,3.6666666666666665,Loyal Customers
52493,4,1,132.11,0,22.0,3,2,1,321,2.0,Potential Loyalists
52494,7,7,153.77,0,12.0,2,5,3,253,3.3333333333333335,At Risk
52495,7,1,140.66,0,0.0,2,2,1,221,1.6666666666666667,Lost / Hibernating
52496,10,1,152.08,0,8.0,1,2,2,122,1.6666666666666667,Lost / Hibernating
52497,0,1,148.77,0,1.0,5,2,2,522,3.0,Potential Loyalists
52498,2,2,131.17,0,0.0,4,2,1,421,2.3333333333333335,Potential Loyalists
52499,0,1,115.69,1,9.0,5,2,1,521,2.6666666666666665,Potential Loyalists
52500,0,1,296.58,0,20.0,5,2,5,525,4.0,Potential Loyalists
52501,7,1,130.69,0,12.0,2,2,1,221,1.6666666666666667,Lost / Hibernating
52502,12,14,204.35,0,13.0,1,5,4,154,3.3333333333333335,At Risk
52503,9,2,141.48,0,8.0,1,2,2,122,1.6666666666666667,Lost / Hibernating
52504,2,1,157.68,0,10.0,4,2,3,423,3.0,Potential Loyalists
52505,8,3,150.42,0,12.0,2,4,2,242,2.6666666666666665,At Risk
52506,9,3,157.7,0,18.0,1,4,3,143,2.6666666666666665,At Risk
52507,2,1,177.56,0,11.0,4,2,4,424,3.3333333333333335,Potential Loyalists
52508,0,6,203.06,1,0.0,5,5,4,554,4.666666666666667,Champions
52509,7,7,139.36,0,10.0,2,5,1,251,2.6666666666666665,At Risk
52510,3,3,179.45,0,13.0,4,4,4,444,4.0,Champions
52511,2,1,157.43,0,17.0,4,2,3,423,3.0,Potential Loyalists
52512,2,2,252.02,0,21.0,4,2,5,425,3.6666666666666665,Potential Loyalists
52513,2,2,154.4,1,0.0,4,2,3,423,3.0,Potential Loyalists
52514,3,1,137.6,0,0.0,4,2,1,421,2.3333333333333335,Potential Loyalists
52515,2,1,135.17,0,0.0,4,2,1,421,2.3333333333333335,Potential Loyalists
52516,2,1,125.8,0,0.0,4,2,1,421,2.3333333333333335,Potential Loyalists
52517,3,1,121.66,1,9.0,4,2,1,421,2.3333333333333335,Potential Loyalists
52518,4,1,158.69,0,2.0,3,2,3,323,2.6666666666666665,Potential Loyalists
52519,2,1,180.08,0,9.0,4,2,4,424,3.3333333333333335,Potential Loyalists
52520,7,1,152.06,0,0.0,2,2,2,222,2.0,Lost / Hibernating
52521,0,1,152.95,0,12.0,5,2,2,522,3.0,Potential Loyalists
52522,2,1,264.13,0,22.0,4,2,5,425,3.6666666666666665,Potential Loyalists
52523,11,2,232.69,0,23.0,1,2,5,125,2.6666666666666665,At Risk
52524,2,2,127.83,0,0.0,4,2,1,421,2.3333333333333335,Potential Loyalists
52525,9,7,154.33,0,7.0,1,5,3,153,3.0,At Risk
52526,3,1,120.13,0,9.0,4,2,1,421,2.3333333333333335,Potential Loyalists
52527,12,2,239.66000000000005,0,22.0,1,2,5,125,2.6666666666666665,At Risk
52528,2,1,143.74,0,9.0,4,2,2,422,2.6666666666666665,Potential Loyalists
52529,4,1,168.42,0,9.0,3,2,3,323,2.6666666666666665,Potential Loyalists
52530,7,4,274.26,0,27.0,2,4,5,245,3.6666666666666665,At Risk
52531,11,6,276.03,0,16.0,1,5,5,155,3.6666666666666665,At Risk
52532,7,6,145.81,1,0.0,2,5,2,252,3.0,At Risk
52533,9,2,147.35,0,11.0,1,2,2,122,1.6666666666666667,Lost / Hibernating
52534,9,1,141.87,0,2.0,1,2,2,122,1.6666666666666667,Lost / Hibernating
52535,4,1,155.05,0,6.0,3,2,3,323,2.6666666666666665,Potential Loyalists
52536,6,1,154.7,0,5.0,2,2,3,223,2.3333333333333335,At Risk
52537,2,1,154.76,0,4.0,4,2,3,423,3.0,Potential Loyalists
52538,2,2,125.87,0,22.0,4,2,1,421,2.3333333333333335,Potential Loyalists
52539,3,3,124.4,0,11.0,4,4,1,441,3.0,Loyal Customers
52540,2,2,259.72,0,20.0,4,2,5,425,3.6666666666666665,Potential Loyalists
52541,0,2,253.79,0,22.0,5,2,5,525,4.0,Potential Loyalists
52542,2,1,170.82,0,14.0,4,2,3,423,3.0,Potential Loyalists
52543,2,1,127.28,0,0.0,4,2,1,421,2.3333333333333335,Potential Loyalists
52544,2,1,153.68,0,6.0,4,2,3,423,3.0,Potential Loyalists
52545,2,1,153.47,0,9.0,4,2,2,422,2.6666666666666665,Potential Loyalists
52546,2,2,131.95,0,17.0,4,2,1,421,2.3333333333333335,Potential Loyalists
52547,2,1,139.89,1,0.0,4,2,1,421,2.3333333333333335,Potential Loyalists
52548,0,1,133.06,0,11.0,5,2,1,521,2.6666666666666665,Potential Loyalists
52549,2,1,170.05,0,26.0,4,2,3,423,3.0,Potential Loyalists
52550,7,7,126.55,1,11.0,2,5,1,251,2.6666666666666665,At Risk
52551,0,1,113.93,1,9.0,5,2,1,521,2.6666666666666665,Potential Loyalists
52552,7,5,125.7,0,0.0,2,5,1,251,2.6666666666666665,At Risk
52553,2,1,135.37,0,28.0,4,2,1,421,2.3333333333333335,Potential Loyalists
52554,13,4,139.86,0,7.0,1,4,1,141,2.0,At Risk
52555,0,1,208.83,0,30.0,5,2,5,525,4.0,Potential Loyalists
52556,13,2,120.28,0,9.0,1,2,1,121,1.3333333333333333,Lost / Hibernating
52557,3,1,195.25,0,10.0,4,2,4,424,3.3333333333333335,Potential Loyalists
52558,7,8,129.29,0,7.0,2,5,1,251,2.6666666666666665,At Risk
52559,2,1,122.75,1,9.0,4,2,1,421,2.3333333333333335,Potential Loyalists
52560,7,6,178.79,0,17.0,2,5,4,254,3.6666666666666665,At Risk
52561,4,1,149.3,0,8.0,3,2,2,322,2.3333333333333335,Potential Loyalists
52562,8,8,178.47,0,16.0,2,5,4,254,3.6666666666666665,At Risk
52563,4,1,144.01,0,0.0,3,2,2,322,2.3333333333333335,Potential Loyalists
52564,7,8,192.41,0,14.0,2,5,4,254,3.6666666666666665,At Risk
52565,2,1,129.74,0,2.0,4,2,1,421,2.3333333333333335,Potential Loyalists
52566,7,6,145.02,0,9.0,2,5,2,252,3.0,At Risk
52567,4,14,207.48,0,18.0,3,5,4,354,4.0,Loyal Customers
52568,0,1,115.55,1,9.0,5,2,1,521,2.6666666666666665,Potential Loyalists
52569,3,14,229.36,1,10.0,4,5,5,455,4.666666666666667,Champions
52570,2,1,123.05,0,9.0,4,2,1,421,2.3333333333333335,Potential Loyalists
52571,6,8,267.04,0,18.0,2,5,5,255,4.0,At Risk
52572,3,1,134.33,0,5.0,4,2,1,421,2.3333333333333335,Potential Loyalists
52573,3,1,134.77,0,4.0,4,2,1,421,2.3333333333333335,Potential Loyalists
52574,2,1,164.3,0,14.0,4,2,3,423,3.0,Potential Loyalists
52575,0,1,165.16,0,13.0,5,2,3,523,3.3333333333333335,Potential Loyalists
52576,2,1,139.07,0,0.0,4,2,1,421,2.3333333333333335,Potential Loyalists
52577,9,1,155.62,0,19.0,1,2,3,123,2.0,At Risk
52578,7,1,168.83,0,8.0,2,2,3,223,2.3333333333333335,At Risk
52579,8,1,128.62,0,3.0,2,2,1,221,1.6666666666666667,Lost / Hibernating
52580,0,1,149.78,0,20.0,5,2,2,522,3.0,Potential Loyalists
52581,3,1,203.68,0,19.0,4,2,4,424,3.3333333333333335,Potential Loyalists
52582,2,2,161.34,1,0.0,4,2,3,423,3.0,Potential Loyalists
52583,0,1,167.35,1,0.0,5,2,3,523,3.3333333333333335,Potential Loyalists
52584,2,1,132.95,0,0.0,4,2,1,421,2.3333333333333335,Potential Loyalists
52585,4,1,152.38,0,4.0,3,2,2,322,2.3333333333333335,Potential Loyalists
52586,8,5,164.72,0,12.0,2,5,3,253,3.3333333333333335,At Risk
52587,2,1,196.1,0,5.0,4,2,4,424,3.3333333333333335,Potential Loyalists
52588,8,12,298.33,0,13.0,2,5,5,255,4.0,At Risk
52589,3,1,197.56,0,18.0,4,2,4,424,3.3333333333333335,Potential Loyalists
52590,7,1,149.68,0,3.0,2,2,2,222,2.0,Lost / Hibernating
52591,1,2,121.45,0,9.0,5,2,1,521,2.6666666666666665,Potential Loyalists
52592,2,1,121.8,1,9.0,4,2,1,421,2.3333333333333335,Potential Loyalists
52593,2,1,183.46,0,4.0,4,2,4,424,3.3333333333333335,Potential Loyalists
52594,4,1,134.45,0,0.0,3,2,1,321,2.0,Potential Loyalists
52595,2,2,127.6,1,0.0,4,2,1,421,2.3333333333333335,Potential Loyalists
52596,2,1,162.94,0,2.0,4,2,3,423,3.0,Potential Loyalists
52597,7,1,171.4,0,3.0,2,2,3,223,2.3333333333333335,At Risk
52598,2,1,129.32,0,7.0,4,2,1,421,2.3333333333333335,Potential Loyalists
52599,7,1,151.47,0,6.0,2,2,2,222,2.0,Lost / Hibernating
52600,4,1,145.07,0,22.0,3,2,2,322,2.3333333333333335,Potential Loyalists
52601,0,1,185.64,1,0.0,5,2,4,524,3.6666666666666665,Potential Loyalists
52602,5,1,124.68,0,11.0,2,2,1,221,1.6666666666666667,Lost / Hibernating
52603,0,1,181.61,1,0.0,5,2,4,524,3.6666666666666665,Potential Loyalists
52604,0,1,121.09,0,9.0,5,2,1,521,2.6666666666666665,Potential Loyalists
52605,7,1,152.94,0,3.0,2,2,2,222,2.0,Lost / Hibernating
52606,7,1,127.18,0,5.0,2,2,1,221,1.6666666666666667,Lost / Hibernating
52607,0,1,158.11,0,11.0,5,2,3,523,3.3333333333333335,Potential Loyalists
52608,0,1,124.37,1,6.0,5,2,1,521,2.6666666666666665,Potential Loyalists
52609,4,1,127.66,0,15.0,3,2,1,321,2.0,Potential Loyalists
52610,0,1,290.38,0,28.0,5,2,5,525,4.0,Potential Loyalists
52611,7,1,130.55,0,6.0,2,2,1,221,1.6666666666666667,Lost / Hibernating
52612,4,1,122.89,0,9.0,3,2,1,321,2.0,Potential Loyalists
52613,7,1,140.01,0,7.0,2,2,1,221,1.6666666666666667,Lost / Hibernating
52614,3,1,229.65,0,26.0,4,2,5,425,3.6666666666666665,Potential Loyalists
52615,8,1,135.39,0,16.0,2,2,1,221,1.6666666666666667,Lost / Hibernating
52616,2,2,160.29,0,7.0,4,2,3,423,3.0,Potential Loyalists
52617,0,1,126.79,1,0.0,5,2,1,521,2.6666666666666665,Potential Loyalists
52618,4,1,137.02,0,11.0,3,2,1,321,2.0,Potential Loyalists
52619,0,1,123.98,1,0.0,5,2,1,521,2.6666666666666665,Potential Loyalists
52620,7,5,154.68,0,4.0,2,5,3,253,3.3333333333333335,At Risk
52621,3,2,231.16000000000005,0,24.0,4,2,5,425,3.6666666666666665,Potential Loyalists
52622,3,1,141.89,0,10.0,4,2,2,422,2.6666666666666665,Potential Loyalists
52623,2,2,293.28,0,19.0,4,2,5,425,3.6666666666666665,Potential Loyalists
52624,7,5,183.21,0,9.0,2,5,4,254,3.6666666666666665,At Risk
52625,3,2,123.42,1,7.0,4,2,1,421,2.3333333333333335,Potential Loyalists
52626,7,4,140.71,0,10.0,2,5,1,251,2.6666666666666665,At Risk
52627,7,7,158.13,1,0.0,2,5,3,253,3.3333333333333335,At Risk
52628,6,7,131.43,0,6.0,2,5,1,251,2.6666666666666665,At Risk
52629,3,1,120.44,0,9.0,4,2,1,421,2.3333333333333335,Potential Loyalists
52630,2,2,234.64,0,12.0,4,2,5,425,3.6666666666666665,Potential Loyalists
52631,2,2,179.91,0,19.0,4,2,4,424,3.3333333333333335,Potential Loyalists
52632,2,1,133.77,0,13.0,4,2,1,421,2.3333333333333335,Potential Loyalists
52633,0,1,155.38,0,15.0,5,2,3,523,3.3333333333333335,Potential Loyalists
52634,7,1,157.62,0,8.0,2,2,3,223,2.3333333333333335,At Risk
52635,8,3,125.92,0,11.0,2,4,1,241,2.3333333333333335,At Risk
52636,7,1,153.46,1,0.0,2,2,2,222,2.0,Lost / Hibernating
52637,8,1,142.13,1,0.0,2,2,2,222,2.0,Lost / Hibernating
52638,2,2,141.27,0,12.0,4,2,2,422,2.6666666666666665,Potential Loyalists
52639,2,1,124.38,0,16.0,4,2,1,421,2.3333333333333335,Potential Loyalists
52640,2,1,168.7,0,14.0,4,2,3,423,3.0,Potential Loyalists
52641,5,13,204.47,0,14.0,2,5,4,254,3.6666666666666665,At Risk
52642,2,1,196.67,0,3.0,4,2,4,424,3.3333333333333335,Potential Loyalists
52643,4,1,121.48,1,9.0,3,2,1,321,2.0,Potential Loyalists
52644,7,3,189.26,1,9.0,2,4,4,244,3.3333333333333335,At Risk
52645,3,1,165.13,0,13.0,4,2,3,423,3.0,Potential Loyalists
52646,8,4,167.99,0,7.0,2,5,3,253,3.3333333333333335,At Risk
52647,14,14,262.91,0,30.0,1,5,5,155,3.6666666666666665,At Risk
52648,3,1,127.05,0,8.0,4,2,1,421,2.3333333333333335,Potential Loyalists
52649,10,14,203.33,0,20.0,1,5,4,154,3.3333333333333335,At Risk
52650,7,7,144.48,0,13.0,2,5,2,252,3.0,At Risk
52651,7,1,168.54,0,27.0,2,2,3,223,2.3333333333333335,At Risk
52652,2,2,196.37,0,4.0,4,2,4,424,3.3333333333333335,Potential Loyalists
52653,2,1,135.91,0,1.0,4,2,1,421,2.3333333333333335,Potential Loyalists
52654,3,1,154.05,0,11.0,4,2,3,423,3.0,Potential Loyalists
52655,2,1,146.84,0,0.0,4,2,2,422,2.6666666666666665,Potential Loyalists
52656,2,2,257.87,0,30.0,4,2,5,425,3.6666666666666665,Potential Loyalists
52657,0,1,115.14,0,9.0,5,2,1,521,2.6666666666666665,Potential Loyalists
52658,0,1,129.56,1,0.0,5,2,1,521,2.6666666666666665,Potential Loyalists
52659,0,2,123.35,1,0.0,5,2,1,521,2.6666666666666665,Potential Loyalists
52660,7,5,151.54,0,18.0,2,5,2,252,3.0,At Risk
52661,0,1,169.62,0,9.0,5,2,3,523,3.3333333333333335,Potential Loyalists
52662,7,7,156.75,0,16.0,2,5,3,253,3.3333333333333335,At Risk
52663,2,1,123.79,0,0.0,4,2,1,421,2.3333333333333335,Potential Loyalists
52664,10,3,138.12,0,2.0,1,4,1,141,2.0,At Risk
52665,0,1,146.48,0,5.0,5,2,2,522,3.0,Potential Loyalists
52666,3,3,129.36,0,15.0,4,4,1,441,3.0,Loyal Customers
52667,0,2,121.05,0,9.0,5,2,1,521,2.6666666666666665,Potential Loyalists
52668,7,4,185.78,0,19.0,2,5,4,254,3.6666666666666665,At Risk
52669,2,2,127.06,0,1.0,4,2,1,421,2.3333333333333335,Potential Loyalists
52670,6,1,163.84,0,2.0,2,2,3,223,2.3333333333333335,At Risk
52671,0,1,139.68,0,15.0,5,2,1,521,2.6666666666666665,Potential Loyalists
52672,2,2,199.07,1,0.0,4,2,4,424,3.3333333333333335,Potential Loyalists
52673,8,2,232.25,0,19.0,2,2,5,225,3.0,At Risk
52674,8,5,135.4,0,0.0,2,5,1,251,2.6666666666666665,At Risk
52675,0,1,128.04,0,2.0,5,2,1,521,2.6666666666666665,Potential Loyalists
52676,14,6,293.92,0,16.0,1,5,5,155,3.6666666666666665,At Risk
52677,9,12,296.65,0,21.0,1,5,5,155,3.6666666666666665,At Risk
52678,0,1,124.39,1,0.0,5,2,1,521,2.6666666666666665,Potential Loyalists
52679,7,1,173.14,1,9.0,2,2,4,224,2.6666666666666665,At Risk
52680,3,7,147.74,0,0.0,4,5,2,452,3.6666666666666665,Loyal Customers
52681,2,2,139.02,0,12.0,4,2,1,421,2.3333333333333335,Potential Loyalists
52682,4,1,126.62,0,28.0,3,2,1,321,2.0,Potential Loyalists
52683,0,1,128.56,0,1.0,5,2,1,521,2.6666666666666665,Potential Loyalists
52684,0,1,110.81,1,0.0,5,2,1,521,2.6666666666666665,Potential Loyalists
52685,0,1,124.72,1,0.0,5,2,1,521,2.6666666666666665,Potential Loyalists
52686,7,1,156.73,0,9.0,2,2,3,223,2.3333333333333335,At Risk
52687,2,1,141.97,0,4.0,4,2,2,422,2.6666666666666665,Potential Loyalists
52688,0,1,197.13,0,7.0,5,2,4,524,3.6666666666666665,Potential Loyalists
52689,2,1,120.62,0,9.0,4,2,1,421,2.3333333333333335,Potential Loyalists
52690,4,1,142.84,0,10.0,3,2,2,322,2.3333333333333335,Potential Loyalists
52691,2,1,147.88,0,8.0,4,2,2,422,2.6666666666666665,Potential Loyalists
52692,8,3,159.06,0,18.0,2,4,3,243,3.0,At Risk
52693,8,1,138.86,0,9.0,2,2,1,221,1.6666666666666667,Lost / Hibernating
52694,16,11,268.23,0,13.0,1,5,5,155,3.6666666666666665,At Risk
52695,0,1,129.33,0,0.0,5,2,1,521,2.6666666666666665,Potential Loyalists
52696,7,1,165.0,0,0.0,2,2,3,223,2.3333333333333335,At Risk
52697,7,4,271.74,0,21.0,2,5,5,255,4.0,At Risk
52698,2,2,150.33,0,17.0,4,2,2,422,2.6666666666666665,Potential Loyalists
52699,0,3,123.07,1,9.0,5,4,1,541,3.3333333333333335,Loyal Customers
52700,0,1,125.87,1,19.0,5,2,1,521,2.6666666666666665,Potential Loyalists
52701,3,1,155.07,0,9.0,4,2,3,423,3.0,Potential Loyalists
52702,4,1,143.93,0,14.0,3,2,2,322,2.3333333333333335,Potential Loyalists
52703,7,2,233.48,0,15.0,2,2,5,225,3.0,At Risk
52704,4,1,165.83,0,4.0,3,2,3,323,2.6666666666666665,Potential Loyalists
52705,1,1,181.03,0,7.0,5,2,4,524,3.6666666666666665,Potential Loyalists
52706,2,2,139.78,0,4.0,4,2,1,421,2.3333333333333335,Potential Loyalists
52707,7,7,125.44,0,0.0,2,5,1,251,2.6666666666666665,At Risk
52708,3,1,153.99,0,18.0,4,2,3,423,3.0,Potential Loyalists
52709,9,1,154.87,0,6.0,1,2,3,123,2.0,At Risk
52710,7,1,168.34,0,1.0,2,2,3,223,2.3333333333333335,At Risk
52711,0,1,110.91,1,0.0,5,2,1,521,2.6666666666666665,Potential Loyalists
52712,2,1,157.36,0,12.0,4,2,3,423,3.0,Potential Loyalists
52713,2,1,122.26,0,9.0,4,2,1,421,2.3333333333333335,Potential Loyalists
52714,11,6,157.47,0,7.0,1,5,3,153,3.0,At Risk
52715,2,2,198.54,1,0.0,4,2,4,424,3.3333333333333335,Potential Loyalists
52716,7,1,154.67,0,20.0,2,2,3,223,2.3333333333333335,At Risk
52717,0,1,153.8,0,29.0,5,2,3,523,3.3333333333333335,Potential Loyalists
52718,9,7,151.51,0,12.0,1,5,2,152,2.6666666666666665,At Risk
52719,7,1,121.33,0,9.0,2,2,1,221,1.6666666666666667,Lost / Hibernating
52720,0,1,278.75,0,60.0,5,2,5,525,4.0,Potential Loyalists
52721,3,1,124.32,1,0.0,4,2,1,421,2.3333333333333335,Potential Loyalists
52722,3,1,147.71,0,11.0,4,2,2,422,2.6666666666666665,Potential Loyalists
52723,3,4,291.61,0,22.0,4,5,5,455,4.666666666666667,Champions
52724,0,1,150.87,0,15.0,5,2,2,522,3.0,Potential Loyalists
52725,0,1,128.63,1,0.0,5,2,1,521,2.6666666666666665,Potential Loyalists
52726,4,1,155.61,0,8.0,3,2,3,323,2.6666666666666665,Potential Loyalists
52727,4,1,121.44,0,9.0,3,2,1,321,2.0,Potential Loyalists
52728,3,2,130.65,0,4.0,4,2,1,421,2.3333333333333335,Potential Loyalists
52729,2,1,128.1,0,9.0,4,2,1,421,2.3333333333333335,Potential Loyalists
52730,1,2,198.88,0,7.0,5,2,4,524,3.6666666666666665,Potential Loyalists
52731,1,1,186.28,0,7.0,5,2,4,524,3.6666666666666665,Potential Loyalists
52732,6,7,128.67,0,0.0,2,5,1,251,2.6666666666666665,At Risk
52733,2,1,153.73,0,2.0,4,2,3,423,3.0,Potential Loyalists
52734,2,1,166.67,0,5.0,4,2,3,423,3.0,Potential Loyalists
52735,7,8,150.03,0,4.0,2,5,2,252,3.0,At Risk
52736,3,1,123.67,1,0.0,4,2,1,421,2.3333333333333335,Potential Loyalists
52737,0,1,128.58,0,11.0,5,2,1,521,2.6666666666666665,Potential Loyalists
52738,9,1,152.04,0,8.0,1,2,2,122,1.6666666666666667,Lost / Hibernating
52739,7,1,141.05,0,0.0,2,2,2,222,2.0,Lost / Hibernating
52740,0,1,196.79,0,5.0,5,2,4,524,3.6666666666666665,Potential Loyalists
52741,8,1,156.17,1,0.0,1,2,3,123,2.0,At Risk
52742,2,2,204.48,1,16.0,4,2,4,424,3.3333333333333335,Potential Loyalists
52743,3,2,128.97,0,27.0,4,2,1,421,2.3333333333333335,Potential Loyalists
52744,8,2,159.68,0,6.0,1,2,3,123,2.0,At Risk
52745,9,1,175.1,0,16.0,1,2,4,124,2.3333333333333335,At Risk
52746,2,1,129.91,0,11.0,4,2,1,421,2.3333333333333335,Potential Loyalists
52747,4,1,296.36,0,28.0,3,2,5,325,3.3333333333333335,Potential Loyalists
52748,0,1,111.29,0,4.0,5,2,1,521,2.6666666666666665,Potential Loyalists
52749,10,2,233.41000000000005,0,12.0,1,2,5,125,2.6666666666666665,At Risk
52750,7,3,143.32,0,15.0,2,4,2,242,2.6666666666666665,At Risk
52751,3,4,210.31,0,4.0,4,5,5,455,4.666666666666667,Champions
52752,4,1,144.4,0,27.0,3,2,2,322,2.3333333333333335,Potential Loyalists
52753,2,1,146.17,0,0.0,4,2,2,422,2.6666666666666665,Potential Loyalists
52754,4,1,126.47,0,0.0,3,2,1,321,2.0,Potential Loyalists
52755,4,9,163.23,0,13.0,3,5,3,353,3.6666666666666665,Loyal Customers
52756,10,5,156.77,0,13.0,1,5,3,153,3.0,At Risk
52757,2,1,121.87,0,9.0,4,2,1,421,2.3333333333333335,Potential Loyalists
52758,7,1,137.48,0,3.0,2,2,1,221,1.6666666666666667,Lost / Hibernating
52759,2,1,139.77,0,0.0,4,2,1,421,2.3333333333333335,Potential Loyalists
52760,11,12,186.33,0,20.0,1,5,4,154,3.3333333333333335,At Risk
52761,0,1,120.08,0,9.0,5,2,1,521,2.6666666666666665,Potential Loyalists
52762,8,5,144.4,0,11.0,1,5,2,152,2.6666666666666665,At Risk
52763,2,1,130.67,0,4.0,4,2,1,421,2.3333333333333335,Potential Loyalists
52764,7,7,153.21,0,11.0,2,5,2,252,3.0,At Risk
52765,2,1,154.1,0,15.0,4,2,3,423,3.0,Potential Loyalists
52766,0,1,127.82,0,14.0,5,2,1,521,2.6666666666666665,Potential Loyalists
52767,3,5,219.57,0,20.0,4,5,5,455,4.666666666666667,Champions
52768,2,2,126.6,0,8.0,4,2,1,421,2.3333333333333335,Potential Loyalists
52769,2,1,133.75,0,0.0,4,2,1,421,2.3333333333333335,Potential Loyalists
52770,8,1,150.98,0,8.0,1,2,2,122,1.6666666666666667,Lost / Hibernating
52771,1,8,148.78,0,6.0,5,5,2,552,4.0,Loyal Customers
52772,1,4,128.37,0,5.0,5,5,1,551,3.6666666666666665,Loyal Customers
52773,0,1,124.06,0,13.0,5,2,1,521,2.6666666666666665,Potential Loyalists
52774,2,2,122.69,0,9.0,4,2,1,421,2.3333333333333335,Potential Loyalists
52775,7,1,141.08,0,12.0,2,2,2,222,2.0,Lost / Hibernating
52776,11,2,232.06,0,11.0,1,2,5,125,2.6666666666666665,At Risk
52777,7,5,204.22,0,5.0,2,5,4,254,3.6666666666666665,At Risk
52778,8,2,237.44,0,10.0,1,2,5,125,2.6666666666666665,At Risk
52779,4,1,149.07,0,0.0,3,2,2,322,2.3333333333333335,Potential Loyalists
52780,0,1,134.82,0,25.0,5,2,1,521,2.6666666666666665,Potential Loyalists
52781,2,1,124.36,0,17.0,4,2,1,421,2.3333333333333335,Potential Loyalists
52782,2,1,123.8,0,0.0,4,2,1,421,2.3333333333333335,Potential Loyalists
52783,3,1,294.31,0,12.0,4,2,5,425,3.6666666666666665,Potential Loyalists
52784,0,1,117.9,1,9.0,5,2,1,521,2.6666666666666665,Potential Loyalists
52785,4,3,176.44,0,9.0,3,4,4,344,3.6666666666666665,Loyal Customers
52786,2,1,151.31,0,9.0,4,2,2,422,2.6666666666666665,Potential Loyalists
52787,9,1,163.06,0,29.0,1,2,3,123,2.0,At Risk
52788,2,2,147.87,1,0.0,4,2,2,422,2.6666666666666665,Potential Loyalists
52789,14,4,288.8,0,15.0,1,5,5,155,3.6666666666666665,At Risk
52790,8,9,123.39,1,19.0,1,5,1,151,2.3333333333333335,At Risk
52791,10,2,235.7,0,14.0,1,2,5,125,2.6666666666666665,At Risk
52792,7,1,167.12,0,7.0,2,2,3,223,2.3333333333333335,At Risk
52793,11,11,154.06,0,9.0,1,5,3,153,3.0,At Risk
52794,4,1,189.38,0,14.0,3,2,4,324,3.0,Potential Loyalists
52795,2,1,124.39,0,5.0,4,2,1,421,2.3333333333333335,Potential Loyalists
52796,7,1,188.37,0,8.0,2,2,4,224,2.6666666666666665,At Risk
52797,9,1,153.43,0,11.0,1,2,2,122,1.6666666666666667,Lost / Hibernating
52798,1,1,167.28,1,13.0,5,2,3,523,3.3333333333333335,Potential Loyalists
52799,0,1,166.52,0,9.0,5,2,3,523,3.3333333333333335,Potential Loyalists
52800,1,1,148.5,0,18.0,5,2,2,522,3.0,Potential Loyalists
52801,2,2,128.09,0,13.0,4,2,1,421,2.3333333333333335,Potential Loyalists
52802,2,1,156.89,0,8.0,4,2,3,423,3.0,Potential Loyalists
52803,2,1,120.01,0,9.0,4,2,1,421,2.3333333333333335,Potential Loyalists
52804,1,1,129.77,0,8.0,5,2,1,521,2.6666666666666665,Potential Loyalists
52805,3,1,140.25,0,2.0,4,2,1,421,2.3333333333333335,Potential Loyalists
52806,4,1,137.85,0,2.0,3,2,1,321,2.0,Potential Loyalists
52807,0,2,208.54,1,13.0,5,2,4,524,3.6666666666666665,Potential Loyalists
52808,3,9,220.31,0,12.0,4,5,5,455,4.666666666666667,Champions
52809,7,1,199.36,0,4.0,2,2,4,224,2.6666666666666665,At Risk
52810,0,1,129.66,0,0.0,5,2,1,521,2.6666666666666665,Potential Loyalists
52811,3,1,125.71,0,9.0,4,2,1,421,2.3333333333333335,Potential Loyalists
52812,7,1,199.91,0,12.0,2,2,4,224,2.6666666666666665,At Risk
52813,3,1,161.42,0,0.0,4,2,3,423,3.0,Potential Loyalists
52814,8,1,153.9,0,22.0,1,2,3,123,2.0,At Risk
52815,2,1,144.04,0,7.0,4,2,2,422,2.6666666666666665,Potential Loyalists
52816,6,2,184.93,1,5.0,2,2,4,224,2.6666666666666665,At Risk
52817,1,2,145.9,1,1.0,5,2,2,522,3.0,Potential Loyalists
52818,4,2,145.28,1,1.0,3,2,2,322,2.3333333333333335,Potential Loyalists
52819,4,2,159.07,1,1.0,3,2,3,323,2.6666666666666665,Potential Loyalists
52820,4,2,154.6,1,1.0,3,2,3,323,2.6666666666666665,Potential Loyalists
52821,8,7,164.19,1,1.0,1,5,3,153,3.0,At Risk
52822,1,2,145.86,1,3.0,5,2,2,522,3.0,Potential Loyalists
52823,1,3,147.93,1,1.0,5,4,2,542,3.6666666666666665,Loyal Customers
52824,3,2,151.83,1,14.0,4,2,2,422,2.6666666666666665,Potential Loyalists
52825,2,2,147.93,1,1.0,4,2,2,422,2.6666666666666665,Potential Loyalists
52826,9,16,320.45,1,5.0,1,5,5,155,3.6666666666666665,At Risk
52827,1,2,178.81,1,12.0,5,2,4,524,3.6666666666666665,Potential Loyalists
52828,3,3,159.41,1,1.0,4,4,3,443,3.6666666666666665,Loyal Customers
52829,1,2,158.88,1,1.0,5,2,3,523,3.3333333333333335,Potential Loyalists
52830,3,5,221.19,1,10.0,4,5,5,455,4.666666666666667,Champions
52831,3,2,145.73,1,1.0,4,2,2,422,2.6666666666666665,Potential Loyalists
52832,1,2,154.26,1,1.0,5,2,3,523,3.3333333333333335,Potential Loyalists
52833,4,2,182.44,1,1.0,3,2,4,324,3.0,Potential Loyalists
52834,7,2,185.74,1,1.0,2,2,4,224,2.6666666666666665,At Risk
52835,4,5,174.63,1,20.0,3,5,4,354,4.0,Loyal Customers
52836,8,8,186.72,1,1.0,1,5,4,154,3.3333333333333335,At Risk
52837,3,16,228.12,1,21.0,4,5,5,455,4.666666666666667,Champions
52838,1,2,141.75,1,1.0,5,2,2,522,3.0,Potential Loyalists
52839,3,3,170.59,1,1.0,4,4,3,443,3.6666666666666665,Loyal Customers
52840,4,2,231.5,1,15.0,3,2,5,325,3.3333333333333335,Potential Loyalists
52841,5,2,167.0,1,1.0,2,2,3,223,2.3333333333333335,At Risk
52842,7,2,197.95,0,9.0,2,2,4,224,2.6666666666666665,At Risk
52843,6,5,148.06,0,27.0,2,5,2,252,3.0,At Risk
52844,16,2,148.48,0,19.0,1,2,2,122,1.6666666666666667,Lost / Hibernating
52845,3,4,214.98,0,6.0,4,5,5,455,4.666666666666667,Champions
52846,10,2,168.19,0,3.0,1,2,3,123,2.0,At Risk
52847,1,2,186.32,0,1.0,5,2,4,524,3.6666666666666665,Potential Loyalists
52848,1,2,158.46,0,31.0,5,2,3,523,3.3333333333333335,Potential Loyalists
52849,12,2,233.55,0,14.0,1,2,5,125,2.6666666666666665,At Risk
52850,3,2,147.31,0,8.0,4,2,2,422,2.6666666666666665,Potential Loyalists
52851,3,3,148.23,0,1.0,4,4,2,442,3.3333333333333335,Loyal Customers
52852,3,3,145.24,0,1.0,3,4,2,342,3.0,Loyal Customers
52853,3,2,152.13,0,2.0,3,2,2,322,2.3333333333333335,Potential Loyalists
52854,3,2,219.39,0,31.0,3,2,5,325,3.3333333333333335,Potential Loyalists
52855,2,2,150.66,0,1.0,4,2,2,422,2.6666666666666665,Potential Loyalists
52856,5,5,324.26,0,24.0,2,5,5,255,4.0,At Risk
52857,9,2,149.51,0,15.0,1,2,2,122,1.6666666666666667,Lost / Hibernating
52858,3,8,219.19,0,4.0,3,5,5,355,4.333333333333333,Loyal Customers
52859,3,2,211.86,0,12.0,3,2,5,325,3.3333333333333335,Potential Loyalists
52860,5,2,155.38,0,6.0,2,2,3,223,2.3333333333333335,At Risk
52861,2,2,155.58,0,1.0,4,2,3,423,3.0,Potential Loyalists
52862,1,2,148.25,1,1.0,5,2,2,522,3.0,Potential Loyalists
52863,3,8,145.88,0,10.0,3,5,2,352,3.3333333333333335,Loyal Customers
52864,11,7,155.72,0,4.0,1,5,3,153,3.0,At Risk
52865,4,2,175.06,0,19.0,3,2,4,324,3.0,Potential Loyalists
52866,3,3,167.57,0,30.0,3,4,3,343,3.3333333333333335,Loyal Customers
52867,3,2,150.0,0,7.0,3,2,2,322,2.3333333333333335,Potential Loyalists
52868,1,2,136.02,1,1.0,5,2,1,521,2.6666666666666665,Potential Loyalists
52869,3,16,229.53,0,20.0,3,5,5,355,4.333333333333333,Loyal Customers
52870,2,3,147.88,0,12.0,4,4,2,442,3.3333333333333335,Loyal Customers
52871,3,2,164.29,0,5.0,3,2,3,323,2.6666666666666665,Potential Loyalists
52872,3,2,148.11,0,8.0,3,2,2,322,2.3333333333333335,Potential Loyalists
52873,3,2,156.4,1,5.0,3,2,3,323,2.6666666666666665,Potential Loyalists
52874,3,2,161.9,0,24.0,3,2,3,323,2.6666666666666665,Potential Loyalists
52875,4,2,169.5,0,27.0,3,2,3,323,2.6666666666666665,Potential Loyalists
52876,7,2,152.56,0,7.0,2,2,2,222,2.0,Lost / Hibernating
52877,10,10,315.33,0,14.0,1,5,5,155,3.6666666666666665,At Risk
52878,16,3,312.22,0,29.0,1,4,5,145,3.3333333333333335,At Risk
52879,3,2,220.47,0,8.0,3,2,5,325,3.3333333333333335,Potential Loyalists
52880,1,2,262.34,0,25.0,5,2,5,525,4.0,Potential Loyalists
52881,10,12,324.99,0,26.0,1,5,5,155,3.6666666666666665,At Risk
52882,4,2,147.79,0,1.0,3,2,2,322,2.3333333333333335,Potential Loyalists
52883,2,2,184.16,1,1.0,4,2,4,424,3.3333333333333335,Potential Loyalists
52884,3,3,145.89,0,17.0,3,4,2,342,3.0,Loyal Customers
52885,9,12,292.92,0,19.0,1,5,5,155,3.6666666666666665,At Risk
52886,8,2,160.64,0,11.0,1,2,3,123,2.0,At Risk
52887,3,2,169.25,0,9.0,3,2,3,323,2.6666666666666665,Potential Loyalists
52888,3,2,177.65,0,16.0,3,2,4,324,3.0,Potential Loyalists
52889,1,2,190.53,0,12.0,5,2,4,524,3.6666666666666665,Potential Loyalists
52890,8,2,187.61,0,12.0,1,2,4,124,2.3333333333333335,At Risk
52891,1,3,167.98,0,1.0,5,4,3,543,4.0,Loyal Customers
52892,8,2,193.04,0,23.0,1,2,4,124,2.3333333333333335,At Risk
52893,1,3,163.15,0,8.0,5,4,3,543,4.0,Loyal Customers
52894,8,4,152.41,0,14.0,1,5,2,152,2.6666666666666665,At Risk
52895,1,2,191.73,1,2.0,5,2,4,524,3.6666666666666665,Potential Loyalists
52896,10,2,201.39,1,1.0,1,2,4,124,2.3333333333333335,At Risk
52897,3,3,148.28,0,1.0,3,4,2,342,3.0,Loyal Customers
52898,8,2,146.53,0,10.0,1,2,2,122,1.6666666666666667,Lost / Hibernating
52899,3,2,173.76,0,14.0,3,2,4,324,3.0,Potential Loyalists
52900,3,2,218.96,0,20.0,3,2,5,325,3.3333333333333335,Potential Loyalists
52901,3,10,229.0,1,1.0,3,5,5,355,4.333333333333333,Loyal Customers
52902,3,6,209.74,0,4.0,3,5,5,355,4.333333333333333,Loyal Customers
52903,3,2,224.81,0,1.0,3,2,5,325,3.3333333333333335,Potential Loyalists
52904,8,2,249.9,0,25.0,1,2,5,125,2.6666666666666665,At Risk
52905,5,2,151.57,1,1.0,2,2,2,222,2.0,Lost / Hibernating
52906,1,2,260.91,0,15.0,5,2,5,525,4.0,Potential Loyalists
52907,2,2,191.96,1,1.0,4,2,4,424,3.3333333333333335,Potential Loyalists
52908,6,2,145.58,1,1.0,2,2,2,222,2.0,Lost / Hibernating
52909,3,13,213.65,0,19.0,3,5,5,355,4.333333333333333,Loyal Customers
52910,6,2,184.4,0,28.0,2,2,4,224,2.6666666666666665,At Risk
52911,8,4,184.14,0,10.0,1,5,4,154,3.3333333333333335,At Risk
52912,2,2,151.22,0,7.0,4,2,2,422,2.6666666666666665,Potential Loyalists
52913,8,2,246.85,0,11.0,1,2,5,125,2.6666666666666665,At Risk
52914,3,6,231.09,0,12.0,3,5,5,355,4.333333333333333,Loyal Customers
52915,5,2,168.45,0,5.0,2,2,3,223,2.3333333333333335,At Risk
52916,1,2,146.77,0,31.0,5,2,2,522,3.0,Potential Loyalists
52917,9,6,25.0,0,11.0,1,5,1,151,2.3333333333333335,At Risk
52918,2,5,204.18,0,3.0,4,5,4,454,4.333333333333333,Champions
52919,3,2,212.89,0,9.0,3,2,5,325,3.3333333333333335,Potential Loyalists
52920,2,2,148.89,1,1.0,4,2,2,422,2.6666666666666665,Potential Loyalists
52921,3,3,157.12,0,26.0,3,4,3,343,3.3333333333333335,Loyal Customers
52922,16,12,317.32,0,16.0,1,5,5,155,3.6666666666666665,At Risk
52923,3,3,147.67,0,31.0,3,4,2,342,3.0,Loyal Customers
52924,7,2,320.17,0,24.0,2,2,5,225,3.0,At Risk
52925,5,2,149.36,1,1.0,2,2,2,222,2.0,Lost / Hibernating
52926,10,2,285.64,0,17.0,1,2,5,125,2.6666666666666665,At Risk
52927,8,2,152.07,1,1.0,1,2,2,122,1.6666666666666667,Lost / Hibernating
52928,13,16,315.68,0,26.0,1,5,5,155,3.6666666666666665,At Risk
52929,3,2,164.31,0,6.0,3,2,3,323,2.6666666666666665,Potential Loyalists
52930,3,2,162.3,1,1.0,3,2,3,323,2.6666666666666665,Potential Loyalists
52931,3,2,147.32,0,13.0,3,2,2,322,2.3333333333333335,Potential Loyalists
52932,3,3,169.65,0,6.0,3,4,3,343,3.3333333333333335,Loyal Customers
52933,1,2,155.72,0,15.0,5,2,3,523,3.3333333333333335,Potential Loyalists
52934,8,5,158.19,0,14.0,1,5,3,153,3.0,At Risk
52935,8,2,317.02,0,19.0,1,2,5,125,2.6666666666666665,At Risk
52936,3,3,261.75,0,5.0,3,4,5,345,4.0,Loyal Customers
52937,3,2,154.11,0,7.0,3,2,3,323,2.6666666666666665,Potential Loyalists
52938,10,6,184.57,0,8.0,1,5,4,154,3.3333333333333335,At Risk
52939,3,2,164.2,0,11.0,3,2,3,323,2.6666666666666665,Potential Loyalists
52940,3,2,189.34,0,19.0,3,2,4,324,3.0,Potential Loyalists
52941,3,2,225.48,1,1.0,3,2,5,325,3.3333333333333335,Potential Loyalists
52942,9,2,234.38,0,13.0,1,2,5,125,2.6666666666666665,At Risk
52943,6,2,148.4,0,3.0,2,2,2,222,2.0,Lost / Hibernating
52944,3,2,190.45,0,16.0,3,2,4,324,3.0,Potential Loyalists
52945,3,2,194.31,0,3.0,3,2,4,324,3.0,Potential Loyalists
52946,3,2,173.98,0,1.0,3,2,4,324,3.0,Potential Loyalists
52947,9,8,150.93,0,16.0,1,5,2,152,2.6666666666666665,At Risk
52948,10,4,319.36,0,14.0,1,5,5,155,3.6666666666666665,At Risk
52949,1,2,152.23,0,25.0,5,2,2,522,3.0,Potential Loyalists
52950,5,2,159.79,1,1.0,2,2,3,223,2.3333333333333335,At Risk
52951,4,2,152.94,0,6.0,3,2,2,322,2.3333333333333335,Potential Loyalists
52952,6,8,177.49,0,12.0,2,5,4,254,3.6666666666666665,At Risk
52953,5,2,146.76,0,6.0,2,2,2,222,2.0,Lost / Hibernating
52954,8,8,293.72,0,20.0,1,5,5,155,3.6666666666666665,At Risk
52955,1,2,159.85,1,1.0,5,2,3,523,3.3333333333333335,Potential Loyalists
52956,1,2,191.44,0,3.0,5,2,4,524,3.6666666666666665,Potential Loyalists
52957,9,8,180.82,0,5.0,1,5,4,154,3.3333333333333335,At Risk
52958,6,2,165.0,0,1.0,2,2,3,223,2.3333333333333335,At Risk
52959,11,2,259.96,0,19.0,1,2,5,125,2.6666666666666665,At Risk
52960,12,11,157.1,0,10.0,1,5,3,153,3.0,At Risk
52961,14,5,315.45,0,29.0,1,5,5,155,3.6666666666666665,At Risk
52962,10,2,243.49,1,11.0,1,2,5,125,2.6666666666666665,At Risk
52963,5,2,145.7,0,2.0,2,2,2,222,2.0,Lost / Hibernating
52964,2,2,190.02,0,11.0,4,2,4,424,3.3333333333333335,Potential Loyalists
52965,1,2,157.3,0,1.0,5,2,3,523,3.3333333333333335,Potential Loyalists
52966,3,2,261.03,0,11.0,3,2,5,325,3.3333333333333335,Potential Loyalists
52967,3,2,244.96,0,3.0,3,2,5,325,3.3333333333333335,Potential Loyalists
52968,8,8,181.05,0,12.0,1,5,4,154,3.3333333333333335,At Risk
52969,5,2,188.97,0,1.0,2,2,4,224,2.6666666666666665,At Risk
52970,7,2,316.44,0,24.0,2,2,5,225,3.0,At Risk
52971,4,2,300.84,0,27.0,3,2,5,325,3.3333333333333335,Potential Loyalists
52972,7,12,174.07,0,16.0,2,5,4,254,3.6666666666666665,At Risk
52973,10,2,170.54,0,3.0,1,3,3,133,2.3333333333333335,At Risk
52974,9,2,179.15,0,29.0,1,3,4,134,2.6666666666666665,At Risk
52975,4,4,172.41,0,1.0,3,5,3,353,3.6666666666666665,Loyal Customers
52976,8,6,146.15,0,11.0,1,5,2,152,2.6666666666666665,At Risk
52977,1,2,156.61,1,8.0,5,3,3,533,3.6666666666666665,Loyal Customers
52978,3,2,182.45,0,12.0,3,3,4,334,3.3333333333333335,Loyal Customers
52979,3,2,148.73,1,1.0,3,3,2,332,2.6666666666666665,Loyal Customers
52980,3,2,158.1,0,2.0,3,3,3,333,3.0,Loyal Customers
52981,3,2,311.65,0,23.0,3,3,5,335,3.6666666666666665,Loyal Customers
52982,8,8,169.85,0,10.0,1,5,3,153,3.0,At Risk
52983,3,3,152.89,0,5.0,3,4,2,342,3.0,Loyal Customers
52984,5,8,183.28,1,1.0,2,5,4,254,3.6666666666666665,At Risk
52985,3,2,148.26,0,11.0,3,3,2,332,2.6666666666666665,Loyal Customers
52986,9,2,260.25,0,16.0,1,3,5,135,3.0,At Risk
52987,1,2,139.2,1,1.0,5,3,1,531,3.0,Loyal Customers
52988,10,7,205.2,0,9.0,1,5,4,154,3.3333333333333335,At Risk
52989,1,2,161.88,0,10.0,5,3,3,533,3.6666666666666665,Loyal Customers
52990,3,2,179.82,0,25.0,3,3,4,334,3.3333333333333335,Loyal Customers
52991,5,2,285.15,0,15.0,2,3,5,235,3.3333333333333335,At Risk
52992,1,2,137.0,0,1.0,5,3,1,531,3.0,Loyal Customers
52993,8,2,181.61,0,2.0,1,3,4,134,2.6666666666666665,At Risk
52994,8,8,194.29,0,5.0,1,5,4,154,3.3333333333333335,At Risk
52995,3,4,221.13,0,13.0,3,5,5,355,4.333333333333333,Loyal Customers
52996,9,2,181.74,0,10.0,1,3,4,134,2.6666666666666665,At Risk
52997,9,5,179.84,0,6.0,1,5,4,154,3.3333333333333335,At Risk
52998,2,2,245.61,0,12.0,4,3,5,435,4.0,Loyal Customers
52999,3,2,181.6,0,31.0,3,3,4,334,3.3333333333333335,Loyal Customers
53000,4,2,173.21,0,5.0,3,3,4,334,3.3333333333333335,Loyal Customers
53001,1,2,189.1,0,5.0,5,3,4,534,4.0,Loyal Customers
53002,12,10,177.1,0,19.0,1,5,4,154,3.3333333333333335,At Risk
53003,3,3,151.95,0,5.0,3,4,2,342,3.0,Loyal Customers
53004,9,2,243.78,0,7.0,1,3,5,135,3.0,At Risk
53005,11,12,295.68,0,13.0,1,5,5,155,3.6666666666666665,At Risk
53006,8,2,149.55,0,17.0,1,3,2,132,2.0,At Risk
53007,8,2,264.64,0,23.0,1,3,5,135,3.0,At Risk
53008,8,8,174.41,1,16.0,1,5,4,154,3.3333333333333335,At Risk
53009,3,2,149.78,0,1.0,3,3,2,332,2.6666666666666665,Loyal Customers
53010,10,12,177.28,0,6.0,1,5,4,154,3.3333333333333335,At Risk
53011,5,2,169.78,0,1.0,2,3,3,233,2.6666666666666665,At Risk
53012,8,2,200.47,0,5.0,1,3,4,134,2.6666666666666665,At Risk
53013,8,2,175.55,0,6.0,1,3,4,134,2.6666666666666665,At Risk
53014,3,3,159.64,1,1.0,3,4,3,343,3.3333333333333335,Loyal Customers
53015,10,2,182.75,0,4.0,1,3,4,134,2.6666666666666665,At Risk
53016,3,9,214.43,0,5.0,3,5,5,355,4.333333333333333,Loyal Customers
53017,4,14,317.72,0,13.0,3,5,5,355,4.333333333333333,Loyal Customers
53018,1,2,177.38,1,3.0,5,3,4,534,4.0,Loyal Customers
53019,2,2,171.82,0,7.0,4,3,3,433,3.3333333333333335,Loyal Customers
53020,2,2,308.0,0,21.0,4,3,5,435,4.0,Loyal Customers
53021,1,2,177.57,0,17.0,5,3,4,534,4.0,Loyal Customers
53022,5,2,188.49,0,1.0,2,3,4,234,3.0,At Risk
53023,4,2,173.69,0,28.0,3,3,4,334,3.3333333333333335,Loyal Customers
53024,3,2,224.85,0,17.0,3,3,5,335,3.6666666666666665,Loyal Customers
53025,9,10,161.97,0,19.0,1,5,3,153,3.0,At Risk
53026,3,2,199.57,0,14.0,3,3,4,334,3.3333333333333335,Loyal Customers
53027,8,2,146.19,1,1.0,1,3,2,132,2.0,At Risk
53028,3,3,164.83,0,3.0,3,4,3,343,3.3333333333333335,Loyal Customers
53029,3,2,186.18,0,4.0,3,3,4,334,3.3333333333333335,Loyal Customers
53030,8,2,187.14,0,1.0,1,3,4,134,2.6666666666666665,At Risk
53031,5,2,188.47,0,11.0,2,3,4,234,3.0,At Risk
53032,10,2,240.1,0,12.0,1,3,5,135,3.0,At Risk
53033,11,5,196.43,0,5.0,1,5,4,154,3.3333333333333335,At Risk
53034,8,2,207.68,0,3.0,1,3,4,134,2.6666666666666665,At Risk
53035,14,2,205.95,0,9.0,1,3,4,134,2.6666666666666665,At Risk
53036,3,2,154.04,0,1.0,3,3,3,333,3.0,Loyal Customers
53037,3,2,185.32,0,15.0,3,3,4,334,3.3333333333333335,Loyal Customers
53038,1,2,154.76,0,21.0,5,3,3,533,3.6666666666666665,Loyal Customers
53039,1,2,284.92,0,16.0,5,3,5,535,4.333333333333333,Loyal Customers
53040,3,2,171.49,0,3.0,3,3,3,333,3.0,Loyal Customers
53041,1,2,151.96,0,16.0,5,3,2,532,3.3333333333333335,Loyal Customers
53042,8,2,148.7,0,6.0,1,3,2,132,2.0,At Risk
53043,1,2,250.04,0,22.0,5,3,5,535,4.333333333333333,Loyal Customers
53044,8,7,184.74,0,11.0,1,5,4,154,3.3333333333333335,At Risk
53045,3,3,172.36,0,4.0,3,4,3,343,3.3333333333333335,Loyal Customers
53046,8,8,177.96,0,1.0,1,5,4,154,3.3333333333333335,At Risk
53047,1,2,192.81,0,16.0,5,3,4,534,4.0,Loyal Customers
53048,3,2,146.74,1,1.0,3,3,2,332,2.6666666666666665,Loyal Customers
53049,1,2,191.53,0,10.0,5,3,4,534,4.0,Loyal Customers
53050,3,2,221.99,0,10.0,3,3,5,335,3.6666666666666665,Loyal Customers
53051,3,2,192.55,0,31.0,3,3,4,334,3.3333333333333335,Loyal Customers
53052,8,2,147.13,0,14.0,1,3,2,132,2.0,At Risk
53053,3,3,151.1,0,1.0,3,4,2,342,3.0,Loyal Customers
53054,1,2,153.51,1,1.0,5,3,2,532,3.3333333333333335,Loyal Customers
53055,4,2,159.52,0,11.0,3,3,3,333,3.0,Loyal Customers
53056,1,2,177.58,0,20.0,5,3,4,534,4.0,Loyal Customers
53057,3,8,218.55,1,5.0,3,5,5,355,4.333333333333333,Loyal Customers
53058,3,2,229.96,0,24.0,3,3,5,335,3.6666666666666665,Loyal Customers
53059,1,2,188.8,1,4.0,5,3,4,534,4.0,Loyal Customers
53060,3,3,151.57,0,5.0,3,4,2,342,3.0,Loyal Customers
53061,1,2,152.16,1,1.0,5,3,2,532,3.3333333333333335,Loyal Customers
53062,3,2,147.01,0,3.0,3,3,2,332,2.6666666666666665,Loyal Customers
53063,1,2,190.4,0,9.0,5,3,4,534,4.0,Loyal Customers
53064,5,2,163.16,0,1.0,2,3,3,233,2.6666666666666665,At Risk
53065,8,2,177.53,0,2.0,1,3,4,134,2.6666666666666665,At Risk
53066,1,2,170.0,0,23.0,5,3,3,533,3.6666666666666665,Loyal Customers
53067,8,2,174.36,0,25.0,1,3,4,134,2.6666666666666665,At Risk
53068,3,3,150.43,0,10.0,3,4,2,342,3.0,Loyal Customers
53069,5,2,178.04,1,1.0,2,3,4,234,3.0,At Risk
53070,3,2,291.59,0,29.0,3,3,5,335,3.6666666666666665,Loyal Customers
53071,4,2,167.6,0,1.0,3,3,3,333,3.0,Loyal Customers
53072,1,2,149.76,0,4.0,5,3,2,532,3.3333333333333335,Loyal Customers
53073,5,2,156.02,1,1.0,2,3,3,233,2.6666666666666665,At Risk
53074,3,2,147.44,0,1.0,3,3,2,332,2.6666666666666665,Loyal Customers
53075,1,10,200.96,0,10.0,5,5,4,554,4.666666666666667,Champions
53076,1,2,147.85,1,1.0,5,3,2,532,3.3333333333333335,Loyal Customers
53077,18,13,155.34,0,11.0,1,5,3,153,3.0,At Risk
53078,4,2,182.15,0,14.0,3,3,4,334,3.3333333333333335,Loyal Customers
53079,3,2,150.76,0,16.0,3,3,2,332,2.6666666666666665,Loyal Customers
53080,2,2,166.97,0,11.0,4,3,3,433,3.3333333333333335,Loyal Customers
53081,10,4,268.36,0,17.0,1,5,5,155,3.6666666666666665,At Risk
53082,1,2,159.48,0,14.0,5,3,3,533,3.6666666666666665,Loyal Customers
53083,3,2,319.06,0,28.0,3,3,5,335,3.6666666666666665,Loyal Customers
53084,3,2,190.38,0,8.0,3,3,4,334,3.3333333333333335,Loyal Customers
53085,13,4,168.06,0,5.0,1,5,3,153,3.0,At Risk
53086,3,2,147.58,0,17.0,3,3,2,332,2.6666666666666665,Loyal Customers
53087,3,2,170.22,0,17.0,3,3,3,333,3.0,Loyal Customers
53088,4,2,169.87,0,1.0,3,3,3,333,3.0,Loyal Customers
53089,8,11,169.49,0,11.0,1,5,3,153,3.0,At Risk
53090,3,4,147.18,0,5.0,3,5,2,352,3.3333333333333335,Loyal Customers
53091,7,2,316.97,0,13.0,2,3,5,235,3.3333333333333335,At Risk
53092,8,2,257.12,0,30.0,1,3,5,135,3.0,At Risk
53093,5,5,190.77,0,4.0,2,5,4,254,3.6666666666666665,At Risk
53094,8,2,208.92,0,15.0,1,3,5,135,3.0,At Risk
53095,9,2,170.58,0,2.0,1,3,3,133,2.3333333333333335,At Risk
53096,3,2,165.31,1,1.0,3,3,3,333,3.0,Loyal Customers
53097,5,2,204.69,0,26.0,2,3,4,234,3.0,At Risk
53098,3,2,151.54,0,19.0,3,3,2,332,2.6666666666666665,Loyal Customers
53099,5,2,290.55,0,26.0,2,3,5,235,3.3333333333333335,At Risk
53100,3,2,170.56,0,16.0,3,3,3,333,3.0,Loyal Customers
53101,3,2,185.91,0,4.0,3,3,4,334,3.3333333333333335,Loyal Customers
53102,11,12,320.66,0,31.0,1,5,5,155,3.6666666666666665,At Risk
53103,9,2,173.1,0,20.0,1,3,4,134,2.6666666666666665,At Risk
53104,5,2,170.23,0,16.0,2,3,3,233,2.6666666666666665,At Risk
53105,5,2,157.02,1,1.0,2,3,3,233,2.6666666666666665,At Risk
53106,1,2,148.51,1,1.0,5,3,2,532,3.3333333333333335,Loyal Customers
53107,1,2,142.02,0,12.0,5,3,2,532,3.3333333333333335,Loyal Customers
53108,13,2,305.41,0,14.0,1,3,5,135,3.0,At Risk
53109,3,2,153.86,0,1.0,3,3,3,333,3.0,Loyal Customers
53110,5,2,145.97,0,4.0,2,3,2,232,2.3333333333333335,At Risk
53111,8,2,244.35,0,3.0,1,3,5,135,3.0,At Risk
53112,2,2,150.46,1,1.0,4,3,2,432,3.0,Loyal Customers
53113,1,2,150.64,1,1.0,5,3,2,532,3.3333333333333335,Loyal Customers
53114,9,8,209.12,0,4.0,1,5,5,155,3.6666666666666665,At Risk
53115,1,2,266.18,0,31.0,5,3,5,535,4.333333333333333,Loyal Customers
53116,8,16,295.46,0,24.0,1,5,5,155,3.6666666666666665,At Risk
53117,8,7,150.64,0,4.0,1,5,2,152,2.6666666666666665,At Risk
53118,3,14,227.66,0,31.0,3,5,5,355,4.333333333333333,Loyal Customers
53119,5,2,175.7,0,21.0,2,3,4,234,3.0,At Risk
53120,2,2,303.61,0,20.0,4,3,5,435,4.0,Loyal Customers
53121,4,5,167.3,0,9.0,3,5,3,353,3.6666666666666665,Loyal Customers
53122,1,2,162.8,0,28.0,5,3,3,533,3.6666666666666665,Loyal Customers
53123,8,6,152.68,0,8.0,1,5,2,152,2.6666666666666665,At Risk
53124,3,2,215.71,0,20.0,3,3,5,335,3.6666666666666665,Loyal Customers
53125,9,2,231.48,0,5.0,1,3,5,135,3.0,At Risk
53126,8,8,261.1,1,1.0,1,5,5,155,3.6666666666666665,At Risk
53127,4,2,159.08,1,1.0,3,3,3,333,3.0,Loyal Customers
53128,3,2,154.83,0,4.0,3,3,3,333,3.0,Loyal Customers
53129,1,2,201.32,0,9.0,5,3,4,534,4.0,Loyal Customers
53130,3,2,223.24,1,1.0,3,3,5,335,3.6666666666666665,Loyal Customers
53131,3,2,224.5,1,1.0,3,3,5,335,3.6666666666666665,Loyal Customers
53132,1,3,145.93,0,16.0,5,4,2,542,3.6666666666666665,Loyal Customers
53133,3,10,224.8,0,10.0,3,5,5,355,4.333333333333333,Loyal Customers
53134,3,2,163.94,1,1.0,3,3,3,333,3.0,Loyal Customers
53135,8,7,165.51,0,22.0,1,5,3,153,3.0,At Risk
53136,8,8,293.35,0,29.0,1,5,5,155,3.6666666666666665,At Risk
53137,11,2,187.3,0,15.0,1,3,4,134,2.6666666666666665,At Risk
53138,10,7,172.17,0,9.0,1,5,3,153,3.0,At Risk
53139,14,2,257.37,0,14.0,1,3,5,135,3.0,At Risk
53140,8,2,162.55,0,13.0,1,3,3,133,2.3333333333333335,At Risk
53141,6,2,190.82,0,5.0,2,3,4,234,3.0,At Risk
53142,9,6,199.06,0,16.0,1,5,4,154,3.3333333333333335,At Risk
53143,8,4,173.05,0,19.0,1,5,3,153,3.0,At Risk
53144,1,2,152.41,1,1.0,5,3,2,532,3.3333333333333335,Loyal Customers
53145,3,2,167.62,0,3.0,3,3,3,333,3.0,Loyal Customers
53146,6,2,286.84,0,7.0,2,3,5,235,3.3333333333333335,At Risk
53147,2,2,240.57,0,1.0,4,3,5,435,4.0,Loyal Customers
53148,1,2,143.78,1,1.0,5,3,2,532,3.3333333333333335,Loyal Customers
53149,2,2,234.32,0,14.0,4,3,5,435,4.0,Loyal Customers
53150,8,2,193.11,0,15.0,1,3,4,134,2.6666666666666665,At Risk
53151,1,2,168.06,0,1.0,5,3,3,533,3.6666666666666665,Loyal Customers
53152,4,2,173.59,0,9.0,3,3,4,334,3.3333333333333335,Loyal Customers
53153,8,6,178.37,0,8.0,1,5,4,154,3.3333333333333335,At Risk
53154,1,2,148.4,1,1.0,5,3,2,532,3.3333333333333335,Loyal Customers
53155,3,2,199.91,0,11.0,3,3,4,334,3.3333333333333335,Loyal Customers
53156,3,2,230.27,0,20.0,3,3,5,335,3.6666666666666665,Loyal Customers
53157,9,12,290.95,0,15.0,1,5,5,155,3.6666666666666665,At Risk
53158,3,8,213.34,0,11.0,3,5,5,355,4.333333333333333,Loyal Customers
53159,10,7,180.77,0,26.0,1,5,4,154,3.3333333333333335,At Risk
53160,3,2,172.07,1,1.0,3,3,3,333,3.0,Loyal Customers
53161,2,3,149.0,0,1.0,4,4,2,442,3.3333333333333335,Loyal Customers
53162,3,2,223.24,0,12.0,3,3,5,335,3.6666666666666665,Loyal Customers
53163,4,5,189.47,0,11.0,3,5,4,354,4.0,Loyal Customers
53164,10,2,320.02,0,23.0,1,3,5,135,3.0,At Risk
53165,5,2,152.25,0,1.0,2,3,2,232,2.3333333333333335,At Risk
53166,5,2,187.72,0,1.0,2,3,4,234,3.0,At Risk
53167,1,2,146.27,0,1.0,5,3,2,532,3.3333333333333335,Loyal Customers
53168,8,11,307.0,0,24.0,1,5,5,155,3.6666666666666665,At Risk
53169,7,2,145.96,0,1.0,2,3,2,232,2.3333333333333335,At Risk
53170,3,2,153.86,1,1.0,3,3,3,333,3.0,Loyal Customers
53171,1,2,145.33,1,1.0,5,3,2,532,3.3333333333333335,Loyal Customers
53172,4,2,161.22,0,8.0,3,3,3,333,3.0,Loyal Customers
53173,3,2,167.33,1,1.0,3,3,3,333,3.0,Loyal Customers
53174,3,2,161.81,0,9.0,3,3,3,333,3.0,Loyal Customers
53175,8,6,179.6,0,5.0,1,5,4,154,3.3333333333333335,At Risk
53176,4,2,146.87,0,1.0,3,3,2,332,2.6666666666666665,Loyal Customers
53177,3,2,221.02,0,11.0,3,3,5,335,3.6666666666666665,Loyal Customers
53178,1,2,153.36,0,1.0,5,3,2,532,3.3333333333333335,Loyal Customers
53179,3,3,165.89,0,16.0,3,4,3,343,3.3333333333333335,Loyal Customers
53180,1,2,291.27,0,17.0,5,3,5,535,4.333333333333333,Loyal Customers
53181,1,2,151.19,0,12.0,5,3,2,532,3.3333333333333335,Loyal Customers
53182,8,5,181.79,0,17.0,1,5,4,154,3.3333333333333335,At Risk
53183,3,2,279.02,0,22.0,3,3,5,335,3.6666666666666665,Loyal Customers
53184,3,2,184.85,0,18.0,3,3,4,334,3.3333333333333335,Loyal Customers
53185,7,2,150.79,0,8.0,2,3,2,232,2.3333333333333335,At Risk
53186,3,2,155.41,1,1.0,3,3,3,333,3.0,Loyal Customers
53187,3,2,159.47,0,1.0,3,3,3,333,3.0,Loyal Customers
53188,2,2,320.13,0,18.0,4,3,5,435,4.0,Loyal Customers
53189,3,3,152.73,0,1.0,3,4,2,342,3.0,Loyal Customers
53190,3,2,196.04,0,7.0,3,3,4,334,3.3333333333333335,Loyal Customers
53191,6,2,188.22,0,6.0,2,3,4,234,3.0,At Risk
53192,1,2,145.83,0,4.0,5,3,2,532,3.3333333333333335,Loyal Customers
53193,11,9,208.81,0,27.0,1,5,4,154,3.3333333333333335,At Risk
53194,9,9,151.91,0,8.0,1,5,2,152,2.6666666666666665,At Risk
53195,1,2,167.86,1,9.0,5,3,3,533,3.6666666666666665,Loyal Customers
53196,3,2,151.59,0,1.0,3,3,2,332,2.6666666666666665,Loyal Customers
53197,3,8,219.34,0,11.0,3,5,5,355,4.333333333333333,Loyal Customers
53198,3,2,180.61,0,3.0,3,3,4,334,3.3333333333333335,Loyal Customers
53199,9,12,191.46,0,9.0,1,5,4,154,3.3333333333333335,At Risk
53200,8,5,202.25,0,7.0,1,5,4,154,3.3333333333333335,At Risk
53201,2,2,232.25,0,28.0,4,3,5,435,4.0,Loyal Customers
53202,3,2,213.47,0,10.0,3,3,5,335,3.6666666666666665,Loyal Customers
53203,2,2,145.45,0,1.0,4,3,2,432,3.0,Loyal Customers
53204,2,2,135.09,1,1.0,4,3,1,431,2.6666666666666665,Loyal Customers
53205,8,10,158.48,1,1.0,1,5,3,153,3.0,At Risk
53206,1,2,137.81,0,9.0,5,3,1,531,3.0,Loyal Customers
53207,3,2,153.19,0,1.0,3,3,2,332,2.6666666666666665,Loyal Customers
53208,3,2,173.51,0,1.0,3,3,4,334,3.3333333333333335,Loyal Customers
53209,6,2,165.28,0,12.0,2,3,3,233,2.6666666666666665,At Risk
53210,9,3,152.2,0,3.0,1,4,2,142,2.3333333333333335,At Risk
53211,3,3,206.2,0,22.0,3,4,4,344,3.6666666666666665,Loyal Customers
53212,5,2,171.47,0,1.0,2,3,3,233,2.6666666666666665,At Risk
53213,1,2,171.8,0,11.0,5,3,3,533,3.6666666666666665,Loyal Customers
53214,9,4,157.21,0,24.0,1,5,3,153,3.0,At Risk
53215,3,8,211.21,0,8.0,3,5,5,355,4.333333333333333,Loyal Customers
53216,1,3,170.77,1,1.0,5,4,3,543,4.0,Loyal Customers
53217,11,12,170.53,0,13.0,1,5,3,153,3.0,At Risk
53218,9,2,178.96,0,6.0,1,3,4,134,2.6666666666666665,At Risk
53219,4,2,192.96,1,14.0,3,3,4,334,3.3333333333333335,Loyal Customers
53220,9,2,201.25,0,12.0,1,3,4,134,2.6666666666666665,At Risk
53221,8,2,199.12,0,1.0,1,3,4,134,2.6666666666666665,At Risk
53222,8,2,236.59,0,6.0,1,3,5,135,3.0,At Risk
53223,8,2,174.6,0,21.0,1,3,4,134,2.6666666666666665,At Risk
53224,3,2,229.75,0,14.0,3,3,5,335,3.6666666666666665,Loyal Customers
53225,4,2,273.14,0,27.0,3,3,5,335,3.6666666666666665,Loyal Customers
53226,7,13,316.41,0,15.0,2,5,5,255,4.0,At Risk
53227,3,3,179.05,0,31.0,3,4,4,344,3.6666666666666665,Loyal Customers
53228,3,2,212.93,0,1.0,3,3,5,335,3.6666666666666665,Loyal Customers
53229,11,3,316.89,0,15.0,1,4,5,145,3.3333333333333335,At Risk
53230,3,3,163.75,0,24.0,3,4,3,343,3.3333333333333335,Loyal Customers
53231,8,4,147.16,1,1.0,1,5,2,152,2.6666666666666665,At Risk
53232,6,2,242.13,0,10.0,2,3,5,235,3.3333333333333335,At Risk
53233,1,2,203.61,0,12.0,5,3,4,534,4.0,Loyal Customers
53234,5,2,162.08,0,18.0,2,3,3,233,2.6666666666666665,At Risk
53235,14,12,262.7,0,21.0,1,5,5,155,3.6666666666666665,At Risk
53236,8,8,178.04,0,4.0,1,5,4,154,3.3333333333333335,At Risk
53237,1,2,151.42,0,3.0,5,3,2,532,3.3333333333333335,Loyal Customers
53238,3,3,152.59,1,6.0,3,4,2,342,3.0,Loyal Customers
53239,3,3,193.04,0,17.0,3,4,4,344,3.6666666666666665,Loyal Customers
53240,4,5,186.42,0,8.0,3,5,4,354,4.0,Loyal Customers
53241,3,2,150.0,0,1.0,3,3,2,332,2.6666666666666665,Loyal Customers
53242,7,4,188.89,0,13.0,2,5,4,254,3.6666666666666665,At Risk
53243,2,2,236.03,0,30.0,4,3,5,435,4.0,Loyal Customers
53244,4,3,148.42,0,14.0,3,4,2,342,3.0,Loyal Customers
53245,8,2,193.11,0,1.0,1,3,4,134,2.6666666666666665,At Risk
53246,3,3,147.97,0,3.0,3,4,2,342,3.0,Loyal Customers
53247,3,3,149.5,0,27.0,3,4,2,342,3.0,Loyal Customers
53248,1,2,175.93,0,9.0,5,3,4,534,4.0,Loyal Customers
53249,8,5,178.09,0,6.0,1,5,4,154,3.3333333333333335,At Risk
53250,2,2,155.57,0,12.0,4,3,3,433,3.3333333333333335,Loyal Customers
53251,1,2,176.21,0,8.0,5,3,4,534,4.0,Loyal Customers
53252,17,2,293.56,0,26.0,1,3,5,135,3.0,At Risk
53253,9,8,151.86,1,1.0,1,5,2,152,2.6666666666666665,At Risk
53254,5,2,186.8,0,1.0,2,3,4,234,3.0,At Risk
53255,2,4,191.32,0,19.0,4,5,4,454,4.333333333333333,Champions
53256,3,2,160.05,0,1.0,3,3,3,333,3.0,Loyal Customers
53257,4,2,188.97,1,11.0,3,3,4,334,3.3333333333333335,Loyal Customers
53258,5,2,187.74,0,8.0,2,3,4,234,3.0,At Risk
53259,5,2,323.59,1,19.0,2,3,5,235,3.3333333333333335,At Risk
53260,10,2,200.87,0,10.0,1,3,4,134,2.6666666666666665,At Risk
53261,3,2,167.58,0,26.0,3,3,3,333,3.0,Loyal Customers
53262,1,3,168.64,0,1.0,5,4,3,543,4.0,Loyal Customers
53263,2,2,168.35,0,3.0,4,3,3,433,3.3333333333333335,Loyal Customers
53264,3,2,178.26,1,1.0,3,3,4,334,3.3333333333333335,Loyal Customers
53265,4,2,157.8,0,8.0,3,3,3,333,3.0,Loyal Customers
53266,5,2,179.85,0,28.0,2,3,4,234,3.0,At Risk
53267,2,2,168.42,0,3.0,4,3,3,433,3.3333333333333335,Loyal Customers
53268,4,5,152.82,0,11.0,3,5,2,352,3.3333333333333335,Loyal Customers
53269,13,5,184.8,0,12.0,1,5,4,154,3.3333333333333335,At Risk
53270,4,2,168.81,0,8.0,3,3,3,333,3.0,Loyal Customers
53271,3,2,150.72,0,9.0,3,3,2,332,2.6666666666666665,Loyal Customers
53272,3,2,163.33,0,4.0,3,3,3,333,3.0,Loyal Customers
53273,8,4,167.44,0,14.0,1,5,3,153,3.0,At Risk
53274,3,2,190.0,0,8.0,3,3,4,334,3.3333333333333335,Loyal Customers
53275,10,15,309.3,0,16.0,1,5,5,155,3.6666666666666665,At Risk
53276,1,2,141.01,1,1.0,5,3,2,532,3.3333333333333335,Loyal Customers
53277,1,2,151.94,0,1.0,5,3,2,532,3.3333333333333335,Loyal Customers
53278,5,2,156.49,0,26.0,2,3,3,233,2.6666666666666665,At Risk
53279,4,2,301.39,0,24.0,3,3,5,335,3.6666666666666665,Loyal Customers
53280,1,2,148.19,1,1.0,5,3,2,532,3.3333333333333335,Loyal Customers
53281,8,2,241.91000000000005,0,7.0,1,3,5,135,3.0,At Risk
53282,3,2,178.24,1,1.0,3,3,4,334,3.3333333333333335,Loyal Customers
53283,1,4,292.52,0,21.0,5,5,5,555,5.0,Champions
53284,6,2,177.28,0,10.0,2,3,4,234,3.0,At Risk
53285,8,2,152.0,0,3.0,1,3,2,132,2.0,At Risk
53286,9,14,317.46,1,21.0,1,5,5,155,3.6666666666666665,At Risk
53287,3,3,150.06,0,9.0,3,4,2,342,3.0,Loyal Customers
53288,3,2,185.62,0,16.0,3,3,4,334,3.3333333333333335,Loyal Customers
53289,2,3,168.82,1,1.0,4,4,3,443,3.6666666666666665,Loyal Customers
53290,5,2,146.43,0,10.0,2,3,2,232,2.3333333333333335,At Risk
53291,9,7,186.62,0,6.0,1,5,4,154,3.3333333333333335,At Risk
53292,1,2,175.94,0,14.0,5,3,4,534,4.0,Loyal Customers
53293,1,2,193.77,0,4.0,5,3,4,534,4.0,Loyal Customers
53294,1,2,147.74,0,19.0,5,3,2,532,3.3333333333333335,Loyal Customers
53295,9,8,169.34,0,16.0,1,5,3,153,3.0,At Risk
53296,3,2,187.88,0,12.0,3,3,4,334,3.3333333333333335,Loyal Customers
53297,4,2,150.53,0,8.0,3,3,2,332,2.6666666666666665,Loyal Customers
53298,8,8,201.54,1,13.0,1,5,4,154,3.3333333333333335,At Risk
53299,4,8,176.6,1,19.0,3,5,4,354,4.0,Loyal Customers
53300,1,2,296.59,0,17.0,5,3,5,535,4.333333333333333,Loyal Customers
53301,9,2,253.08,0,1.0,1,3,5,135,3.0,At Risk
53302,3,2,227.21,0,9.0,3,3,5,335,3.6666666666666665,Loyal Customers
53303,6,8,172.79,0,2.0,2,5,3,253,3.3333333333333335,At Risk
53304,3,2,162.37,0,8.0,3,3,3,333,3.0,Loyal Customers
53305,8,2,148.66,1,1.0,1,3,2,132,2.0,At Risk
53306,1,2,142.06,0,1.0,5,3,2,532,3.3333333333333335,Loyal Customers
53307,18,5,288.07,0,25.0,1,5,5,155,3.6666666666666665,At Risk
53308,4,3,184.33,0,18.0,3,4,4,344,3.6666666666666665,Loyal Customers
53309,2,2,159.24,0,1.0,4,3,3,433,3.3333333333333335,Loyal Customers
53310,9,2,165.37,0,7.0,1,3,3,133,2.3333333333333335,At Risk
53311,2,2,150.59,0,9.0,4,3,2,432,3.0,Loyal Customers
53312,12,5,187.01,0,10.0,1,5,4,154,3.3333333333333335,At Risk
53313,4,2,169.03,0,6.0,3,3,3,333,3.0,Loyal Customers
53314,4,2,162.61,0,4.0,3,3,3,333,3.0,Loyal Customers
53315,5,2,234.34,0,27.0,2,3,5,235,3.3333333333333335,At Risk
53316,3,2,232.61,0,19.0,3,3,5,335,3.6666666666666665,Loyal Customers
53317,4,2,176.75,0,6.0,3,3,4,334,3.3333333333333335,Loyal Customers
53318,1,2,263.26,0,26.0,5,3,5,535,4.333333333333333,Loyal Customers
53319,1,2,188.34,0,11.0,5,3,4,534,4.0,Loyal Customers
53320,5,2,174.36,0,2.0,2,3,4,234,3.0,At Risk
53321,3,3,172.75,0,1.0,3,4,3,343,3.3333333333333335,Loyal Customers
53322,3,2,153.18,0,18.0,3,3,2,332,2.6666666666666665,Loyal Customers
53323,3,3,150.15,0,16.0,3,4,2,342,3.0,Loyal Customers
53324,4,2,148.42,0,10.0,3,3,2,332,2.6666666666666665,Loyal Customers
53325,4,2,166.94,0,1.0,3,3,3,333,3.0,Loyal Customers
53326,16,2,231.85,0,9.0,1,3,5,135,3.0,At Risk
53327,9,8,145.22,1,1.0,1,5,2,152,2.6666666666666665,At Risk
53328,3,2,148.14,0,6.0,3,3,2,332,2.6666666666666665,Loyal Customers
53329,4,2,167.56,0,1.0,3,3,3,333,3.0,Loyal Customers
53330,3,2,160.8,0,23.0,3,3,3,333,3.0,Loyal Customers
53331,5,4,156.62,0,1.0,2,5,3,253,3.3333333333333335,At Risk
53332,4,6,190.24,0,6.0,3,5,4,354,4.0,Loyal Customers
53333,3,2,153.99,0,12.0,3,3,3,333,3.0,Loyal Customers
53334,4,2,177.31,0,16.0,3,3,4,334,3.3333333333333335,Loyal Customers
53335,3,2,148.56,0,5.0,3,3,2,332,2.6666666666666665,Loyal Customers
53336,3,2,153.0,1,1.0,3,3,2,332,2.6666666666666665,Loyal Customers
53337,3,2,243.36,0,27.0,3,3,5,335,3.6666666666666665,Loyal Customers
53338,9,2,234.03,0,9.0,1,3,5,135,3.0,At Risk
53339,1,2,154.73,0,11.0,5,3,3,533,3.6666666666666665,Loyal Customers
53340,9,4,267.75,0,27.0,1,5,5,155,3.6666666666666665,At Risk
53341,3,3,180.62,0,17.0,3,4,4,344,3.6666666666666665,Loyal Customers
53342,8,8,170.37,0,21.0,1,5,3,153,3.0,At Risk
53343,10,2,201.42,0,11.0,1,3,4,134,2.6666666666666665,At Risk
53344,8,15,304.24,0,24.0,1,5,5,155,3.6666666666666665,At Risk
53345,5,2,177.04,0,13.0,2,3,4,234,3.0,At Risk
53346,4,2,147.77,0,7.0,3,3,2,332,2.6666666666666665,Loyal Customers
53347,2,2,152.95,1,1.0,4,3,2,432,3.0,Loyal Customers
53348,4,2,150.32,0,3.0,3,3,2,332,2.6666666666666665,Loyal Customers
53349,2,8,150.59,0,18.0,4,5,2,452,3.6666666666666665,Loyal Customers
53350,3,2,174.08,0,2.0,3,3,4,334,3.3333333333333335,Loyal Customers
53351,1,2,148.8,1,21.0,5,3,2,532,3.3333333333333335,Loyal Customers
53352,1,2,172.65,0,17.0,5,3,3,533,3.6666666666666665,Loyal Customers
53353,3,2,145.44,1,1.0,3,3,2,332,2.6666666666666665,Loyal Customers
53354,1,2,151.93,1,1.0,5,3,2,532,3.3333333333333335,Loyal Customers
53355,12,5,190.86,0,10.0,1,5,4,154,3.3333333333333335,At Risk
53356,3,2,157.94,0,21.0,3,3,3,333,3.0,Loyal Customers
53357,3,2,166.71,1,1.0,3,3,3,333,3.0,Loyal Customers
53358,1,2,152.78,1,5.0,5,3,2,532,3.3333333333333335,Loyal Customers
53359,3,3,148.77,0,2.0,3,4,2,342,3.0,Loyal Customers
53360,3,3,149.04,1,3.0,3,4,2,342,3.0,Loyal Customers
53361,1,2,148.18,0,1.0,5,3,2,532,3.3333333333333335,Loyal Customers
53362,1,2,145.08,0,8.0,5,3,2,532,3.3333333333333335,Loyal Customers
53363,4,2,187.44,0,16.0,3,3,4,334,3.3333333333333335,Loyal Customers
53364,3,2,152.99,0,7.0,3,3,2,332,2.6666666666666665,Loyal Customers
53365,3,2,230.52,0,31.0,3,3,5,335,3.6666666666666665,Loyal Customers
53366,3,6,148.29,0,5.0,3,5,2,352,3.3333333333333335,Loyal Customers
53367,8,2,165.14,0,9.0,1,3,3,133,2.3333333333333335,At Risk
53368,8,2,199.03,0,23.0,1,3,4,134,2.6666666666666665,At Risk
53369,1,2,147.59,0,22.0,5,3,2,532,3.3333333333333335,Loyal Customers
53370,1,2,194.32,0,5.0,5,3,4,534,4.0,Loyal Customers
53371,2,2,171.78,0,10.0,4,3,3,433,3.3333333333333335,Loyal Customers
53372,12,6,260.82,0,12.0,1,5,5,155,3.6666666666666665,At Risk
53373,3,2,148.32,0,6.0,3,3,2,332,2.6666666666666665,Loyal Customers
53374,1,2,149.13,1,1.0,5,3,2,532,3.3333333333333335,Loyal Customers
53375,3,2,222.05,0,14.0,3,3,5,335,3.6666666666666665,Loyal Customers
53376,8,2,167.94,0,1.0,1,3,3,133,2.3333333333333335,At Risk
53377,18,3,172.21,0,15.0,1,4,3,143,2.6666666666666665,At Risk
53378,10,4,150.19,0,10.0,1,5,2,152,2.6666666666666665,At Risk
53379,1,2,146.21,1,1.0,5,3,2,532,3.3333333333333335,Loyal Customers
53380,1,2,154.73,1,1.0,5,3,3,533,3.6666666666666665,Loyal Customers
53381,6,9,183.55,0,5.0,2,5,4,254,3.6666666666666665,At Risk
53382,1,2,161.17,0,14.0,5,3,3,533,3.6666666666666665,Loyal Customers
53383,4,7,192.25,0,6.0,3,5,4,354,4.0,Loyal Customers
53384,3,4,228.25,1,1.0,3,5,5,355,4.333333333333333,Loyal Customers
53385,5,2,194.49,0,7.0,2,3,4,234,3.0,At Risk
53386,3,12,231.09,1,1.0,3,5,5,355,4.333333333333333,Loyal Customers
53387,9,2,169.47,0,19.0,1,3,3,133,2.3333333333333335,At Risk
53388,3,2,146.57,0,3.0,3,3,2,332,2.6666666666666665,Loyal Customers
53389,1,2,171.01,0,9.0,5,3,3,533,3.6666666666666665,Loyal Customers
53390,9,8,295.99,0,26.0,1,5,5,155,3.6666666666666665,At Risk
53391,1,2,149.79,1,21.0,5,3,2,532,3.3333333333333335,Loyal Customers
53392,3,16,273.52,0,27.0,3,5,5,355,4.333333333333333,Loyal Customers
53393,8,8,197.64,0,4.0,1,5,4,154,3.3333333333333335,At Risk
53394,4,2,181.66,0,12.0,3,3,4,334,3.3333333333333335,Loyal Customers
53395,9,2,203.23,0,9.0,1,3,4,134,2.6666666666666665,At Risk
53396,8,2,203.8,0,13.0,1,3,4,134,2.6666666666666665,At Risk
53397,1,2,256.94,1,4.0,5,3,5,535,4.333333333333333,Loyal Customers
53398,8,3,175.67,0,21.0,1,4,4,144,3.0,At Risk
53399,8,2,175.79,0,10.0,1,3,4,134,2.6666666666666665,At Risk
53400,3,2,148.21,1,1.0,3,3,2,332,2.6666666666666665,Loyal Customers
53401,1,7,299.44,0,7.0,5,5,5,555,5.0,Champions
53402,1,2,149.04,1,1.0,5,3,2,532,3.3333333333333335,Loyal Customers
53403,3,2,159.52,0,7.0,3,3,3,333,3.0,Loyal Customers
53404,3,2,147.7,0,19.0,3,3,2,332,2.6666666666666665,Loyal Customers
53405,4,2,298.99,0,24.0,3,3,5,335,3.6666666666666665,Loyal Customers
53406,3,2,179.88,0,7.0,3,3,4,334,3.3333333333333335,Loyal Customers
53407,12,2,319.19,0,15.0,1,3,5,135,3.0,At Risk
53408,3,3,153.11,0,1.0,3,4,2,342,3.0,Loyal Customers
53409,9,2,161.33,0,19.0,1,3,3,133,2.3333333333333335,At Risk
53410,8,2,166.63,0,21.0,1,3,3,133,2.3333333333333335,At Risk
53411,2,2,146.32,1,1.0,4,3,2,432,3.0,Loyal Customers
53412,6,2,264.73,0,24.0,2,3,5,235,3.3333333333333335,At Risk
53413,3,2,151.84,0,12.0,3,3,2,332,2.6666666666666665,Loyal Customers
53414,8,2,233.45,0,20.0,1,3,5,135,3.0,At Risk
53415,3,4,168.77,0,1.0,3,5,3,353,3.6666666666666665,Loyal Customers
53416,3,2,162.43,1,1.0,3,3,3,333,3.0,Loyal Customers
53417,4,2,166.48,0,5.0,3,3,3,333,3.0,Loyal Customers
53418,1,2,135.51,0,1.0,5,3,1,531,3.0,Loyal Customers
53419,9,2,232.39,0,28.0,1,3,5,135,3.0,At Risk
53420,3,11,228.88,0,9.0,3,5,5,355,4.333333333333333,Loyal Customers
53421,8,2,239.16000000000005,0,4.0,1,3,5,135,3.0,At Risk
53422,1,2,151.0,1,1.0,5,3,2,532,3.3333333333333335,Loyal Customers
53423,3,2,149.22,1,1.0,3,3,2,332,2.6666666666666665,Loyal Customers
53424,4,2,179.72,0,1.0,3,3,4,334,3.3333333333333335,Loyal Customers
53425,2,2,149.51,0,1.0,4,3,2,432,3.0,Loyal Customers
53426,3,3,167.4,0,22.0,3,4,3,343,3.3333333333333335,Loyal Customers
53427,9,2,234.99,0,22.0,1,3,5,135,3.0,At Risk
53428,2,3,175.03,0,15.0,4,4,4,444,4.0,Champions
53429,9,2,252.42,0,13.0,1,3,5,135,3.0,At Risk
53430,3,3,167.27,0,1.0,3,4,3,343,3.3333333333333335,Loyal Customers
53431,3,2,164.17,0,9.0,3,3,3,333,3.0,Loyal Customers
53432,1,2,308.03,0,16.0,5,3,5,535,4.333333333333333,Loyal Customers
53433,1,2,148.8,0,24.0,5,3,2,532,3.3333333333333335,Loyal Customers
53434,4,5,262.26,0,31.0,3,5,5,355,4.333333333333333,Loyal Customers
53435,1,2,172.77,1,1.0,5,3,3,533,3.6666666666666665,Loyal Customers
53436,8,7,188.85,0,29.0,1,5,4,154,3.3333333333333335,At Risk
53437,11,6,324.73,0,15.0,1,5,5,155,3.6666666666666665,At Risk
53438,1,2,193.61,0,12.0,5,3,4,534,4.0,Loyal Customers
53439,3,3,174.69,1,1.0,3,4,4,344,3.6666666666666665,Loyal Customers
53440,10,7,323.45,1,16.0,1,5,5,155,3.6666666666666665,At Risk
53441,12,2,258.2,0,18.0,1,3,5,135,3.0,At Risk
53442,14,2,188.47,0,24.0,1,3,4,134,2.6666666666666665,At Risk
53443,15,16,152.43,1,1.0,1,5,2,152,2.6666666666666665,At Risk
53444,9,2,233.8,0,13.0,1,3,5,135,3.0,At Risk
53445,3,3,148.42,0,7.0,3,4,2,342,3.0,Loyal Customers
53446,2,2,301.5,0,19.0,4,3,5,435,4.0,Loyal Customers
53447,8,8,165.25,0,6.0,1,5,3,153,3.0,At Risk
53448,3,2,222.25,0,8.0,3,3,5,335,3.6666666666666665,Loyal Customers
53449,5,2,244.04,0,31.0,2,3,5,235,3.3333333333333335,At Risk
53450,5,2,146.77,0,19.0,2,3,2,232,2.3333333333333335,At Risk
53451,13,7,200.25,0,27.0,1,5,4,154,3.3333333333333335,At Risk
53452,1,2,173.34,1,1.0,5,3,4,534,4.0,Loyal Customers
53453,3,2,145.42,1,1.0,3,3,2,332,2.6666666666666665,Loyal Customers
53454,1,2,147.2,0,8.0,5,3,2,532,3.3333333333333335,Loyal Customers
53455,1,2,135.52,0,2.0,5,3,1,531,3.0,Loyal Customers
53456,3,3,153.21,0,12.0,3,4,2,342,3.0,Loyal Customers
53457,8,8,317.37,0,24.0,1,5,5,155,3.6666666666666665,At Risk
53458,2,2,166.07,0,11.0,4,3,3,433,3.3333333333333335,Loyal Customers
53459,6,8,208.96,0,14.0,2,5,5,255,4.0,At Risk
53460,4,2,145.07,0,1.0,3,3,2,332,2.6666666666666665,Loyal Customers
53461,3,3,321.27,0,20.0,3,4,5,345,4.0,Loyal Customers
53462,1,2,231.86,0,28.0,5,3,5,535,4.333333333333333,Loyal Customers
53463,4,2,154.42,0,30.0,3,3,3,333,3.0,Loyal Customers
53464,3,8,213.58,0,10.0,3,5,5,355,4.333333333333333,Loyal Customers
53465,3,7,292.56,0,29.0,3,5,5,355,4.333333333333333,Loyal Customers
53466,1,2,259.0,0,17.0,5,3,5,535,4.333333333333333,Loyal Customers
53467,3,2,148.23,1,1.0,3,3,2,332,2.6666666666666665,Loyal Customers
53468,1,2,139.16,1,1.0,5,3,1,531,3.0,Loyal Customers
53469,8,2,171.15,0,20.0,1,3,3,133,2.3333333333333335,At Risk
53470,8,3,149.61,1,15.0,1,4,2,142,2.3333333333333335,At Risk
53471,3,2,212.22,1,1.0,3,3,5,335,3.6666666666666665,Loyal Customers
53472,4,2,164.55,0,1.0,3,3,3,333,3.0,Loyal Customers
53473,3,2,224.57,0,4.0,3,3,5,335,3.6666666666666665,Loyal Customers
53474,9,2,158.76,0,15.0,1,3,3,133,2.3333333333333335,At Risk
53475,3,2,213.23,0,12.0,3,3,5,335,3.6666666666666665,Loyal Customers
53476,3,12,228.22,0,14.0,3,5,5,355,4.333333333333333,Loyal Customers
53477,3,2,171.21,0,1.0,3,3,3,333,3.0,Loyal Customers
53478,3,2,234.76,0,29.0,3,3,5,335,3.6666666666666665,Loyal Customers
53479,8,2,161.6,0,2.0,1,3,3,133,2.3333333333333335,At Risk
53480,3,4,229.82,1,8.0,3,5,5,355,4.333333333333333,Loyal Customers
53481,3,2,196.19,0,7.0,3,3,4,334,3.3333333333333335,Loyal Customers
53482,3,5,220.82,1,1.0,3,5,5,355,4.333333333333333,Loyal Customers
53483,9,4,170.08,1,1.0,1,5,3,153,3.0,At Risk
53484,3,3,147.07,0,2.0,3,4,2,342,3.0,Loyal Customers
53485,5,2,202.56,0,8.0,2,3,4,234,3.0,At Risk
53486,1,2,191.94,0,11.0,5,3,4,534,4.0,Loyal Customers
53487,7,6,161.91,1,1.0,2,5,3,253,3.3333333333333335,At Risk
53488,1,2,148.77,1,1.0,5,3,2,532,3.3333333333333335,Loyal Customers
53489,3,3,148.13,1,1.0,3,4,2,342,3.0,Loyal Customers
53490,8,14,301.65,0,16.0,1,5,5,155,3.6666666666666665,At Risk
53491,1,2,150.96,1,1.0,5,3,2,532,3.3333333333333335,Loyal Customers
53492,1,2,172.28,1,14.0,5,3,3,533,3.6666666666666665,Loyal Customers
53493,3,2,168.02,0,7.0,3,3,3,333,3.0,Loyal Customers
53494,1,2,154.79,0,8.0,5,3,3,533,3.6666666666666665,Loyal Customers
53495,2,3,293.85,0,22.0,4,4,5,445,4.333333333333333,Champions
53496,13,5,180.93,0,19.0,1,5,4,154,3.3333333333333335,At Risk
53497,3,5,229.45,0,26.0,3,5,5,355,4.333333333333333,Loyal Customers
53498,3,3,212.4,0,12.0,3,4,5,345,4.0,Loyal Customers
53499,8,2,150.14,0,3.0,1,3,2,132,2.0,At Risk
53500,8,2,201.55,0,2.0,1,3,4,134,2.6666666666666665,At Risk
53501,10,5,299.65,0,20.0,1,5,5,155,3.6666666666666665,At Risk
53502,1,2,198.51,0,12.0,5,3,4,534,4.0,Loyal Customers
53503,2,2,233.2,0,17.0,4,3,5,435,4.0,Loyal Customers
53504,6,2,246.69,1,3.0,2,3,5,235,3.3333333333333335,At Risk
53505,10,5,321.26,0,14.0,1,5,5,155,3.6666666666666665,At Risk
53506,3,3,145.7,0,1.0,3,4,2,342,3.0,Loyal Customers
53507,4,2,192.82,0,13.0,3,3,4,334,3.3333333333333335,Loyal Customers
53508,10,2,202.79,0,10.0,1,3,4,134,2.6666666666666665,At Risk
53509,3,3,152.91,0,5.0,3,4,2,342,3.0,Loyal Customers
53510,5,2,157.01,0,2.0,2,3,3,233,2.6666666666666665,At Risk
53511,3,2,174.68,0,9.0,3,3,4,334,3.3333333333333335,Loyal Customers
53512,4,2,256.2,0,23.0,3,3,5,335,3.6666666666666665,Loyal Customers
53513,3,2,165.33,0,8.0,3,3,3,333,3.0,Loyal Customers
53514,2,2,157.91,0,3.0,4,3,3,433,3.3333333333333335,Loyal Customers
53515,1,2,167.72,0,16.0,5,3,3,533,3.6666666666666665,Loyal Customers
53516,3,2,175.56,0,3.0,3,3,4,334,3.3333333333333335,Loyal Customers
53517,1,6,153.44,0,12.0,5,5,2,552,4.0,Loyal Customers
53518,3,2,152.03,0,5.0,3,3,2,332,2.6666666666666665,Loyal Customers
53519,1,2,144.04,1,1.0,5,3,2,532,3.3333333333333335,Loyal Customers
53520,4,2,207.24,1,1.0,3,3,4,334,3.3333333333333335,Loyal Customers
53521,1,2,172.66,0,15.0,5,3,3,533,3.6666666666666665,Loyal Customers
53522,3,3,151.1,1,1.0,3,4,2,342,3.0,Loyal Customers
53523,4,2,182.31,0,11.0,3,3,4,334,3.3333333333333335,Loyal Customers
53524,3,3,150.39,0,1.0,3,4,2,342,3.0,Loyal Customers
53525,4,2,182.14,0,8.0,3,3,4,334,3.3333333333333335,Loyal Customers
53526,5,2,168.23,0,9.0,2,3,3,233,2.6666666666666665,At Risk
53527,11,4,198.36,1,1.0,1,5,4,154,3.3333333333333335,At Risk
53528,14,2,259.99,0,14.0,1,3,5,135,3.0,At Risk
53529,15,14,262.58,1,6.0,1,5,5,155,3.6666666666666665,At Risk
53530,6,2,176.55,0,16.0,2,3,4,234,3.0,At Risk
53531,8,2,147.58,0,9.0,1,3,2,132,2.0,At Risk
53532,3,2,160.97,0,1.0,3,3,3,333,3.0,Loyal Customers
53533,1,2,150.15,1,1.0,5,3,2,532,3.3333333333333335,Loyal Customers
53534,8,2,169.2,0,1.0,1,3,3,133,2.3333333333333335,At Risk
53535,5,2,190.78,0,4.0,2,3,4,234,3.0,At Risk
53536,1,2,169.22,0,14.0,5,3,3,533,3.6666666666666665,Loyal Customers
53537,3,7,227.74,0,9.0,3,5,5,355,4.333333333333333,Loyal Customers
53538,10,5,178.43,0,8.0,1,5,4,154,3.3333333333333335,At Risk
53539,3,3,148.76,0,9.0,3,4,2,342,3.0,Loyal Customers
53540,4,2,178.46,1,7.0,3,3,4,334,3.3333333333333335,Loyal Customers
53541,1,2,153.27,0,6.0,5,3,2,532,3.3333333333333335,Loyal Customers
53542,3,5,324.43,0,30.0,3,5,5,355,4.333333333333333,Loyal Customers
53543,9,2,156.31,0,3.0,1,3,3,133,2.3333333333333335,At Risk
53544,1,2,150.52,0,1.0,5,3,2,532,3.3333333333333335,Loyal Customers
53545,3,2,169.77,0,19.0,3,3,3,333,3.0,Loyal Customers
53546,12,4,189.74,0,11.0,1,5,4,154,3.3333333333333335,At Risk
53547,3,2,155.33,0,1.0,3,3,3,333,3.0,Loyal Customers
53548,3,2,154.36,1,8.0,3,3,3,333,3.0,Loyal Customers
53549,8,5,311.06,0,27.0,1,5,5,155,3.6666666666666665,At Risk
53550,4,2,146.68,0,3.0,3,3,2,332,2.6666666666666665,Loyal Customers
53551,1,2,153.53,1,1.0,5,3,2,532,3.3333333333333335,Loyal Customers
53552,10,16,295.48,0,20.0,1,5,5,155,3.6666666666666665,At Risk
53553,1,2,147.9,0,18.0,5,3,2,532,3.3333333333333335,Loyal Customers
53554,5,2,161.0,0,7.0,2,3,3,233,2.6666666666666665,At Risk
53555,1,2,146.07,1,5.0,5,3,2,532,3.3333333333333335,Loyal Customers
53556,4,2,166.15,0,4.0,3,3,3,333,3.0,Loyal Customers
53557,1,2,168.27,0,14.0,5,3,3,533,3.6666666666666665,Loyal Customers
53558,3,3,303.56,0,24.0,3,4,5,345,4.0,Loyal Customers
53559,4,4,156.96,0,2.0,3,5,3,353,3.6666666666666665,Loyal Customers
53560,4,2,315.81,0,20.0,3,3,5,335,3.6666666666666665,Loyal Customers
53561,3,2,214.66,0,9.0,3,3,5,335,3.6666666666666665,Loyal Customers
53562,1,2,147.1,1,1.0,5,3,2,532,3.3333333333333335,Loyal Customers
53563,2,2,170.39,0,7.0,4,3,3,433,3.3333333333333335,Loyal Customers
53564,8,2,152.41,0,10.0,1,3,2,132,2.0,At Risk
53565,10,9,159.91,0,4.0,1,5,3,153,3.0,At Risk
53566,18,2,170.41,0,18.0,1,3,3,133,2.3333333333333335,At Risk
53567,3,3,151.78,0,1.0,3,4,2,342,3.0,Loyal Customers
53568,5,2,198.79,0,20.0,2,3,4,234,3.0,At Risk
53569,4,2,187.72,0,16.0,3,3,4,334,3.3333333333333335,Loyal Customers
53570,10,2,177.2,0,31.0,1,3,4,134,2.6666666666666665,At Risk
53571,3,3,152.43,0,6.0,3,4,2,342,3.0,Loyal Customers
53572,8,2,174.98,0,6.0,1,3,4,134,2.6666666666666665,At Risk
53573,3,8,227.52,0,10.0,3,5,5,355,4.333333333333333,Loyal Customers
53574,11,5,152.81,0,7.0,1,5,2,152,2.6666666666666665,At Risk
53575,4,2,193.52,0,14.0,3,3,4,334,3.3333333333333335,Loyal Customers
53576,2,2,174.5,0,1.0,4,3,4,434,3.6666666666666665,Loyal Customers
53577,8,6,160.79,0,4.0,1,5,3,153,3.0,At Risk
53578,1,2,256.91,0,16.0,5,3,5,535,4.333333333333333,Loyal Customers
53579,3,5,228.77,0,9.0,3,5,5,355,4.333333333333333,Loyal Customers
53580,9,7,147.35,0,1.0,1,5,2,152,2.6666666666666665,At Risk
53581,3,2,230.02,0,28.0,3,3,5,335,3.6666666666666665,Loyal Customers
53582,8,8,145.11,0,18.0,1,5,2,152,2.6666666666666665,At Risk
53583,1,2,143.59,1,1.0,5,3,2,532,3.3333333333333335,Loyal Customers
53584,3,2,162.6,0,3.0,3,3,3,333,3.0,Loyal Customers
53585,10,2,302.79,0,28.0,1,3,5,135,3.0,At Risk
53586,2,2,193.33,0,5.0,4,3,4,434,3.6666666666666665,Loyal Customers
53587,9,2,193.12,0,5.0,1,3,4,134,2.6666666666666665,At Risk
53588,6,2,176.71,0,31.0,2,3,4,234,3.0,At Risk
53589,8,2,322.4,0,17.0,1,3,5,135,3.0,At Risk
53590,1,2,312.11,0,23.0,5,3,5,535,4.333333333333333,Loyal Customers
53591,8,2,161.92,0,10.0,1,3,3,133,2.3333333333333335,At Risk
53592,1,2,150.59,0,22.0,5,3,2,532,3.3333333333333335,Loyal Customers
53593,4,2,150.17,0,1.0,3,3,2,332,2.6666666666666665,Loyal Customers
53594,1,2,191.23,0,3.0,5,3,4,534,4.0,Loyal Customers
53595,1,2,307.65,0,22.0,5,3,5,535,4.333333333333333,Loyal Customers
53596,8,2,286.24,0,3.0,1,3,5,135,3.0,At Risk
53597,1,2,150.85,0,8.0,5,3,2,532,3.3333333333333335,Loyal Customers
53598,11,4,307.13,0,18.0,1,5,5,155,3.6666666666666665,At Risk
53599,9,2,208.8,0,7.0,1,3,4,134,2.6666666666666665,At Risk
53600,2,2,154.94,0,1.0,4,3,3,433,3.3333333333333335,Loyal Customers
53601,2,2,137.23,0,1.0,4,3,1,431,2.6666666666666665,Loyal Customers
53602,1,2,136.18,1,1.0,5,3,1,531,3.0,Loyal Customers
53603,3,3,153.75,0,1.0,3,4,3,343,3.3333333333333335,Loyal Customers
53604,12,2,313.24,1,9.0,1,3,5,135,3.0,At Risk
53605,1,16,260.77,0,29.0,5,5,5,555,5.0,Champions
53606,3,3,151.25,1,1.0,3,4,2,342,3.0,Loyal Customers
53607,9,2,312.89,0,20.0,1,3,5,135,3.0,At Risk
53608,3,2,170.38,0,8.0,3,3,3,333,3.0,Loyal Customers
53609,11,12,323.47,0,25.0,1,5,5,155,3.6666666666666665,At Risk
53610,3,6,230.12,0,31.0,3,5,5,355,4.333333333333333,Loyal Customers
53611,11,6,169.44,0,8.0,1,5,3,153,3.0,At Risk
53612,3,2,146.54,0,2.0,3,3,2,332,2.6666666666666665,Loyal Customers
53613,14,15,316.9,0,18.0,1,5,5,155,3.6666666666666665,At Risk
53614,9,2,169.9,0,8.0,1,3,3,133,2.3333333333333335,At Risk
53615,3,3,160.06,0,9.0,3,4,3,343,3.3333333333333335,Loyal Customers
53616,1,2,148.72,0,16.0,5,3,2,532,3.3333333333333335,Loyal Customers
53617,3,16,227.31,0,17.0,3,5,5,355,4.333333333333333,Loyal Customers
53618,13,6,179.1,0,10.0,1,5,4,154,3.3333333333333335,At Risk
53619,6,2,204.78,1,8.0,2,3,4,234,3.0,At Risk
53620,3,3,163.67,0,2.0,3,4,3,343,3.3333333333333335,Loyal Customers
53621,8,8,153.38,0,25.0,1,5,2,152,2.6666666666666665,At Risk
53622,8,2,171.95,0,4.0,1,3,3,133,2.3333333333333335,At Risk
53623,8,8,158.39,1,1.0,1,5,3,153,3.0,At Risk
53624,3,2,145.8,0,2.0,3,3,2,332,2.6666666666666665,Loyal Customers
53625,2,3,145.96,0,1.0,4,4,2,442,3.3333333333333335,Loyal Customers
53626,9,2,187.09,0,6.0,1,3,4,134,2.6666666666666665,At Risk
53627,1,2,305.61,0,19.0,5,3,5,535,4.333333333333333,Loyal Customers
53628,3,16,296.23,0,13.0,3,5,5,355,4.333333333333333,Loyal Customers
53629,3,3,148.72,0,31.0,3,4,2,342,3.0,Loyal Customers
53630,2,2,173.83,1,1.0,4,3,4,434,3.6666666666666665,Loyal Customers
53631,4,2,164.04,1,3.0,3,3,3,333,3.0,Loyal Customers
53632,8,7,171.27,0,4.0,1,5,3,153,3.0,At Risk
53633,8,2,195.94,0,10.0,1,3,4,134,2.6666666666666665,At Risk
53634,8,6,159.23,0,20.0,1,5,3,153,3.0,At Risk
53635,6,8,191.74,0,2.0,2,5,4,254,3.6666666666666665,At Risk
53636,3,2,293.8,0,24.0,3,3,5,335,3.6666666666666665,Loyal Customers
53637,3,2,215.94,1,4.0,3,3,5,335,3.6666666666666665,Loyal Customers
53638,3,8,209.46,1,16.0,3,5,5,355,4.333333333333333,Loyal Customers
53639,9,2,244.16000000000005,0,4.0,1,3,5,135,3.0,At Risk
53640,8,2,170.34,0,13.0,1,3,3,133,2.3333333333333335,At Risk
53641,3,10,223.52,0,5.0,3,5,5,355,4.333333333333333,Loyal Customers
53642,10,12,186.51,0,15.0,1,5,4,154,3.3333333333333335,At Risk
53643,3,3,148.02,1,1.0,3,4,2,342,3.0,Loyal Customers
53644,3,2,148.62,1,8.0,3,3,2,332,2.6666666666666665,Loyal Customers
53645,11,3,303.61,0,16.0,1,4,5,145,3.3333333333333335,At Risk
53646,12,10,316.87,0,29.0,1,5,5,155,3.6666666666666665,At Risk
53647,8,8,322.17,0,30.0,1,5,5,155,3.6666666666666665,At Risk
53648,1,2,160.44,0,14.0,5,3,3,533,3.6666666666666665,Loyal Customers
53649,3,2,210.0,0,8.0,3,3,5,335,3.6666666666666665,Loyal Customers
53650,9,9,171.61,0,14.0,1,5,3,153,3.0,At Risk
53651,8,2,166.03,0,15.0,1,3,3,133,2.3333333333333335,At Risk
53652,2,2,167.49,0,9.0,4,3,3,433,3.3333333333333335,Loyal Customers
53653,11,2,265.26,0,25.0,1,3,5,135,3.0,At Risk
53654,8,2,193.93,0,12.0,1,3,4,134,2.6666666666666665,At Risk
53655,7,10,186.25,0,8.0,2,5,4,254,3.6666666666666665,At Risk
53656,3,2,161.69,0,1.0,3,3,3,333,3.0,Loyal Customers
53657,3,6,225.08,1,21.0,3,5,5,355,4.333333333333333,Loyal Customers
53658,4,2,148.87,0,14.0,3,3,2,332,2.6666666666666665,Loyal Customers
53659,14,7,171.39,0,10.0,1,5,3,153,3.0,At Risk
53660,9,2,203.98,0,22.0,1,3,4,134,2.6666666666666665,At Risk
53661,1,2,150.34,0,1.0,5,3,2,532,3.3333333333333335,Loyal Customers
53662,4,2,256.42,0,25.0,3,3,5,335,3.6666666666666665,Loyal Customers
53663,1,2,141.11,0,1.0,5,3,2,532,3.3333333333333335,Loyal Customers
53664,1,2,178.63,0,9.0,5,3,4,534,4.0,Loyal Customers
53665,1,2,175.71,0,1.0,5,3,4,534,4.0,Loyal Customers
53666,9,4,261.95,1,19.0,1,5,5,155,3.6666666666666665,At Risk
53667,10,2,259.02,0,30.0,1,3,5,135,3.0,At Risk
53668,1,2,145.29,0,8.0,5,3,2,532,3.3333333333333335,Loyal Customers
53669,9,12,188.77,0,14.0,1,5,4,154,3.3333333333333335,At Risk
53670,8,8,179.29,0,8.0,1,5,4,154,3.3333333333333335,At Risk
53671,1,2,152.85,1,1.0,5,3,2,532,3.3333333333333335,Loyal Customers
53672,3,4,171.14,1,1.0,3,5,3,353,3.6666666666666665,Loyal Customers
53673,4,2,151.1,0,12.0,3,3,2,332,2.6666666666666665,Loyal Customers
53674,12,5,191.87,0,8.0,1,5,4,154,3.3333333333333335,At Risk
53675,5,2,172.24,0,2.0,2,3,3,233,2.6666666666666665,At Risk
53676,8,7,186.79,1,1.0,1,5,4,154,3.3333333333333335,At Risk
53677,5,2,186.2,0,13.0,2,3,4,234,3.0,At Risk
53678,3,4,230.96,0,25.0,3,5,5,355,4.333333333333333,Loyal Customers
53679,4,4,179.67,0,15.0,3,5,4,354,4.0,Loyal Customers
53680,4,2,154.96,0,11.0,3,3,3,333,3.0,Loyal Customers
53681,3,2,224.98,0,7.0,3,3,5,335,3.6666666666666665,Loyal Customers
53682,3,2,165.78,0,6.0,3,3,3,333,3.0,Loyal Customers
53683,6,2,234.2,0,13.0,2,3,5,235,3.3333333333333335,At Risk
53684,3,2,187.32,0,1.0,3,3,4,334,3.3333333333333335,Loyal Customers
53685,3,2,257.47,0,26.0,3,3,5,335,3.6666666666666665,Loyal Customers
53686,9,2,165.81,0,17.0,1,3,3,133,2.3333333333333335,At Risk
53687,5,5,182.69,0,1.0,2,5,4,254,3.6666666666666665,At Risk
53688,8,8,148.94,1,1.0,1,5,2,152,2.6666666666666665,At Risk
53689,2,2,164.04,0,1.0,4,3,3,433,3.3333333333333335,Loyal Customers
53690,10,2,292.99,0,16.0,1,3,5,135,3.0,At Risk
53691,5,2,154.5,0,26.0,2,3,3,233,2.6666666666666665,At Risk
53692,3,2,161.29,0,11.0,3,3,3,333,3.0,Loyal Customers
53693,3,3,218.62,0,9.0,3,4,5,345,4.0,Loyal Customers
53694,3,2,157.29,0,1.0,3,3,3,333,3.0,Loyal Customers
53695,8,2,160.78,0,1.0,1,3,3,133,2.3333333333333335,At Risk
53696,10,2,204.88,0,3.0,1,3,4,134,2.6666666666666665,At Risk
53697,4,2,167.84,1,1.0,3,3,3,333,3.0,Loyal Customers
53698,8,8,200.53,1,1.0,1,5,4,154,3.3333333333333335,At Risk
53699,8,13,298.28,0,28.0,1,5,5,155,3.6666666666666665,At Risk
53700,6,2,322.01,0,31.0,2,3,5,235,3.3333333333333335,At Risk
53701,1,2,272.32,0,29.0,5,3,5,535,4.333333333333333,Loyal Customers
53702,3,2,217.78,0,10.0,3,3,5,335,3.6666666666666665,Loyal Customers
53703,1,2,138.59,1,1.0,5,3,1,531,3.0,Loyal Customers
53704,3,2,172.79,0,4.0,3,3,3,333,3.0,Loyal Customers
53705,1,2,289.22,0,5.0,5,3,5,535,4.333333333333333,Loyal Customers
53706,4,2,154.96,0,8.0,3,3,3,333,3.0,Loyal Customers
53707,1,2,137.61,1,1.0,5,3,1,531,3.0,Loyal Customers
53708,5,2,145.99,0,1.0,2,3,2,232,2.3333333333333335,At Risk
53709,9,2,183.1,0,10.0,1,3,4,134,2.6666666666666665,At Risk
53710,3,2,181.47,0,10.0,3,3,4,334,3.3333333333333335,Loyal Customers
53711,3,2,159.2,0,21.0,3,3,3,333,3.0,Loyal Customers
53712,3,3,169.0,1,1.0,3,4,3,343,3.3333333333333335,Loyal Customers
53713,4,2,160.0,0,11.0,3,3,3,333,3.0,Loyal Customers
53714,1,2,145.66,0,30.0,5,3,2,532,3.3333333333333335,Loyal Customers
53715,7,6,296.69,0,21.0,2,5,5,255,4.0,At Risk
53716,4,2,166.62,0,1.0,3,3,3,333,3.0,Loyal Customers
53717,3,2,217.04,0,6.0,3,3,5,335,3.6666666666666665,Loyal Customers
53718,3,2,157.94,0,8.0,3,3,3,333,3.0,Loyal Customers
53719,4,2,146.27,0,15.0,3,3,2,332,2.6666666666666665,Loyal Customers
53720,8,2,164.75,0,14.0,1,3,3,133,2.3333333333333335,At Risk
53721,10,2,232.93,0,5.0,1,3,5,135,3.0,At Risk
53722,3,5,225.96,1,10.0,3,5,5,355,4.333333333333333,Loyal Customers
53723,1,2,161.46,1,3.0,5,3,3,533,3.6666666666666665,Loyal Customers
53724,8,5,199.46,1,1.0,1,5,4,154,3.3333333333333335,At Risk
53725,8,2,233.51,0,19.0,1,3,5,135,3.0,At Risk
53726,3,2,146.09,0,5.0,3,3,2,332,2.6666666666666665,Loyal Customers
53727,3,3,162.22,1,1.0,3,4,3,343,3.3333333333333335,Loyal Customers
53728,3,2,218.8,0,19.0,3,3,5,335,3.6666666666666665,Loyal Customers
53729,3,3,179.86,0,22.0,3,4,4,344,3.6666666666666665,Loyal Customers
53730,3,3,152.42,1,1.0,3,4,2,342,3.0,Loyal Customers
53731,9,5,262.57,0,14.0,1,5,5,155,3.6666666666666665,At Risk
53732,3,2,209.63,0,2.0,3,3,5,335,3.6666666666666665,Loyal Customers
53733,4,2,156.62,0,18.0,3,3,3,333,3.0,Loyal Customers
53734,9,9,290.98,0,27.0,1,5,5,155,3.6666666666666665,At Risk
53735,3,2,191.51,0,23.0,3,3,4,334,3.3333333333333335,Loyal Customers
53736,3,2,148.45,0,14.0,3,3,2,332,2.6666666666666665,Loyal Customers
53737,4,2,159.2,0,18.0,3,3,3,333,3.0,Loyal Customers
53738,4,2,168.73,0,7.0,3,3,3,333,3.0,Loyal Customers
53739,13,4,172.59,0,8.0,1,5,3,153,3.0,At Risk
53740,3,3,178.01,0,4.0,3,4,4,344,3.6666666666666665,Loyal Customers
53741,9,6,161.73,0,16.0,1,5,3,153,3.0,At Risk
53742,1,2,172.68,0,18.0,5,3,3,533,3.6666666666666665,Loyal Customers
53743,1,2,137.74,0,4.0,5,3,1,531,3.0,Loyal Customers
53744,9,3,174.0,0,51.0,1,4,4,144,3.0,At Risk
53745,3,2,229.66,0,23.0,3,3,5,335,3.6666666666666665,Loyal Customers
53746,10,7,295.07,0,8.0,1,5,5,155,3.6666666666666665,At Risk
53747,3,2,154.09,1,1.0,3,3,3,333,3.0,Loyal Customers
53748,1,2,182.65,1,1.0,5,3,4,534,4.0,Loyal Customers
53749,11,11,170.99,1,1.0,1,5,3,153,3.0,At Risk
53750,1,2,149.04,0,9.0,5,3,2,532,3.3333333333333335,Loyal Customers
53751,1,2,156.72,1,1.0,5,3,3,533,3.6666666666666665,Loyal Customers
53752,1,2,145.33,0,1.0,5,3,2,532,3.3333333333333335,Loyal Customers
53753,3,3,227.09,0,18.0,3,4,5,345,4.0,Loyal Customers
53754,3,2,211.2,0,3.0,3,3,5,335,3.6666666666666665,Loyal Customers
53755,4,2,145.64,0,4.0,2,3,2,232,2.3333333333333335,At Risk
53756,3,2,165.35,0,29.0,3,3,3,333,3.0,Loyal Customers
53757,3,2,163.38,0,7.0,3,3,3,333,3.0,Loyal Customers
53758,3,2,170.91,0,21.0,3,3,3,333,3.0,Loyal Customers
53759,1,2,150.61,1,1.0,5,3,2,532,3.3333333333333335,Loyal Customers
53760,1,2,140.63,0,2.0,5,3,1,531,3.0,Loyal Customers
53761,4,2,173.98,0,2.0,2,3,4,234,3.0,At Risk
53762,3,2,172.89,0,23.0,3,3,3,333,3.0,Loyal Customers
53763,3,2,156.8,0,3.0,3,3,3,333,3.0,Loyal Customers
53764,8,2,190.49,0,2.0,1,3,4,134,2.6666666666666665,At Risk
53765,1,2,188.88,0,7.0,5,3,4,534,4.0,Loyal Customers
53766,1,2,237.44,0,6.0,5,3,5,535,4.333333333333333,Loyal Customers
53767,13,2,285.32,0,28.0,1,3,5,135,3.0,At Risk
53768,8,2,148.62,1,1.0,1,3,2,132,2.0,At Risk
53769,18,15,288.28,0,18.0,1,5,5,155,3.6666666666666665,At Risk
53770,3,3,208.76,0,13.0,3,4,4,344,3.6666666666666665,Loyal Customers
53771,2,6,291.06,0,20.0,4,5,5,455,4.666666666666667,Champions
53772,3,4,211.06,0,9.0,3,5,5,355,4.333333333333333,Loyal Customers
53773,3,2,147.72,0,1.0,3,3,2,332,2.6666666666666665,Loyal Customers
53774,1,2,145.18,1,4.0,5,3,2,532,3.3333333333333335,Loyal Customers
53775,7,9,195.83,0,8.0,2,5,4,254,3.6666666666666665,At Risk
53776,8,8,165.84,1,1.0,1,5,3,153,3.0,At Risk
53777,10,14,269.11,0,24.0,1,5,5,155,3.6666666666666665,At Risk
53778,8,6,148.08,0,8.0,1,5,2,152,2.6666666666666665,At Risk
53779,1,2,173.41,0,16.0,5,3,4,534,4.0,Loyal Customers
53780,8,4,167.85,0,11.0,1,5,3,153,3.0,At Risk
53781,3,2,222.15,0,3.0,3,3,5,335,3.6666666666666665,Loyal Customers
53782,3,2,168.2,0,7.0,3,3,3,333,3.0,Loyal Customers
53783,4,2,146.32,0,19.0,2,3,2,232,2.3333333333333335,At Risk
53784,3,14,226.24,0,16.0,3,5,5,355,4.333333333333333,Loyal Customers
53785,2,8,179.73,0,14.0,4,5,4,454,4.333333333333333,Champions
53786,8,6,177.07,0,7.0,1,5,4,154,3.3333333333333335,At Risk
53787,8,8,289.37,0,14.0,1,5,5,155,3.6666666666666665,At Risk
53788,1,2,147.96,0,1.0,5,3,2,532,3.3333333333333335,Loyal Customers
53789,3,3,165.69,0,14.0,3,4,3,343,3.3333333333333335,Loyal Customers
53790,8,8,199.41,0,19.0,1,5,4,154,3.3333333333333335,At Risk
53791,3,5,149.3,0,9.0,3,5,2,352,3.3333333333333335,Loyal Customers
53792,6,3,183.78,0,6.0,2,4,4,244,3.3333333333333335,At Risk
53793,3,2,151.44,0,10.0,3,3,2,332,2.6666666666666665,Loyal Customers
53794,8,8,189.39,0,22.0,1,5,4,154,3.3333333333333335,At Risk
53795,1,2,149.51,0,3.0,5,3,2,532,3.3333333333333335,Loyal Customers
53796,3,3,188.92,0,7.0,3,4,4,344,3.6666666666666665,Loyal Customers
53797,3,7,222.14,1,1.0,3,5,5,355,4.333333333333333,Loyal Customers
53798,3,2,185.77,0,12.0,3,3,4,334,3.3333333333333335,Loyal Customers
53799,3,2,149.5,0,9.0,3,3,2,332,2.6666666666666665,Loyal Customers
53800,3,2,217.5,0,4.0,3,3,5,335,3.6666666666666665,Loyal Customers
53801,1,2,145.74,1,1.0,5,3,2,532,3.3333333333333335,Loyal Customers
53802,3,2,226.69,1,17.0,3,3,5,335,3.6666666666666665,Loyal Customers
53803,5,2,173.55,1,2.0,2,3,4,234,3.0,At Risk
53804,3,2,165.87,0,6.0,3,3,3,333,3.0,Loyal Customers
53805,7,8,148.67,0,22.0,2,5,2,252,3.0,At Risk
53806,1,2,154.72,0,8.0,5,3,3,533,3.6666666666666665,Loyal Customers
53807,14,3,320.86,0,29.0,1,4,5,145,3.3333333333333335,At Risk
53808,2,3,179.84,0,8.0,4,4,4,444,4.0,Champions
53809,1,2,145.61,0,1.0,5,3,2,532,3.3333333333333335,Loyal Customers
53810,3,8,224.24,0,12.0,3,5,5,355,4.333333333333333,Loyal Customers
53811,3,2,166.98,0,12.0,3,3,3,333,3.0,Loyal Customers
53812,1,2,193.15,0,10.0,5,3,4,534,4.0,Loyal Customers
53813,6,2,172.23,0,3.0,2,3,3,233,2.6666666666666665,At Risk
53814,5,2,186.42,0,9.0,2,3,4,234,3.0,At Risk
53815,7,8,207.37,0,13.0,2,5,4,254,3.6666666666666665,At Risk
53816,3,2,213.53,0,3.0,3,3,5,335,3.6666666666666665,Loyal Customers
53817,1,2,318.31,0,24.0,5,3,5,535,4.333333333333333,Loyal Customers
53818,3,3,145.73,0,1.0,3,4,2,342,3.0,Loyal Customers
53819,3,2,180.62,0,10.0,3,3,4,334,3.3333333333333335,Loyal Customers
53820,2,2,321.13,0,16.0,4,3,5,435,4.0,Loyal Customers
53821,9,7,159.07,0,9.0,1,5,3,153,3.0,At Risk
53822,8,8,175.63,0,8.0,1,5,4,154,3.3333333333333335,At Risk
53823,3,2,171.39,0,14.0,3,3,3,333,3.0,Loyal Customers
53824,3,2,173.76,0,17.0,3,3,4,334,3.3333333333333335,Loyal Customers
53825,2,2,151.9,0,9.0,4,3,2,432,3.0,Loyal Customers
53826,13,2,300.67,0,20.0,1,3,5,135,3.0,At Risk
53827,1,2,149.08,1,1.0,5,3,2,532,3.3333333333333335,Loyal Customers
53828,4,2,153.14,0,1.0,2,3,2,232,2.3333333333333335,At Risk
53829,14,2,237.45,0,24.0,1,3,5,135,3.0,At Risk
53830,3,2,158.12,0,6.0,3,3,3,333,3.0,Loyal Customers
53831,11,2,315.49,0,18.0,1,3,5,135,3.0,At Risk
53832,2,2,146.41,0,4.0,4,3,2,432,3.0,Loyal Customers
53833,5,2,182.69,0,19.0,2,3,4,234,3.0,At Risk
53834,6,5,168.85,0,19.0,2,5,3,253,3.3333333333333335,At Risk
53835,4,2,178.32,0,5.0,2,3,4,234,3.0,At Risk
53836,2,2,171.63,0,10.0,4,3,3,433,3.3333333333333335,Loyal Customers
53837,3,8,172.24,0,8.0,3,5,3,353,3.6666666666666665,Loyal Customers
53838,5,2,157.11,0,23.0,2,3,3,233,2.6666666666666665,At Risk
53839,8,8,178.77,0,13.0,1,5,4,154,3.3333333333333335,At Risk
53840,8,2,165.66,0,1.0,1,3,3,133,2.3333333333333335,At Risk
53841,11,2,177.08,0,9.0,1,3,4,134,2.6666666666666665,At Risk
53842,1,2,25.0,0,2.0,5,3,1,531,3.0,Loyal Customers
53843,3,3,156.17,0,1.0,3,4,3,343,3.3333333333333335,Loyal Customers
53844,1,2,140.69,1,1.0,5,3,1,531,3.0,Loyal Customers
53845,1,2,321.58,0,21.0,5,3,5,535,4.333333333333333,Loyal Customers
53846,8,2,155.69,0,13.0,1,3,3,133,2.3333333333333335,At Risk
53847,3,15,229.35,0,14.0,3,5,5,355,4.333333333333333,Loyal Customers
53848,10,3,166.48,0,9.0,1,4,3,143,2.6666666666666665,At Risk
53849,3,2,182.68,0,11.0,3,3,4,334,3.3333333333333335,Loyal Customers
53850,9,4,175.42,0,13.0,1,5,4,154,3.3333333333333335,At Risk
53851,10,4,182.7,0,19.0,1,5,4,154,3.3333333333333335,At Risk
53852,3,2,202.56,0,12.0,3,3,4,334,3.3333333333333335,Loyal Customers
53853,3,7,228.06,1,1.0,3,5,5,355,4.333333333333333,Loyal Customers
53854,8,8,164.36,0,11.0,1,5,3,153,3.0,At Risk
53855,4,4,204.45,0,14.0,2,5,4,254,3.6666666666666665,At Risk
53856,3,2,182.43,0,18.0,3,3,4,334,3.3333333333333335,Loyal Customers
53857,3,3,277.02,0,22.0,3,4,5,345,4.0,Loyal Customers
53858,3,3,179.4,1,1.0,3,4,4,344,3.6666666666666665,Loyal Customers
53859,4,2,162.6,0,1.0,2,3,3,233,2.6666666666666665,At Risk
53860,3,2,160.17,0,1.0,3,3,3,333,3.0,Loyal Customers
53861,3,2,150.8,0,1.0,3,3,2,332,2.6666666666666665,Loyal Customers
53862,4,2,146.66,1,4.0,2,3,2,232,2.3333333333333335,At Risk
53863,5,2,183.69,0,3.0,2,3,4,234,3.0,At Risk
53864,3,2,205.08,0,10.0,3,3,4,334,3.3333333333333335,Loyal Customers
53865,8,2,177.06,0,1.0,1,3,4,134,2.6666666666666665,At Risk
53866,1,2,177.95,0,13.0,5,3,4,534,4.0,Loyal Customers
53867,3,2,289.13,0,23.0,3,3,5,335,3.6666666666666665,Loyal Customers
53868,12,2,257.69,0,24.0,1,3,5,135,3.0,At Risk
53869,3,3,152.83,0,1.0,3,4,2,342,3.0,Loyal Customers
53870,10,8,179.33,0,8.0,1,5,4,154,3.3333333333333335,At Risk
53871,4,2,145.13,0,10.0,2,3,2,232,2.3333333333333335,At Risk
53872,13,3,264.66,0,23.0,1,4,5,145,3.3333333333333335,At Risk
53873,3,2,168.74,0,10.0,3,3,3,333,3.0,Loyal Customers
53874,5,2,193.42,0,10.0,2,3,4,234,3.0,At Risk
53875,8,5,299.26,0,28.0,1,5,5,155,3.6666666666666665,At Risk
53876,12,7,301.03,0,17.0,1,5,5,155,3.6666666666666665,At Risk
53877,8,7,170.81,1,1.0,1,5,3,153,3.0,At Risk
53878,10,3,172.35,0,12.0,1,4,3,143,2.6666666666666665,At Risk
53879,10,2,166.87,0,3.0,1,3,3,133,2.3333333333333335,At Risk
53880,5,2,180.05,0,7.0,2,3,4,234,3.0,At Risk
53881,7,2,179.7,0,6.0,2,3,4,234,3.0,At Risk
53882,3,2,179.76,0,5.0,3,3,4,334,3.3333333333333335,Loyal Customers
53883,3,3,150.87,0,23.0,3,4,2,342,3.0,Loyal Customers
53884,4,4,149.4,0,12.0,2,5,2,252,3.0,At Risk
53885,3,2,284.72,0,21.0,3,3,5,335,3.6666666666666665,Loyal Customers
53886,1,2,278.79,0,23.0,5,3,5,535,4.333333333333333,Loyal Customers
53887,3,2,195.82,0,15.0,3,3,4,334,3.3333333333333335,Loyal Customers
53888,3,2,152.28,0,1.0,3,3,2,332,2.6666666666666665,Loyal Customers
53889,3,2,178.68,0,7.0,3,3,4,334,3.3333333333333335,Loyal Customers
53890,3,2,178.47,0,10.0,3,3,4,334,3.3333333333333335,Loyal Customers
53891,3,3,156.95,0,18.0,3,4,3,343,3.3333333333333335,Loyal Customers
53892,3,2,164.89,1,1.0,3,3,3,333,3.0,Loyal Customers
53893,1,2,158.06,0,12.0,5,3,3,533,3.6666666666666665,Loyal Customers
53894,3,2,195.05,0,27.0,3,3,4,334,3.3333333333333335,Loyal Customers
53895,8,8,151.55,1,12.0,1,5,2,152,2.6666666666666665,At Risk
53896,1,2,138.93,1,1.0,5,3,1,531,3.0,Loyal Customers
53897,8,6,150.7,0,1.0,1,5,2,152,2.6666666666666665,At Risk
53898,3,2,160.37,0,29.0,3,3,3,333,3.0,Loyal Customers
53899,14,5,164.86,0,8.0,1,5,3,153,3.0,At Risk
53900,1,2,233.83,0,31.0,5,3,5,535,4.333333333333333,Loyal Customers
53901,14,3,145.28,0,7.0,1,4,2,142,2.3333333333333335,At Risk
53902,3,2,220.25,0,11.0,3,3,5,335,3.6666666666666665,Loyal Customers
53903,8,9,154.29,0,8.0,1,5,3,153,3.0,At Risk
53904,3,2,147.75,1,1.0,3,3,2,332,2.6666666666666665,Loyal Customers
53905,8,7,203.79,0,18.0,1,5,4,154,3.3333333333333335,At Risk
53906,5,2,174.3,0,9.0,2,3,4,234,3.0,At Risk
53907,9,9,203.47,0,17.0,1,5,4,154,3.3333333333333335,At Risk
53908,5,2,169.01,0,1.0,2,3,3,233,2.6666666666666665,At Risk
53909,3,9,217.41,0,15.0,3,5,5,355,4.333333333333333,Loyal Customers
53910,3,2,154.74,0,3.0,3,3,3,333,3.0,Loyal Customers
53911,8,7,170.02,0,10.0,1,5,3,153,3.0,At Risk
53912,5,2,232.48,0,19.0,2,3,5,235,3.3333333333333335,At Risk
53913,1,2,140.55,1,1.0,5,3,1,531,3.0,Loyal Customers
53914,11,2,254.36,1,11.0,1,3,5,135,3.0,At Risk
53915,3,2,148.05,0,1.0,3,3,2,332,2.6666666666666665,Loyal Customers
53916,7,9,292.04,0,19.0,2,5,5,255,4.0,At Risk
53917,4,2,159.33,0,6.0,2,3,3,233,2.6666666666666665,At Risk
53918,4,2,159.77,0,5.0,2,3,3,233,2.6666666666666665,At Risk
53919,3,2,189.3,0,15.0,3,3,4,334,3.3333333333333335,Loyal Customers
53920,1,2,190.16,0,14.0,5,3,4,534,4.0,Loyal Customers
53921,3,2,164.07,0,1.0,3,3,3,333,3.0,Loyal Customers
53922,10,2,180.62,0,20.0,1,3,4,134,2.6666666666666665,At Risk
53923,8,2,193.83,0,9.0,1,3,4,134,2.6666666666666665,At Risk
53924,9,2,153.62,0,4.0,1,3,2,132,2.0,At Risk
53925,1,2,174.78,0,21.0,5,3,4,534,4.0,Loyal Customers
53926,3,2,228.68,0,20.0,3,3,5,335,3.6666666666666665,Loyal Customers
53927,3,3,186.34,1,1.0,3,4,4,344,3.6666666666666665,Loyal Customers
53928,1,2,192.35,1,1.0,5,3,4,534,4.0,Loyal Customers
53929,3,2,157.95,0,1.0,3,3,3,333,3.0,Loyal Customers
53930,5,2,177.38,0,5.0,2,3,4,234,3.0,At Risk
53931,9,6,189.72,0,13.0,1,5,4,154,3.3333333333333335,At Risk
53932,3,2,221.1,0,6.0,3,3,5,335,3.6666666666666665,Loyal Customers
53933,9,13,323.33,0,14.0,1,5,5,155,3.6666666666666665,At Risk
53934,3,2,222.56,0,19.0,3,3,5,335,3.6666666666666665,Loyal Customers
53935,8,2,174.68,0,4.0,1,3,4,134,2.6666666666666665,At Risk
53936,2,3,146.45,0,1.0,4,4,2,442,3.3333333333333335,Loyal Customers
53937,3,2,146.8,1,1.0,3,3,2,332,2.6666666666666665,Loyal Customers
53938,3,2,208.46,0,5.0,3,3,4,334,3.3333333333333335,Loyal Customers
53939,5,2,159.45,0,1.0,2,3,3,233,2.6666666666666665,At Risk
53940,3,3,152.6,1,1.0,3,4,2,342,3.0,Loyal Customers
53941,3,2,187.94,0,3.0,3,3,4,334,3.3333333333333335,Loyal Customers
53942,8,2,196.4,0,4.0,1,3,4,134,2.6666666666666665,At Risk
53943,3,2,154.32,0,8.0,3,3,3,333,3.0,Loyal Customers
53944,8,2,176.47,0,7.0,1,3,4,134,2.6666666666666665,At Risk
53945,5,2,170.07,0,23.0,2,3,3,233,2.6666666666666665,At Risk
53946,3,2,210.64,1,1.0,3,3,5,335,3.6666666666666665,Loyal Customers
53947,6,2,149.68,0,12.0,2,3,2,232,2.3333333333333335,At Risk
53948,1,2,206.61,1,1.0,5,3,4,534,4.0,Loyal Customers
53949,1,2,146.09,0,3.0,5,3,2,532,3.3333333333333335,Loyal Customers
53950,8,2,177.94,0,1.0,1,3,4,134,2.6666666666666665,At Risk
53951,8,2,152.18,0,6.0,1,3,2,132,2.0,At Risk
53952,1,2,183.11,0,12.0,5,3,4,534,4.0,Loyal Customers
53953,1,2,149.37,1,7.0,5,3,2,532,3.3333333333333335,Loyal Customers
53954,5,2,152.66,0,16.0,2,3,2,232,2.3333333333333335,At Risk
53955,1,2,315.38,0,29.0,5,3,5,535,4.333333333333333,Loyal Customers
53956,8,2,155.55,0,7.0,1,3,3,133,2.3333333333333335,At Risk
53957,5,2,147.89,0,15.0,2,3,2,232,2.3333333333333335,At Risk
53958,8,2,165.01,0,8.0,1,3,3,133,2.3333333333333335,At Risk
53959,3,2,254.65,0,27.0,3,3,5,335,3.6666666666666665,Loyal Customers
53960,9,2,160.39,0,17.0,1,3,3,133,2.3333333333333335,At Risk
53961,3,3,185.29,0,8.0,3,4,4,344,3.6666666666666665,Loyal Customers
53962,1,2,151.79,1,1.0,5,3,2,532,3.3333333333333335,Loyal Customers
53963,5,2,162.02,0,12.0,2,3,3,233,2.6666666666666665,At Risk
53964,1,2,148.98,1,1.0,5,3,2,532,3.3333333333333335,Loyal Customers
53965,8,6,179.68,0,5.0,1,5,4,154,3.3333333333333335,At Risk
53966,3,2,256.16,0,25.0,3,3,5,335,3.6666666666666665,Loyal Customers
53967,4,2,166.89,0,11.0,2,3,3,233,2.6666666666666665,At Risk
53968,3,3,318.28,0,20.0,3,4,5,345,4.0,Loyal Customers
53969,8,6,208.21,0,10.0,1,5,4,154,3.3333333333333335,At Risk
53970,4,3,148.42,1,8.0,2,4,2,242,2.6666666666666665,At Risk
53971,8,5,165.71,0,11.0,1,5,3,153,3.0,At Risk
53972,8,8,183.13,1,1.0,1,5,4,154,3.3333333333333335,At Risk
53973,7,8,156.43,0,7.0,2,5,3,253,3.3333333333333335,At Risk
53974,4,2,145.44,0,2.0,2,3,2,232,2.3333333333333335,At Risk
53975,3,2,259.64,0,13.0,3,3,5,335,3.6666666666666665,Loyal Customers
53976,3,3,204.91,0,20.0,3,4,4,344,3.6666666666666665,Loyal Customers
53977,3,2,158.77,0,14.0,3,3,3,333,3.0,Loyal Customers
53978,1,2,180.38,0,16.0,5,3,4,534,4.0,Loyal Customers
53979,8,2,182.62,0,9.0,1,3,4,134,2.6666666666666665,At Risk
53980,9,4,150.92,0,12.0,1,5,2,152,2.6666666666666665,At Risk
53981,8,2,178.46,1,1.0,1,3,4,134,2.6666666666666665,At Risk
53982,9,2,167.13,1,1.0,1,3,3,133,2.3333333333333335,At Risk
53983,3,3,166.27,0,13.0,3,4,3,343,3.3333333333333335,Loyal Customers
53984,3,2,149.38,0,17.0,3,3,2,332,2.6666666666666665,Loyal Customers
53985,3,2,193.7,0,15.0,3,3,4,334,3.3333333333333335,Loyal Customers
53986,3,14,229.47,0,15.0,3,5,5,355,4.333333333333333,Loyal Customers
53987,3,2,221.67,0,4.0,3,3,5,335,3.6666666666666665,Loyal Customers
53988,5,2,146.48,1,1.0,2,3,2,232,2.3333333333333335,At Risk
53989,3,4,214.26,1,10.0,3,5,5,355,4.333333333333333,Loyal Customers
53990,4,2,190.13,0,14.0,2,3,4,234,3.0,At Risk
53991,9,5,192.99,0,8.0,1,5,4,154,3.3333333333333335,At Risk
53992,15,15,25.0,0,31.0,1,5,1,151,2.3333333333333335,At Risk
53993,4,2,152.05,0,9.0,2,3,2,232,2.3333333333333335,At Risk
53994,3,15,228.33,0,21.0,3,5,5,355,4.333333333333333,Loyal Customers
53995,8,8,169.48,0,14.0,1,5,3,153,3.0,At Risk
53996,8,2,193.54,0,28.0,1,3,4,134,2.6666666666666665,At Risk
53997,3,3,221.37,0,5.0,3,4,5,345,4.0,Loyal Customers
53998,3,2,160.91,0,2.0,3,3,3,333,3.0,Loyal Customers
53999,4,2,179.05,0,12.0,2,3,4,234,3.0,At Risk
54000,3,2,171.84,0,1.0,3,3,3,333,3.0,Loyal Customers
54001,3,3,282.87,0,31.0,3,4,5,345,4.0,Loyal Customers
54002,1,2,140.14,0,1.0,5,3,1,531,3.0,Loyal Customers
54003,1,2,154.56,1,1.0,5,3,3,533,3.6666666666666665,Loyal Customers
54004,1,3,148.35,1,1.0,5,4,2,542,3.6666666666666665,Loyal Customers
54005,8,6,176.54,0,19.0,1,5,4,154,3.3333333333333335,At Risk
54006,1,2,194.62,0,10.0,5,3,4,534,4.0,Loyal Customers
54007,8,8,181.75,0,17.0,1,5,4,154,3.3333333333333335,At Risk
54008,3,2,148.79,0,1.0,3,3,2,332,2.6666666666666665,Loyal Customers
54009,11,4,163.12,0,3.0,1,5,3,153,3.0,At Risk
54010,1,2,171.48,0,6.0,5,3,3,533,3.6666666666666665,Loyal Customers
54011,4,4,154.36,0,16.0,2,5,3,253,3.3333333333333335,At Risk
54012,1,3,146.05,0,21.0,5,4,2,542,3.6666666666666665,Loyal Customers
54013,3,5,210.78,0,20.0,3,5,5,355,4.333333333333333,Loyal Customers
54014,3,3,152.06,0,2.0,3,4,2,342,3.0,Loyal Customers
54015,7,2,188.84,0,3.0,2,3,4,234,3.0,At Risk
54016,1,2,164.68,0,16.0,5,3,3,533,3.6666666666666665,Loyal Customers
54017,3,3,224.07,1,1.0,3,4,5,345,4.0,Loyal Customers
54018,9,2,257.25,0,20.0,1,3,5,135,3.0,At Risk
54019,9,6,160.4,0,1.0,1,5,3,153,3.0,At Risk
54020,1,2,153.04,0,3.0,5,3,2,532,3.3333333333333335,Loyal Customers
54021,15,7,318.92,0,17.0,1,5,5,155,3.6666666666666665,At Risk
54022,10,13,321.65,0,22.0,1,5,5,155,3.6666666666666665,At Risk
54023,1,2,149.39,1,1.0,5,3,2,532,3.3333333333333335,Loyal Customers
54024,8,2,198.14,1,10.0,1,3,4,134,2.6666666666666665,At Risk
54025,4,8,172.74,0,1.0,2,5,3,253,3.3333333333333335,At Risk
54026,3,3,164.02,0,13.0,3,4,3,343,3.3333333333333335,Loyal Customers
54027,5,2,151.62,0,29.0,2,3,2,232,2.3333333333333335,At Risk
54028,1,2,153.56,0,2.0,5,3,2,532,3.3333333333333335,Loyal Customers
54029,1,2,135.81,1,1.0,5,3,1,531,3.0,Loyal Customers
54030,1,2,149.72,1,1.0,5,3,2,532,3.3333333333333335,Loyal Customers
54031,8,2,181.73,0,10.0,1,3,4,134,2.6666666666666665,At Risk
54032,3,2,166.97,0,5.0,3,3,3,333,3.0,Loyal Customers
54033,3,2,222.13,0,8.0,3,3,5,335,3.6666666666666665,Loyal Customers
54034,3,2,145.62,0,3.0,3,3,2,332,2.6666666666666665,Loyal Customers
54035,5,2,167.84,0,11.0,2,3,3,233,2.6666666666666665,At Risk
54036,3,2,172.88,0,9.0,3,3,3,333,3.0,Loyal Customers
54037,9,4,184.06,0,19.0,1,5,4,154,3.3333333333333335,At Risk
54038,9,2,163.86,0,10.0,1,3,3,133,2.3333333333333335,At Risk
54039,17,12,293.23,0,14.0,1,5,5,155,3.6666666666666665,At Risk
54040,1,2,154.33,0,1.0,5,3,3,533,3.6666666666666665,Loyal Customers
54041,8,2,190.0,0,1.0,1,3,4,134,2.6666666666666665,At Risk
54042,8,5,296.74,0,22.0,1,5,5,155,3.6666666666666665,At Risk
54043,3,3,175.33,0,18.0,3,4,4,344,3.6666666666666665,Loyal Customers
54044,1,4,148.07,1,1.0,5,5,2,552,4.0,Loyal Customers
54045,1,2,150.87,1,20.0,5,3,2,532,3.3333333333333335,Loyal Customers
54046,4,2,180.07,0,10.0,2,3,4,234,3.0,At Risk
54047,5,2,168.93,0,15.0,2,3,3,233,2.6666666666666665,At Risk
54048,8,2,258.48,0,16.0,1,3,5,135,3.0,At Risk
54049,5,2,190.83,0,5.0,2,3,4,234,3.0,At Risk
54050,2,2,206.03,0,8.0,4,3,4,434,3.6666666666666665,Loyal Customers
54051,3,3,164.78,0,5.0,3,4,3,343,3.3333333333333335,Loyal Customers
54052,8,8,150.44,0,1.0,1,5,2,152,2.6666666666666665,At Risk
54053,4,2,178.99,0,19.0,2,3,4,234,3.0,At Risk
54054,10,2,179.87,0,7.0,1,3,4,134,2.6666666666666665,At Risk
54055,8,2,193.34,0,2.0,1,3,4,134,2.6666666666666665,At Risk
54056,1,2,135.91,1,1.0,5,3,1,531,3.0,Loyal Customers
54057,3,2,182.36,0,13.0,3,3,4,334,3.3333333333333335,Loyal Customers
54058,3,2,147.26,0,1.0,3,3,2,332,2.6666666666666665,Loyal Customers
54059,12,7,182.47,0,8.0,1,5,4,154,3.3333333333333335,At Risk
54060,3,3,223.54,1,1.0,3,4,5,345,4.0,Loyal Customers
54061,8,2,179.67,0,21.0,1,3,4,134,2.6666666666666665,At Risk
54062,1,2,178.8,0,30.0,5,3,4,534,4.0,Loyal Customers
54063,10,8,176.51,0,13.0,1,5,4,154,3.3333333333333335,At Risk
54064,8,2,146.33,0,12.0,1,3,2,132,2.0,At Risk
54065,1,2,303.75,0,31.0,5,3,5,535,4.333333333333333,Loyal Customers
54066,4,2,149.32,1,1.0,2,3,2,232,2.3333333333333335,At Risk
54067,4,2,172.71,0,12.0,2,3,3,233,2.6666666666666665,At Risk
54068,4,5,316.61,0,23.0,2,5,5,255,4.0,At Risk
54069,1,2,175.87,0,16.0,5,3,4,534,4.0,Loyal Customers
54070,1,2,153.63,1,1.0,5,3,2,532,3.3333333333333335,Loyal Customers
54071,5,2,25.0,0,9.0,2,3,1,231,2.0,At Risk
54072,5,2,146.44,0,2.0,2,3,2,232,2.3333333333333335,At Risk
54073,4,3,155.65,0,5.0,2,4,3,243,3.0,At Risk
54074,3,2,153.1,0,10.0,3,3,2,332,2.6666666666666665,Loyal Customers
54075,3,3,223.88,0,8.0,3,4,5,345,4.0,Loyal Customers
54076,3,2,211.28,0,8.0,3,3,5,335,3.6666666666666665,Loyal Customers
54077,7,8,153.67,0,1.0,2,5,3,253,3.3333333333333335,At Risk
54078,3,2,178.73,0,3.0,3,3,4,334,3.3333333333333335,Loyal Customers
54079,3,2,191.67,0,6.0,3,3,4,334,3.3333333333333335,Loyal Customers
54080,8,9,175.03,0,5.0,1,5,4,154,3.3333333333333335,At Risk
54081,4,2,148.67,1,1.0,2,3,2,232,2.3333333333333335,At Risk
54082,1,2,153.58,0,12.0,5,3,2,532,3.3333333333333335,Loyal Customers
54083,10,2,177.04,0,9.0,1,3,4,134,2.6666666666666665,At Risk
54084,8,2,166.05,0,1.0,1,3,3,133,2.3333333333333335,At Risk
54085,3,2,221.79,0,6.0,3,3,5,335,3.6666666666666665,Loyal Customers
54086,9,2,181.17,1,1.0,1,3,4,134,2.6666666666666665,At Risk
54087,3,3,229.48,1,17.0,3,4,5,345,4.0,Loyal Customers
54088,4,3,153.97,0,28.0,2,4,3,243,3.0,At Risk
54089,9,3,184.68,0,7.0,1,4,4,144,3.0,At Risk
54090,10,2,200.1,0,17.0,1,3,4,134,2.6666666666666665,At Risk
54091,3,2,154.91,0,12.0,3,3,3,333,3.0,Loyal Customers
54092,5,2,321.36,0,29.0,2,3,5,235,3.3333333333333335,At Risk
54093,1,2,136.29,0,5.0,5,3,1,531,3.0,Loyal Customers
54094,11,2,258.41,0,13.0,1,3,5,135,3.0,At Risk
54095,8,4,168.32,0,16.0,1,5,3,153,3.0,At Risk
54096,9,2,235.31,0,5.0,1,3,5,135,3.0,At Risk
54097,5,2,169.4,0,28.0,2,3,3,233,2.6666666666666665,At Risk
54098,3,2,171.17,0,1.0,3,3,3,333,3.0,Loyal Customers
54099,5,2,151.47,0,1.0,2,3,2,232,2.3333333333333335,At Risk
54100,5,10,188.23,0,14.0,2,5,4,254,3.6666666666666665,At Risk
54101,11,6,181.77,0,14.0,1,5,4,154,3.3333333333333335,At Risk
54102,3,2,146.87,0,1.0,3,3,2,332,2.6666666666666665,Loyal Customers
54103,8,2,162.48,0,4.0,1,3,3,133,2.3333333333333335,At Risk
54104,3,2,164.77,0,1.0,3,3,3,333,3.0,Loyal Customers
54105,3,13,211.33,0,21.0,3,5,5,355,4.333333333333333,Loyal Customers
54106,1,2,145.08,0,7.0,5,3,2,532,3.3333333333333335,Loyal Customers
54107,9,6,169.4,0,12.0,1,5,3,153,3.0,At Risk
54108,3,2,155.67,0,5.0,3,3,3,333,3.0,Loyal Customers
54109,8,8,178.21,0,12.0,1,5,4,154,3.3333333333333335,At Risk
54110,3,2,179.1,0,16.0,3,3,4,334,3.3333333333333335,Loyal Customers
54111,1,2,152.82,0,15.0,5,3,2,532,3.3333333333333335,Loyal Customers
54112,13,2,244.57,0,21.0,1,3,5,135,3.0,At Risk
54113,3,3,151.6,0,9.0,3,4,2,342,3.0,Loyal Customers
54114,3,2,158.75,0,1.0,3,3,3,333,3.0,Loyal Customers
54115,9,2,175.98,0,9.0,1,3,4,134,2.6666666666666665,At Risk
54116,2,9,37.0,0,7.0,4,5,1,451,3.3333333333333335,Loyal Customers
54117,2,5,153.37,0,6.0,4,5,2,452,3.6666666666666665,Loyal Customers
54118,1,2,149.06,0,14.0,5,3,2,532,3.3333333333333335,Loyal Customers
54119,3,3,147.69,0,6.0,3,4,2,342,3.0,Loyal Customers
54120,8,2,166.08,0,13.0,1,3,3,133,2.3333333333333335,At Risk
54121,12,2,257.06,0,12.0,1,3,5,135,3.0,At Risk
54122,3,6,229.22,0,6.0,3,5,5,355,4.333333333333333,Loyal Customers
54123,9,7,262.44,0,11.0,1,5,5,155,3.6666666666666665,At Risk
54124,5,2,174.07,0,1.0,2,3,4,234,3.0,At Risk
54125,1,2,159.82,0,26.0,5,3,3,533,3.6666666666666665,Loyal Customers
54126,3,2,149.36,0,18.0,3,3,2,332,2.6666666666666665,Loyal Customers
54127,3,2,148.8,0,1.0,3,3,2,332,2.6666666666666665,Loyal Customers
54128,4,2,319.31,0,13.0,2,3,5,235,3.3333333333333335,At Risk
54129,1,2,142.9,1,1.0,5,3,2,532,3.3333333333333335,Loyal Customers
54130,5,4,201.44,0,10.0,2,5,4,254,3.6666666666666665,At Risk
54131,3,2,176.31,0,10.0,3,3,4,334,3.3333333333333335,Loyal Customers
54132,10,2,188.06,0,30.0,1,3,4,134,2.6666666666666665,At Risk
54133,3,3,172.87,1,1.0,3,4,3,343,3.3333333333333335,Loyal Customers
54134,15,5,313.8,0,16.0,1,5,5,155,3.6666666666666665,At Risk
54135,9,10,148.39,1,20.0,1,5,2,152,2.6666666666666665,At Risk
54136,11,2,260.7,0,15.0,1,3,5,135,3.0,At Risk
54137,8,2,192.12,0,8.0,1,3,4,134,2.6666666666666665,At Risk
54138,12,12,179.06,0,10.0,1,5,4,154,3.3333333333333335,At Risk
54139,3,2,214.38,0,15.0,3,3,5,335,3.6666666666666665,Loyal Customers
54140,3,2,149.39,0,6.0,3,3,2,332,2.6666666666666665,Loyal Customers
54141,3,2,213.37,0,9.0,3,3,5,335,3.6666666666666665,Loyal Customers
54142,10,2,178.43,0,12.0,1,3,4,134,2.6666666666666665,At Risk
54143,2,2,192.28,1,14.0,4,3,4,434,3.6666666666666665,Loyal Customers
54144,1,2,191.52,0,10.0,5,3,4,534,4.0,Loyal Customers
54145,2,2,173.5,0,19.0,4,3,4,434,3.6666666666666665,Loyal Customers
54146,3,3,153.09,0,14.0,3,4,2,342,3.0,Loyal Customers
54147,3,2,181.89,0,9.0,3,3,4,334,3.3333333333333335,Loyal Customers
54148,3,2,145.01,0,14.0,3,3,2,332,2.6666666666666665,Loyal Customers
54149,2,2,154.77,0,9.0,4,3,3,433,3.3333333333333335,Loyal Customers
54150,4,2,165.25,0,3.0,2,3,3,233,2.6666666666666665,At Risk
54151,5,2,162.85,0,3.0,2,3,3,233,2.6666666666666665,At Risk
54152,1,2,233.54,1,14.0,5,3,5,535,4.333333333333333,Loyal Customers
54153,7,2,245.31,0,13.0,2,3,5,235,3.3333333333333335,At Risk
54154,3,2,224.36,0,5.0,3,3,5,335,3.6666666666666665,Loyal Customers
54155,1,2,154.66,0,1.0,5,3,3,533,3.6666666666666665,Loyal Customers
54156,4,2,150.71,0,10.0,2,3,2,232,2.3333333333333335,At Risk
54157,3,2,224.91,0,13.0,3,3,5,335,3.6666666666666665,Loyal Customers
54158,4,2,186.42,0,1.0,2,3,4,234,3.0,At Risk
54159,9,2,178.9,0,23.0,1,3,4,134,2.6666666666666665,At Risk
54160,3,2,169.04,0,8.0,3,3,3,333,3.0,Loyal Customers
54161,6,2,184.93,1,5.0,2,3,4,234,3.0,At Risk
54162,8,2,176.3,0,23.0,1,3,4,134,2.6666666666666665,At Risk
54163,1,2,145.9,1,1.0,5,3,2,532,3.3333333333333335,Loyal Customers
54164,1,4,154.09,0,7.0,5,5,3,553,4.333333333333333,Loyal Customers
54165,3,3,159.68,0,1.0,3,4,3,343,3.3333333333333335,Loyal Customers
54166,7,4,155.68,0,6.0,2,5,3,253,3.3333333333333335,At Risk
54167,1,2,151.7,0,31.0,5,3,2,532,3.3333333333333335,Loyal Customers
54168,1,2,151.93,0,4.0,5,3,2,532,3.3333333333333335,Loyal Customers
54169,3,2,220.26,0,12.0,3,3,5,335,3.6666666666666665,Loyal Customers
54170,8,8,177.37,0,10.0,1,5,4,154,3.3333333333333335,At Risk
54171,4,2,149.26,0,9.0,2,3,2,232,2.3333333333333335,At Risk
54172,9,2,166.93,0,3.0,1,3,3,133,2.3333333333333335,At Risk
54173,4,5,154.11,0,5.0,2,5,3,253,3.3333333333333335,At Risk
54174,3,2,151.61,0,8.0,3,3,2,332,2.6666666666666665,Loyal Customers
54175,4,2,145.28,1,1.0,2,3,2,232,2.3333333333333335,At Risk
54176,3,9,224.8,0,3.0,3,5,5,355,4.333333333333333,Loyal Customers
54177,6,2,157.98,0,6.0,2,3,3,233,2.6666666666666665,At Risk
54178,1,2,154.35,0,1.0,5,3,3,533,3.6666666666666665,Loyal Customers
54179,8,4,279.27,0,27.0,1,5,5,155,3.6666666666666665,At Risk
54180,3,2,164.44,0,12.0,3,3,3,333,3.0,Loyal Customers
54181,4,2,165.11,0,1.0,2,3,3,233,2.6666666666666665,At Risk
54182,4,2,159.07,1,1.0,2,3,3,233,2.6666666666666665,At Risk
54183,12,2,244.94,0,8.0,1,3,5,135,3.0,At Risk
54184,1,2,137.32,0,1.0,5,3,1,531,3.0,Loyal Customers
54185,4,2,154.6,1,1.0,2,3,3,233,2.6666666666666665,At Risk
54186,9,5,315.94,0,27.0,1,5,5,155,3.6666666666666665,At Risk
54187,8,7,164.19,1,1.0,1,5,3,153,3.0,At Risk
54188,3,5,193.25,0,16.0,3,5,4,354,4.0,Loyal Customers
54189,3,6,227.48,0,18.0,3,5,5,355,4.333333333333333,Loyal Customers
54190,2,3,314.47,0,20.0,4,4,5,445,4.333333333333333,Champions
54191,1,2,149.96,0,7.0,5,3,2,532,3.3333333333333335,Loyal Customers
54192,4,2,189.65,0,18.0,2,3,4,234,3.0,At Risk
54193,9,2,147.06,0,4.0,1,3,2,132,2.0,At Risk
54194,1,2,145.86,1,3.0,5,3,2,532,3.3333333333333335,Loyal Customers
54195,1,3,147.93,1,1.0,5,4,2,542,3.6666666666666665,Loyal Customers
54196,5,2,151.45,0,17.0,2,3,2,232,2.3333333333333335,At Risk
54197,3,2,151.83,1,14.0,3,3,2,332,2.6666666666666665,Loyal Customers
54198,3,3,145.14,0,9.0,3,4,2,342,3.0,Loyal Customers
54199,1,2,159.19,0,10.0,5,3,3,533,3.6666666666666665,Loyal Customers
54200,4,2,178.76,0,7.0,2,3,4,234,3.0,At Risk
54201,1,2,144.51,0,9.0,5,3,2,532,3.3333333333333335,Loyal Customers
54202,1,2,148.41,0,1.0,5,3,2,532,3.3333333333333335,Loyal Customers
54203,2,2,147.93,1,1.0,4,3,2,432,3.0,Loyal Customers
54204,3,2,212.26,0,1.0,3,3,5,335,3.6666666666666665,Loyal Customers
54205,8,4,165.11,0,4.0,1,5,3,153,3.0,At Risk
54206,9,16,320.45,1,5.0,1,5,5,155,3.6666666666666665,At Risk
54207,8,9,170.68,0,8.0,1,5,3,153,3.0,At Risk
54208,1,2,155.22,0,11.0,5,3,3,533,3.6666666666666665,Loyal Customers
54209,9,2,182.72,0,20.0,1,3,4,134,2.6666666666666665,At Risk
54210,2,2,147.69,0,9.0,4,3,2,432,3.0,Loyal Customers
54211,1,2,178.81,1,12.0,5,3,4,534,4.0,Loyal Customers
54212,3,3,159.41,1,1.0,3,4,3,343,3.3333333333333335,Loyal Customers
54213,4,2,179.54,0,18.0,2,3,4,234,3.0,At Risk
54214,3,3,223.84,0,9.0,3,4,5,345,4.0,Loyal Customers
54215,1,2,166.57,0,1.0,5,3,3,533,3.6666666666666665,Loyal Customers
54216,13,2,259.58,0,7.0,1,3,5,135,3.0,At Risk
54217,3,2,215.69,0,9.0,3,3,5,335,3.6666666666666665,Loyal Customers
54218,3,3,165.14,0,9.0,3,4,3,343,3.3333333333333335,Loyal Customers
54219,8,2,184.15,0,5.0,1,3,4,134,2.6666666666666665,At Risk
54220,8,2,184.93,0,11.0,1,3,4,134,2.6666666666666665,At Risk
54221,9,8,186.62,0,6.0,1,5,4,154,3.3333333333333335,At Risk
54222,10,10,149.06,0,12.0,1,5,2,152,2.6666666666666665,At Risk
54223,9,14,312.4,0,24.0,1,5,5,155,3.6666666666666665,At Risk
54224,10,8,201.37,0,31.0,1,5,4,154,3.3333333333333335,At Risk
54225,3,13,225.96,0,10.0,3,5,5,355,4.333333333333333,Loyal Customers
54226,3,2,272.56,0,29.0,3,3,5,335,3.6666666666666665,Loyal Customers
54227,4,2,189.99,0,10.0,2,3,4,234,3.0,At Risk
54228,3,2,222.24,0,19.0,3,3,5,335,3.6666666666666665,Loyal Customers
54229,3,2,146.94,0,9.0,3,3,2,332,2.6666666666666665,Loyal Customers
54230,1,2,158.88,1,1.0,5,3,3,533,3.6666666666666665,Loyal Customers
54231,4,2,179.73,0,31.0,2,3,4,234,3.0,At Risk
54232,5,2,152.03,0,3.0,2,3,2,232,2.3333333333333335,At Risk
54233,1,2,150.01,0,5.0,5,3,2,532,3.3333333333333335,Loyal Customers
54234,10,2,187.2,0,6.0,1,3,4,134,2.6666666666666665,At Risk
54235,1,2,155.38,0,10.0,5,3,3,533,3.6666666666666665,Loyal Customers
54236,9,2,169.24,0,5.0,1,3,3,133,2.3333333333333335,At Risk
54237,9,3,168.12,0,9.0,1,4,3,143,2.6666666666666665,At Risk
54238,1,2,257.45,0,19.0,5,3,5,535,4.333333333333333,Loyal Customers
54239,3,2,261.64,0,11.0,3,3,5,335,3.6666666666666665,Loyal Customers
54240,3,2,175.21,0,20.0,3,3,4,334,3.3333333333333335,Loyal Customers
54241,1,4,176.26,0,4.0,5,5,4,554,4.666666666666667,Champions
54242,5,2,153.59,0,9.0,2,3,2,232,2.3333333333333335,At Risk
54243,3,2,227.39,0,29.0,3,3,5,335,3.6666666666666665,Loyal Customers
54244,10,2,178.29,0,12.0,1,3,4,134,2.6666666666666665,At Risk
54245,4,2,168.25,0,8.0,2,3,3,233,2.6666666666666665,At Risk
54246,3,2,197.6,0,30.0,3,3,4,334,3.3333333333333335,Loyal Customers
54247,1,2,148.22,0,1.0,5,3,2,532,3.3333333333333335,Loyal Customers
54248,4,2,145.75,0,25.0,2,3,2,232,2.3333333333333335,At Risk
54249,9,11,166.52,0,4.0,1,5,3,153,3.0,At Risk
54250,3,5,221.19,1,10.0,3,5,5,355,4.333333333333333,Loyal Customers
54251,12,2,260.03,0,14.0,1,3,5,135,3.0,At Risk
54252,1,2,179.41,0,25.0,5,3,4,534,4.0,Loyal Customers
54253,8,3,177.09,0,4.0,1,4,4,144,3.0,At Risk
54254,6,2,231.73,0,20.0,2,3,5,235,3.3333333333333335,At Risk
54255,8,6,175.1,0,6.0,1,5,4,154,3.3333333333333335,At Risk
54256,4,2,260.49,0,28.0,2,3,5,235,3.3333333333333335,At Risk
54257,3,2,174.99,0,1.0,3,3,4,334,3.3333333333333335,Loyal Customers
54258,5,2,167.21,0,2.0,2,3,3,233,2.6666666666666665,At Risk
54259,9,2,263.72,0,31.0,1,3,5,135,3.0,At Risk
54260,3,2,145.42,0,18.0,3,3,2,332,2.6666666666666665,Loyal Customers
54261,3,2,145.73,1,1.0,3,3,2,332,2.6666666666666665,Loyal Customers
54262,1,2,154.56,0,6.0,5,3,3,533,3.6666666666666665,Loyal Customers
54263,1,2,154.26,1,1.0,5,3,3,533,3.6666666666666665,Loyal Customers
54264,11,3,173.09,0,8.0,1,4,4,144,3.0,At Risk
54265,1,2,176.63,0,11.0,5,3,4,534,4.0,Loyal Customers
54266,3,3,313.44,0,31.0,3,4,5,345,4.0,Loyal Customers
54267,8,2,306.72,0,24.0,1,3,5,135,3.0,At Risk
54268,4,2,182.44,1,1.0,2,3,4,234,3.0,At Risk
54269,2,3,153.89,0,1.0,4,4,3,443,3.6666666666666665,Loyal Customers
54270,1,2,153.71,0,1.0,5,3,3,533,3.6666666666666665,Loyal Customers
54271,9,13,199.84,0,25.0,1,5,4,154,3.3333333333333335,At Risk
54272,7,2,185.74,1,1.0,2,3,4,234,3.0,At Risk
54273,5,5,298.28,0,28.0,2,5,5,255,4.0,At Risk
54274,3,2,152.74,0,1.0,3,3,2,332,2.6666666666666665,Loyal Customers
54275,1,2,170.05,0,8.0,5,3,3,533,3.6666666666666665,Loyal Customers
54276,4,2,199.28,0,11.0,2,3,4,234,3.0,At Risk
54277,9,2,241.31,0,8.0,1,3,5,135,3.0,At Risk
54278,3,3,222.38,0,10.0,3,4,5,345,4.0,Loyal Customers
54279,1,2,153.35,0,10.0,5,3,2,532,3.3333333333333335,Loyal Customers
54280,13,5,294.59,0,17.0,1,5,5,155,3.6666666666666665,At Risk
54281,10,2,151.13,0,4.0,1,3,2,132,2.0,At Risk
54282,8,2,186.46,0,7.0,1,3,4,134,2.6666666666666665,At Risk
54283,4,5,174.63,1,20.0,2,5,4,254,3.6666666666666665,At Risk
54284,16,16,320.37,0,25.0,1,5,5,155,3.6666666666666665,At Risk
54285,8,8,186.72,1,1.0,1,5,4,154,3.3333333333333335,At Risk
54286,4,5,148.68,0,1.0,2,5,2,252,3.0,At Risk
54287,3,16,228.12,1,21.0,3,5,5,355,4.333333333333333,Loyal Customers
54288,1,2,141.75,1,1.0,5,3,2,532,3.3333333333333335,Loyal Customers
54289,2,3,150.23,0,1.0,4,4,2,442,3.3333333333333335,Loyal Customers
54290,12,6,190.67,0,23.0,1,5,4,154,3.3333333333333335,At Risk
54291,3,2,172.39,0,17.0,3,3,3,333,3.0,Loyal Customers
54292,3,3,217.08,0,24.0,3,4,5,345,4.0,Loyal Customers
54293,3,3,170.59,1,1.0,3,4,3,343,3.3333333333333335,Loyal Customers
54294,8,2,206.89,0,15.0,1,3,4,134,2.6666666666666665,At Risk
54295,8,6,154.42,0,1.0,1,5,3,153,3.0,At Risk
54296,2,2,174.41,0,10.0,4,3,4,434,3.6666666666666665,Loyal Customers
54297,4,2,231.5,1,15.0,2,3,5,235,3.3333333333333335,At Risk
54298,10,6,184.02,0,13.0,1,5,4,154,3.3333333333333335,At Risk
54299,3,3,211.39,0,1.0,3,4,5,345,4.0,Loyal Customers
54300,8,5,188.47,0,4.0,1,5,4,154,3.3333333333333335,At Risk
54301,5,2,167.0,1,1.0,2,3,3,233,2.6666666666666665,At Risk
54302,4,2,159.52,0,19.0,2,3,3,233,2.6666666666666665,At Risk
54303,3,3,168.17,0,12.0,3,4,3,343,3.3333333333333335,Loyal Customers
54304,5,2,151.32,0,4.0,2,3,2,232,2.3333333333333335,At Risk
54305,8,2,171.68,0,6.0,1,3,3,133,2.3333333333333335,At Risk
54306,31,3,157.04,0,4.0,1,4,3,143,2.6666666666666665,At Risk
54307,3,2,152.2,0,4.0,3,3,2,332,2.6666666666666665,Loyal Customers
54308,8,8,296.81,0,15.0,1,5,5,155,3.6666666666666665,At Risk
54309,5,2,147.38,0,15.0,2,3,2,232,2.3333333333333335,At Risk
54310,1,2,139.83,0,1.0,5,3,1,531,3.0,Loyal Customers
54311,14,3,181.05,0,14.0,1,4,4,144,3.0,At Risk
54312,7,2,197.95,0,9.0,2,3,4,234,3.0,At Risk
54313,6,5,148.06,0,27.0,2,5,2,252,3.0,At Risk
54314,16,2,148.48,0,19.0,1,3,2,132,2.0,At Risk
54315,3,4,214.98,0,6.0,3,5,5,355,4.333333333333333,Loyal Customers
54316,10,2,168.19,0,3.0,1,3,3,133,2.3333333333333335,At Risk
54317,1,2,186.32,0,25.0,5,3,4,534,4.0,Loyal Customers
54318,1,2,158.46,0,31.0,5,3,3,533,3.6666666666666665,Loyal Customers
54319,12,2,233.55,0,14.0,1,3,5,135,3.0,At Risk
54320,3,2,147.31,0,8.0,3,3,2,332,2.6666666666666665,Loyal Customers
54321,3,3,148.23,0,1.0,3,4,2,342,3.0,Loyal Customers
54322,3,3,145.24,0,1.0,3,4,2,342,3.0,Loyal Customers
54323,3,2,152.13,0,2.0,3,3,2,332,2.6666666666666665,Loyal Customers
54324,3,2,219.39,0,31.0,3,3,5,335,3.6666666666666665,Loyal Customers
54325,2,2,150.66,0,1.0,4,3,2,432,3.0,Loyal Customers
54326,5,5,324.26,0,24.0,2,5,5,255,4.0,At Risk
54327,9,2,149.51,0,15.0,1,3,2,132,2.0,At Risk
54328,3,8,219.19,0,4.0,3,5,5,355,4.333333333333333,Loyal Customers
54329,3,2,211.86,0,12.0,3,3,5,335,3.6666666666666665,Loyal Customers
54330,5,2,155.38,0,6.0,2,3,3,233,2.6666666666666665,At Risk
54331,2,2,155.58,0,1.0,4,3,3,433,3.3333333333333335,Loyal Customers
54332,1,2,148.25,1,1.0,5,3,2,532,3.3333333333333335,Loyal Customers
54333,3,8,145.88,0,10.0,3,5,2,352,3.3333333333333335,Loyal Customers
54334,11,7,155.72,0,4.0,1,5,3,153,3.0,At Risk
54335,4,2,175.06,0,19.0,2,3,4,234,3.0,At Risk
54336,3,3,167.57,0,30.0,3,4,3,343,3.3333333333333335,Loyal Customers
54337,3,2,150.0,0,7.0,3,3,2,332,2.6666666666666665,Loyal Customers
54338,1,2,136.02,1,1.0,5,3,1,531,3.0,Loyal Customers
54339,3,16,229.53,0,20.0,3,5,5,355,4.333333333333333,Loyal Customers
54340,2,3,147.88,0,12.0,4,4,2,442,3.3333333333333335,Loyal Customers
54341,3,2,164.29,0,5.0,3,3,3,333,3.0,Loyal Customers
54342,3,2,148.11,0,8.0,3,3,2,332,2.6666666666666665,Loyal Customers
54343,3,2,156.4,1,5.0,3,3,3,333,3.0,Loyal Customers
54344,3,2,161.9,0,24.0,3,3,3,333,3.0,Loyal Customers
54345,4,2,169.5,0,27.0,2,3,3,233,2.6666666666666665,At Risk
54346,7,2,152.56,0,7.0,2,3,2,232,2.3333333333333335,At Risk
54347,10,10,315.33,0,14.0,1,5,5,155,3.6666666666666665,At Risk
54348,16,3,312.22,0,29.0,1,4,5,145,3.3333333333333335,At Risk
54349,3,2,220.47,0,8.0,3,3,5,335,3.6666666666666665,Loyal Customers
54350,1,2,262.34,0,25.0,5,3,5,535,4.333333333333333,Loyal Customers
54351,10,12,324.99,0,26.0,1,5,5,155,3.6666666666666665,At Risk
54352,4,2,147.79,0,1.0,2,3,2,232,2.3333333333333335,At Risk
54353,2,2,184.16,1,1.0,4,3,4,434,3.6666666666666665,Loyal Customers
54354,3,3,145.89,0,17.0,3,4,2,342,3.0,Loyal Customers
54355,9,12,292.92,0,19.0,1,5,5,155,3.6666666666666665,At Risk
54356,8,2,160.64,0,11.0,1,3,3,133,2.3333333333333335,At Risk
54357,3,2,169.25,0,9.0,3,3,3,333,3.0,Loyal Customers
54358,3,2,177.65,0,16.0,3,3,4,334,3.3333333333333335,Loyal Customers
54359,1,2,190.53,0,12.0,5,3,4,534,4.0,Loyal Customers
54360,8,2,187.61,0,12.0,1,3,4,134,2.6666666666666665,At Risk
54361,1,3,167.98,0,1.0,5,4,3,543,4.0,Loyal Customers
54362,8,2,193.04,0,23.0,1,3,4,134,2.6666666666666665,At Risk
54363,1,3,163.15,0,8.0,5,4,3,543,4.0,Loyal Customers
54364,8,4,152.41,0,14.0,1,5,2,152,2.6666666666666665,At Risk
54365,1,2,191.73,1,2.0,5,3,4,534,4.0,Loyal Customers
54366,10,2,201.39,1,1.0,1,3,4,134,2.6666666666666665,At Risk
54367,3,3,148.28,0,1.0,3,4,2,342,3.0,Loyal Customers
54368,8,2,146.53,0,10.0,1,3,2,132,2.0,At Risk
54369,3,2,173.76,0,14.0,3,3,4,334,3.3333333333333335,Loyal Customers
54370,3,2,218.96,0,20.0,3,3,5,335,3.6666666666666665,Loyal Customers
54371,3,10,229.0,1,1.0,3,5,5,355,4.333333333333333,Loyal Customers
54372,3,6,209.74,0,4.0,3,5,5,355,4.333333333333333,Loyal Customers
54373,3,2,224.81,0,1.0,3,3,5,335,3.6666666666666665,Loyal Customers
54374,8,2,249.9,0,25.0,1,3,5,135,3.0,At Risk
54375,5,2,151.57,1,1.0,2,3,2,232,2.3333333333333335,At Risk
54376,1,2,260.91,0,15.0,5,3,5,535,4.333333333333333,Loyal Customers
54377,2,2,191.96,1,1.0,4,3,4,434,3.6666666666666665,Loyal Customers
54378,6,2,145.58,1,1.0,2,3,2,232,2.3333333333333335,At Risk
54379,3,13,213.65,0,19.0,3,5,5,355,4.333333333333333,Loyal Customers
54380,6,2,184.4,0,28.0,2,3,4,234,3.0,At Risk
54381,8,4,184.14,0,10.0,1,5,4,154,3.3333333333333335,At Risk
54382,2,2,151.22,0,7.0,4,3,2,432,3.0,Loyal Customers
54383,8,2,246.85,0,11.0,1,3,5,135,3.0,At Risk
54384,3,6,231.09,0,12.0,3,5,5,355,4.333333333333333,Loyal Customers
54385,5,2,168.45,0,5.0,2,3,3,233,2.6666666666666665,At Risk
54386,1,2,146.77,0,31.0,5,3,2,532,3.3333333333333335,Loyal Customers
54387,9,6,152.93,0,11.0,1,5,2,152,2.6666666666666665,At Risk
54388,2,5,204.18,0,3.0,4,5,4,454,4.333333333333333,Champions
54389,3,2,212.89,0,9.0,3,3,5,335,3.6666666666666665,Loyal Customers
54390,2,2,148.89,1,1.0,4,3,2,432,3.0,Loyal Customers
54391,3,3,157.12,0,26.0,3,4,3,343,3.3333333333333335,Loyal Customers
54392,16,12,317.32,0,16.0,1,5,5,155,3.6666666666666665,At Risk
54393,3,3,147.67,0,31.0,3,4,2,342,3.0,Loyal Customers
54394,7,2,320.17,0,24.0,2,3,5,235,3.3333333333333335,At Risk
54395,5,2,149.36,1,1.0,2,3,2,232,2.3333333333333335,At Risk
54396,10,2,285.64,0,17.0,1,3,5,135,3.0,At Risk
54397,8,2,152.07,1,1.0,1,3,2,132,2.0,At Risk
54398,13,16,315.68,0,26.0,1,5,5,155,3.6666666666666665,At Risk
54399,3,2,164.31,0,6.0,3,3,3,333,3.0,Loyal Customers
54400,3,2,162.3,1,1.0,3,3,3,333,3.0,Loyal Customers
54401,3,2,147.32,0,13.0,3,3,2,332,2.6666666666666665,Loyal Customers
54402,3,3,169.65,0,6.0,3,4,3,343,3.3333333333333335,Loyal Customers
54403,1,2,155.72,0,15.0,5,3,3,533,3.6666666666666665,Loyal Customers
54404,8,5,158.19,0,14.0,1,5,3,153,3.0,At Risk
54405,8,2,317.02,0,19.0,1,3,5,135,3.0,At Risk
54406,3,3,261.75,0,5.0,3,4,5,345,4.0,Loyal Customers
54407,3,2,154.11,0,7.0,3,3,3,333,3.0,Loyal Customers
54408,10,6,184.57,0,8.0,1,5,4,154,3.3333333333333335,At Risk
54409,3,2,164.2,0,11.0,3,3,3,333,3.0,Loyal Customers
54410,3,2,189.34,0,19.0,3,3,4,334,3.3333333333333335,Loyal Customers
54411,3,2,225.48,1,1.0,3,3,5,335,3.6666666666666665,Loyal Customers
54412,9,2,234.38,0,13.0,1,3,5,135,3.0,At Risk
54413,6,2,148.4,0,3.0,2,3,2,232,2.3333333333333335,At Risk
54414,3,2,190.45,0,16.0,3,3,4,334,3.3333333333333335,Loyal Customers
54415,3,2,194.31,0,3.0,3,3,4,334,3.3333333333333335,Loyal Customers
54416,3,2,173.98,0,1.0,3,3,4,334,3.3333333333333335,Loyal Customers
54417,9,8,150.93,0,16.0,1,5,2,152,2.6666666666666665,At Risk
54418,10,4,319.36,0,14.0,1,5,5,155,3.6666666666666665,At Risk
54419,1,2,152.23,0,25.0,5,3,2,532,3.3333333333333335,Loyal Customers
54420,5,2,159.79,1,1.0,2,3,3,233,2.6666666666666665,At Risk
54421,4,2,152.94,0,6.0,2,3,2,232,2.3333333333333335,At Risk
54422,6,8,177.49,0,12.0,2,5,4,254,3.6666666666666665,At Risk
54423,5,2,146.76,0,6.0,2,3,2,232,2.3333333333333335,At Risk
54424,8,8,293.72,0,20.0,1,5,5,155,3.6666666666666665,At Risk
54425,1,2,159.85,1,1.0,5,3,3,533,3.6666666666666665,Loyal Customers
54426,1,2,191.44,0,3.0,5,3,4,534,4.0,Loyal Customers
54427,9,8,180.82,0,5.0,1,5,4,154,3.3333333333333335,At Risk
54428,6,2,165.0,0,1.0,2,3,3,233,2.6666666666666665,At Risk
54429,11,2,259.96,0,19.0,1,3,5,135,3.0,At Risk
54430,12,11,157.1,0,10.0,1,5,3,153,3.0,At Risk
54431,14,5,315.45,0,29.0,1,5,5,155,3.6666666666666665,At Risk
54432,10,2,243.49,1,11.0,1,3,5,135,3.0,At Risk
54433,5,2,145.7,0,2.0,2,3,2,232,2.3333333333333335,At Risk
54434,2,2,190.02,0,11.0,4,3,4,434,3.6666666666666665,Loyal Customers
54435,1,2,157.3,0,1.0,5,3,3,533,3.6666666666666665,Loyal Customers
54436,3,2,261.03,0,11.0,3,3,5,335,3.6666666666666665,Loyal Customers
54437,3,2,244.96,0,9.0,3,3,5,335,3.6666666666666665,Loyal Customers
54438,8,8,181.05,0,12.0,1,5,4,154,3.3333333333333335,At Risk
54439,5,2,188.97,0,1.0,2,3,4,234,3.0,At Risk
54440,7,2,316.44,0,24.0,2,3,5,235,3.3333333333333335,At Risk
54441,4,2,300.84,0,27.0,2,3,5,235,3.3333333333333335,At Risk
54442,7,12,174.07,0,16.0,2,5,4,254,3.6666666666666665,At Risk
54443,10,2,170.54,0,3.0,1,3,3,133,2.3333333333333335,At Risk
54444,9,2,179.15,0,29.0,1,3,4,134,2.6666666666666665,At Risk
54445,4,4,172.41,0,1.0,2,5,3,253,3.3333333333333335,At Risk
54446,8,6,146.15,0,11.0,1,5,2,152,2.6666666666666665,At Risk
54447,1,2,156.61,1,8.0,5,3,3,533,3.6666666666666665,Loyal Customers
54448,3,2,182.45,0,12.0,3,3,4,334,3.3333333333333335,Loyal Customers
54449,3,2,148.73,1,1.0,3,3,2,332,2.6666666666666665,Loyal Customers
54450,3,2,158.1,0,2.0,3,3,3,333,3.0,Loyal Customers
54451,3,2,311.65,0,23.0,3,3,5,335,3.6666666666666665,Loyal Customers
54452,8,8,169.85,0,10.0,1,5,3,153,3.0,At Risk
54453,3,3,152.89,0,5.0,3,4,2,342,3.0,Loyal Customers
54454,5,8,183.28,1,1.0,2,5,4,254,3.6666666666666665,At Risk
54455,3,2,148.26,0,11.0,3,3,2,332,2.6666666666666665,Loyal Customers
54456,9,2,260.25,0,16.0,1,3,5,135,3.0,At Risk
54457,1,2,139.2,1,1.0,5,3,1,531,3.0,Loyal Customers
54458,10,7,205.2,0,9.0,1,5,4,154,3.3333333333333335,At Risk
54459,1,2,161.88,0,10.0,5,3,3,533,3.6666666666666665,Loyal Customers
54460,3,2,179.82,0,25.0,3,3,4,334,3.3333333333333335,Loyal Customers
54461,5,2,285.15,0,15.0,2,3,5,235,3.3333333333333335,At Risk
54462,1,2,137.0,0,1.0,5,3,1,531,3.0,Loyal Customers
54463,8,2,181.61,0,2.0,1,3,4,134,2.6666666666666665,At Risk
54464,8,8,194.29,0,5.0,1,5,4,154,3.3333333333333335,At Risk
54465,3,4,221.13,0,13.0,3,5,5,355,4.333333333333333,Loyal Customers
54466,9,2,181.74,0,10.0,1,3,4,134,2.6666666666666665,At Risk
54467,9,5,179.84,0,6.0,1,5,4,154,3.3333333333333335,At Risk
54468,2,2,245.61,0,12.0,4,3,5,435,4.0,Loyal Customers
54469,3,2,181.6,0,31.0,3,3,4,334,3.3333333333333335,Loyal Customers
54470,4,2,173.21,0,5.0,2,3,4,234,3.0,At Risk
54471,1,2,189.1,0,5.0,5,3,4,534,4.0,Loyal Customers
54472,12,10,177.1,0,19.0,1,5,4,154,3.3333333333333335,At Risk
54473,3,3,151.95,0,5.0,3,4,2,342,3.0,Loyal Customers
54474,9,2,243.78,0,7.0,1,3,5,135,3.0,At Risk
54475,11,12,295.68,0,1.0,1,5,5,155,3.6666666666666665,At Risk
54476,8,2,149.55,0,17.0,1,3,2,132,2.0,At Risk
54477,8,2,264.64,0,23.0,1,3,5,135,3.0,At Risk
54478,8,8,174.41,1,16.0,1,5,4,154,3.3333333333333335,At Risk
54479,3,2,149.78,0,1.0,3,3,2,332,2.6666666666666665,Loyal Customers
54480,10,12,177.28,0,6.0,1,5,4,154,3.3333333333333335,At Risk
54481,5,2,169.78,0,1.0,2,3,3,233,2.6666666666666665,At Risk
54482,8,2,200.47,0,5.0,1,3,4,134,2.6666666666666665,At Risk
54483,8,2,175.55,0,6.0,1,3,4,134,2.6666666666666665,At Risk
54484,3,3,159.64,1,1.0,3,4,3,343,3.3333333333333335,Loyal Customers
54485,10,2,182.75,0,4.0,1,3,4,134,2.6666666666666665,At Risk
54486,3,9,214.43,0,5.0,3,5,5,355,4.333333333333333,Loyal Customers
54487,4,14,317.72,0,13.0,2,5,5,255,4.0,At Risk
54488,1,2,177.38,1,3.0,5,3,4,534,4.0,Loyal Customers
54489,2,2,171.82,0,7.0,4,3,3,433,3.3333333333333335,Loyal Customers
54490,2,2,308.0,0,21.0,4,3,5,435,4.0,Loyal Customers
54491,1,2,177.57,0,17.0,5,3,4,534,4.0,Loyal Customers
54492,5,2,188.49,0,1.0,2,3,4,234,3.0,At Risk
54493,4,2,173.69,0,28.0,2,3,4,234,3.0,At Risk
54494,3,2,224.85,0,17.0,3,3,5,335,3.6666666666666665,Loyal Customers
54495,9,10,161.97,0,19.0,1,5,3,153,3.0,At Risk
54496,3,2,199.57,0,14.0,3,3,4,334,3.3333333333333335,Loyal Customers
54497,8,2,146.19,1,1.0,1,3,2,132,2.0,At Risk
54498,3,3,164.83,0,3.0,3,4,3,343,3.3333333333333335,Loyal Customers
54499,3,2,186.18,0,4.0,3,3,4,334,3.3333333333333335,Loyal Customers
54500,8,2,187.14,0,1.0,1,3,4,134,2.6666666666666665,At Risk
54501,5,2,188.47,0,11.0,2,3,4,234,3.0,At Risk
54502,10,2,240.1,0,12.0,1,3,5,135,3.0,At Risk
54503,11,5,196.43,0,5.0,1,5,4,154,3.3333333333333335,At Risk
54504,8,2,207.68,0,3.0,1,3,4,134,2.6666666666666665,At Risk
54505,14,2,205.95,0,9.0,1,3,4,134,2.6666666666666665,At Risk
54506,3,2,154.04,0,1.0,3,3,3,333,3.0,Loyal Customers
54507,3,2,185.32,0,15.0,3,3,4,334,3.3333333333333335,Loyal Customers
54508,1,2,154.76,0,21.0,5,3,3,533,3.6666666666666665,Loyal Customers
54509,1,2,284.92,0,16.0,5,3,5,535,4.333333333333333,Loyal Customers
54510,3,2,171.49,0,3.0,3,3,3,333,3.0,Loyal Customers
54511,1,2,151.96,0,16.0,5,3,2,532,3.3333333333333335,Loyal Customers
54512,8,2,148.7,0,6.0,1,3,2,132,2.0,At Risk
54513,1,2,250.04,0,22.0,5,3,5,535,4.333333333333333,Loyal Customers
54514,8,7,184.74,0,11.0,1,5,4,154,3.3333333333333335,At Risk
54515,3,3,172.36,0,4.0,3,4,3,343,3.3333333333333335,Loyal Customers
54516,8,8,177.96,0,1.0,1,5,4,154,3.3333333333333335,At Risk
54517,1,2,192.81,0,16.0,5,3,4,534,4.0,Loyal Customers
54518,3,2,146.74,1,1.0,3,3,2,332,2.6666666666666665,Loyal Customers
54519,1,2,191.53,0,10.0,5,3,4,534,4.0,Loyal Customers
54520,3,2,221.99,0,10.0,3,3,5,335,3.6666666666666665,Loyal Customers
54521,3,2,192.55,0,31.0,3,3,4,334,3.3333333333333335,Loyal Customers
54522,8,2,147.13,0,14.0,1,3,2,132,2.0,At Risk
54523,3,3,151.1,0,1.0,3,4,2,342,3.0,Loyal Customers
54524,1,2,153.51,1,1.0,5,3,2,532,3.3333333333333335,Loyal Customers
54525,4,2,159.52,0,11.0,2,3,3,233,2.6666666666666665,At Risk
54526,1,2,177.58,0,20.0,5,3,4,534,4.0,Loyal Customers
54527,3,8,218.55,1,5.0,3,5,5,355,4.333333333333333,Loyal Customers
54528,3,2,229.96,0,24.0,3,3,5,335,3.6666666666666665,Loyal Customers
54529,1,2,188.8,1,4.0,5,3,4,534,4.0,Loyal Customers
54530,3,3,151.57,0,5.0,3,4,2,342,3.0,Loyal Customers
54531,1,2,152.16,1,1.0,5,3,2,532,3.3333333333333335,Loyal Customers
54532,3,2,147.01,0,3.0,3,3,2,332,2.6666666666666665,Loyal Customers
54533,1,2,190.4,0,9.0,5,3,4,534,4.0,Loyal Customers
54534,5,2,163.16,0,1.0,2,3,3,233,2.6666666666666665,At Risk
54535,8,2,177.53,0,2.0,1,3,4,134,2.6666666666666665,At Risk
54536,1,2,234.65,0,23.0,5,3,5,535,4.333333333333333,Loyal Customers
54537,8,2,174.36,0,25.0,1,3,4,134,2.6666666666666665,At Risk
54538,3,3,150.43,0,10.0,3,4,2,342,3.0,Loyal Customers
54539,5,2,178.04,1,1.0,2,3,4,234,3.0,At Risk
54540,3,2,291.59,0,29.0,3,3,5,335,3.6666666666666665,Loyal Customers
54541,4,2,167.6,0,1.0,2,3,3,233,2.6666666666666665,At Risk
54542,1,2,149.76,0,4.0,5,3,2,532,3.3333333333333335,Loyal Customers
54543,5,2,156.02,1,1.0,2,3,3,233,2.6666666666666665,At Risk
54544,3,2,147.44,0,1.0,3,3,2,332,2.6666666666666665,Loyal Customers
54545,1,10,200.96,0,10.0,5,5,4,554,4.666666666666667,Champions
54546,1,2,147.85,1,1.0,5,3,2,532,3.3333333333333335,Loyal Customers
54547,18,13,155.34,0,11.0,1,5,3,153,3.0,At Risk
54548,4,2,182.15,0,14.0,2,3,4,234,3.0,At Risk
54549,3,2,150.76,0,16.0,3,3,2,332,2.6666666666666665,Loyal Customers
54550,2,2,166.97,0,11.0,4,3,3,433,3.3333333333333335,Loyal Customers
54551,10,4,268.36,0,17.0,1,5,5,155,3.6666666666666665,At Risk
54552,1,2,159.48,0,14.0,5,3,3,533,3.6666666666666665,Loyal Customers
54553,3,2,319.06,0,28.0,3,3,5,335,3.6666666666666665,Loyal Customers
54554,3,2,190.38,0,8.0,3,3,4,334,3.3333333333333335,Loyal Customers
54555,13,4,168.06,0,5.0,1,5,3,153,3.0,At Risk
54556,3,2,147.58,0,17.0,3,3,2,332,2.6666666666666665,Loyal Customers
54557,3,2,170.22,0,17.0,3,3,3,333,3.0,Loyal Customers
54558,4,2,169.87,0,1.0,2,3,3,233,2.6666666666666665,At Risk
54559,8,11,169.49,0,11.0,1,5,3,153,3.0,At Risk
54560,3,4,147.18,0,5.0,3,5,2,352,3.3333333333333335,Loyal Customers
54561,7,2,316.97,0,13.0,2,3,5,235,3.3333333333333335,At Risk
54562,8,2,257.12,0,30.0,1,3,5,135,3.0,At Risk
54563,5,5,190.77,0,4.0,2,5,4,254,3.6666666666666665,At Risk
54564,8,2,208.92,0,15.0,1,3,5,135,3.0,At Risk
54565,9,2,170.58,0,2.0,1,3,3,133,2.3333333333333335,At Risk
54566,3,2,165.31,1,1.0,3,3,3,333,3.0,Loyal Customers
54567,5,2,204.69,0,26.0,2,3,4,234,3.0,At Risk
54568,3,2,151.54,0,19.0,3,3,2,332,2.6666666666666665,Loyal Customers
54569,5,2,290.55,0,26.0,2,3,5,235,3.3333333333333335,At Risk
54570,3,2,170.56,0,16.0,3,3,3,333,3.0,Loyal Customers
54571,3,2,185.91,0,4.0,3,3,4,334,3.3333333333333335,Loyal Customers
54572,11,12,320.66,0,31.0,1,5,5,155,3.6666666666666665,At Risk
54573,9,2,173.1,0,20.0,1,3,4,134,2.6666666666666665,At Risk
54574,5,2,170.23,0,16.0,2,3,3,233,2.6666666666666665,At Risk
54575,5,2,157.02,1,1.0,2,3,3,233,2.6666666666666665,At Risk
54576,1,2,148.51,1,1.0,5,3,2,532,3.3333333333333335,Loyal Customers
54577,1,2,142.02,0,12.0,5,3,2,532,3.3333333333333335,Loyal Customers
54578,13,2,305.41,0,14.0,1,3,5,135,3.0,At Risk
54579,3,2,153.86,0,1.0,3,3,3,333,3.0,Loyal Customers
54580,5,2,145.97,0,4.0,2,3,2,232,2.3333333333333335,At Risk
54581,8,2,244.35,0,3.0,1,3,5,135,3.0,At Risk
54582,2,2,150.46,1,1.0,4,3,2,432,3.0,Loyal Customers
54583,1,2,150.64,1,1.0,5,3,2,532,3.3333333333333335,Loyal Customers
54584,9,8,209.12,0,4.0,1,5,5,155,3.6666666666666665,At Risk
54585,1,2,266.18,0,31.0,5,3,5,535,4.333333333333333,Loyal Customers
54586,8,16,295.46,0,24.0,1,5,5,155,3.6666666666666665,At Risk
54587,8,7,150.64,0,4.0,1,5,2,152,2.6666666666666665,At Risk
54588,3,14,227.66,0,31.0,3,5,5,355,4.333333333333333,Loyal Customers
54589,5,2,175.7,0,21.0,2,3,4,234,3.0,At Risk
54590,2,2,303.61,0,20.0,4,3,5,435,4.0,Loyal Customers
54591,4,5,167.3,0,9.0,2,5,3,253,3.3333333333333335,At Risk
54592,1,2,162.8,0,28.0,5,3,3,533,3.6666666666666665,Loyal Customers
54593,8,6,152.68,0,8.0,1,5,2,152,2.6666666666666665,At Risk
54594,3,2,215.71,0,6.0,3,3,5,335,3.6666666666666665,Loyal Customers
54595,9,2,231.48,0,5.0,1,3,5,135,3.0,At Risk
54596,8,8,261.1,1,1.0,1,5,5,155,3.6666666666666665,At Risk
54597,4,2,159.08,1,1.0,2,3,3,233,2.6666666666666665,At Risk
54598,3,2,154.83,0,4.0,3,3,3,333,3.0,Loyal Customers
54599,1,2,201.32,0,9.0,5,3,4,534,4.0,Loyal Customers
54600,3,2,223.24,1,1.0,3,3,5,335,3.6666666666666665,Loyal Customers
54601,3,2,224.5,1,1.0,3,3,5,335,3.6666666666666665,Loyal Customers
54602,1,3,145.93,0,16.0,5,4,2,542,3.6666666666666665,Loyal Customers
54603,3,10,224.8,0,10.0,3,5,5,355,4.333333333333333,Loyal Customers
54604,3,2,163.94,1,1.0,3,3,3,333,3.0,Loyal Customers
54605,8,7,165.51,0,22.0,1,5,3,153,3.0,At Risk
54606,9,8,293.35,0,29.0,1,5,5,155,3.6666666666666665,At Risk
54607,11,2,187.3,0,15.0,1,3,4,134,2.6666666666666665,At Risk
54608,10,7,172.17,0,9.0,1,5,3,153,3.0,At Risk
54609,14,2,257.37,0,14.0,1,3,5,135,3.0,At Risk
54610,8,2,162.55,0,13.0,1,3,3,133,2.3333333333333335,At Risk
54611,6,2,190.82,0,5.0,2,3,4,234,3.0,At Risk
54612,9,6,199.06,0,16.0,1,5,4,154,3.3333333333333335,At Risk
54613,8,4,173.05,0,19.0,1,5,3,153,3.0,At Risk
54614,1,2,152.41,1,1.0,5,3,2,532,3.3333333333333335,Loyal Customers
54615,3,2,167.62,0,3.0,3,3,3,333,3.0,Loyal Customers
54616,6,2,286.84,0,7.0,2,3,5,235,3.3333333333333335,At Risk
54617,2,2,240.57,0,5.0,4,3,5,435,4.0,Loyal Customers
54618,1,2,143.78,1,1.0,5,3,2,532,3.3333333333333335,Loyal Customers
54619,2,2,234.32,0,14.0,4,3,5,435,4.0,Loyal Customers
54620,8,2,193.11,0,15.0,1,3,4,134,2.6666666666666665,At Risk
54621,1,2,168.06,0,1.0,5,3,3,533,3.6666666666666665,Loyal Customers
54622,4,2,173.59,0,9.0,2,3,4,234,3.0,At Risk
54623,8,6,178.37,0,8.0,1,5,4,154,3.3333333333333335,At Risk
54624,1,2,148.4,1,1.0,5,3,2,532,3.3333333333333335,Loyal Customers
54625,3,2,199.91,0,11.0,3,3,4,334,3.3333333333333335,Loyal Customers
54626,3,2,230.27,0,20.0,3,3,5,335,3.6666666666666665,Loyal Customers
54627,9,12,290.95,0,15.0,1,5,5,155,3.6666666666666665,At Risk
54628,3,8,213.34,0,11.0,3,5,5,355,4.333333333333333,Loyal Customers
54629,10,7,180.77,0,26.0,1,5,4,154,3.3333333333333335,At Risk
54630,3,2,172.07,1,1.0,3,3,3,333,3.0,Loyal Customers
54631,2,3,149.0,0,1.0,4,4,2,442,3.3333333333333335,Loyal Customers
54632,3,2,223.24,0,12.0,3,3,5,335,3.6666666666666665,Loyal Customers
54633,4,5,189.47,0,11.0,2,5,4,254,3.6666666666666665,At Risk
54634,10,2,320.02,0,23.0,1,3,5,135,3.0,At Risk
54635,5,2,152.25,0,1.0,2,3,2,232,2.3333333333333335,At Risk
54636,5,2,187.72,0,1.0,2,3,4,234,3.0,At Risk
54637,1,2,146.27,0,1.0,5,3,2,532,3.3333333333333335,Loyal Customers
54638,8,11,307.0,0,24.0,1,5,5,155,3.6666666666666665,At Risk
54639,7,2,145.96,0,1.0,2,3,2,232,2.3333333333333335,At Risk
54640,3,2,153.86,1,1.0,3,3,3,333,3.0,Loyal Customers
54641,1,2,145.33,1,1.0,5,3,2,532,3.3333333333333335,Loyal Customers
54642,4,2,161.22,0,8.0,2,4,3,243,3.0,At Risk
54643,3,2,167.33,1,1.0,3,4,3,343,3.3333333333333335,Loyal Customers
54644,3,2,161.81,0,9.0,3,4,3,343,3.3333333333333335,Loyal Customers
54645,8,6,179.6,0,5.0,1,5,4,154,3.3333333333333335,At Risk
54646,4,2,146.87,0,1.0,2,4,2,242,2.6666666666666665,At Risk
54647,3,2,221.02,0,11.0,3,4,5,345,4.0,Loyal Customers
54648,1,2,153.36,0,1.0,5,4,2,542,3.6666666666666665,Loyal Customers
54649,3,3,165.89,0,16.0,3,4,3,343,3.3333333333333335,Loyal Customers
54650,1,2,291.27,0,17.0,5,4,5,545,4.666666666666667,Champions
54651,1,2,151.19,0,12.0,5,4,2,542,3.6666666666666665,Loyal Customers
54652,8,5,181.79,0,17.0,1,5,4,154,3.3333333333333335,At Risk
54653,3,2,279.02,0,22.0,3,4,5,345,4.0,Loyal Customers
54654,3,2,184.85,0,18.0,3,4,4,344,3.6666666666666665,Loyal Customers
54655,7,2,150.79,0,8.0,2,4,2,242,2.6666666666666665,At Risk
54656,3,2,155.41,1,1.0,3,4,3,343,3.3333333333333335,Loyal Customers
54657,3,2,159.47,0,1.0,3,4,3,343,3.3333333333333335,Loyal Customers
54658,2,2,320.13,0,18.0,4,4,5,445,4.333333333333333,Champions
54659,3,3,152.73,0,1.0,3,4,2,342,3.0,Loyal Customers
54660,3,2,196.04,0,7.0,3,4,4,344,3.6666666666666665,Loyal Customers
54661,6,2,188.22,0,6.0,2,4,4,244,3.3333333333333335,At Risk
54662,1,2,145.83,0,4.0,5,4,2,542,3.6666666666666665,Loyal Customers
54663,11,9,208.81,0,27.0,1,5,4,154,3.3333333333333335,At Risk
54664,9,9,151.91,0,8.0,1,5,2,152,2.6666666666666665,At Risk
54665,1,2,167.86,1,9.0,5,4,3,543,4.0,Loyal Customers
54666,3,2,81.0,0,1.0,3,4,1,341,2.6666666666666665,Loyal Customers
54667,3,8,219.34,0,11.0,3,5,5,355,4.333333333333333,Loyal Customers
54668,3,2,180.61,0,3.0,3,4,4,344,3.6666666666666665,Loyal Customers
54669,9,12,191.46,0,9.0,1,5,4,154,3.3333333333333335,At Risk
54670,8,5,202.25,0,7.0,1,5,4,154,3.3333333333333335,At Risk
54671,2,2,232.25,0,28.0,4,4,5,445,4.333333333333333,Champions
54672,3,2,213.47,0,10.0,3,4,5,345,4.0,Loyal Customers
54673,2,2,145.45,0,1.0,4,4,2,442,3.3333333333333335,Loyal Customers
54674,2,2,135.09,1,1.0,4,4,1,441,3.0,Loyal Customers
54675,8,10,158.48,1,1.0,1,5,3,153,3.0,At Risk
54676,1,2,137.81,0,9.0,5,4,1,541,3.3333333333333335,Loyal Customers
54677,3,2,153.19,0,1.0,3,4,2,342,3.0,Loyal Customers
54678,3,2,173.51,0,1.0,3,4,4,344,3.6666666666666665,Loyal Customers
54679,6,2,165.28,0,12.0,2,4,3,243,3.0,At Risk
54680,9,3,152.2,0,3.0,1,4,2,142,2.3333333333333335,At Risk
54681,3,3,206.2,0,22.0,3,4,4,344,3.6666666666666665,Loyal Customers
54682,5,2,171.47,0,1.0,2,4,3,243,3.0,At Risk
54683,1,2,171.8,0,11.0,5,4,3,543,4.0,Loyal Customers
54684,9,4,157.21,0,24.0,1,5,3,153,3.0,At Risk
54685,3,8,211.21,0,8.0,3,5,5,355,4.333333333333333,Loyal Customers
54686,1,3,170.77,1,1.0,5,4,3,543,4.0,Loyal Customers
54687,11,12,170.53,0,13.0,1,5,3,153,3.0,At Risk
54688,9,2,178.96,0,6.0,1,4,4,144,3.0,At Risk
54689,4,2,192.96,1,14.0,2,4,4,244,3.3333333333333335,At Risk
54690,9,2,201.25,0,12.0,1,4,4,144,3.0,At Risk
54691,8,2,199.12,0,1.0,1,4,4,144,3.0,At Risk
54692,8,2,236.59,0,6.0,1,4,5,145,3.3333333333333335,At Risk
54693,8,2,174.6,0,21.0,1,4,4,144,3.0,At Risk
54694,3,2,229.75,0,14.0,3,4,5,345,4.0,Loyal Customers
54695,4,2,273.14,0,27.0,2,4,5,245,3.6666666666666665,At Risk
54696,7,13,316.41,0,15.0,2,5,5,255,4.0,At Risk
54697,3,3,179.05,0,31.0,3,4,4,344,3.6666666666666665,Loyal Customers
54698,3,2,212.93,0,1.0,3,4,5,345,4.0,Loyal Customers
54699,11,3,316.89,0,15.0,1,4,5,145,3.3333333333333335,At Risk
54700,3,3,163.75,0,24.0,3,4,3,343,3.3333333333333335,Loyal Customers
54701,8,4,147.16,1,1.0,1,5,2,152,2.6666666666666665,At Risk
54702,6,2,242.13,0,10.0,2,4,5,245,3.6666666666666665,At Risk
54703,1,2,203.61,0,12.0,5,4,4,544,4.333333333333333,Champions
54704,5,2,162.08,0,18.0,2,4,3,243,3.0,At Risk
54705,14,12,262.7,0,21.0,1,5,5,155,3.6666666666666665,At Risk
54706,8,8,178.04,0,4.0,1,5,4,154,3.3333333333333335,At Risk
54707,1,2,151.42,0,3.0,5,4,2,542,3.6666666666666665,Loyal Customers
54708,3,3,152.59,1,6.0,3,4,2,342,3.0,Loyal Customers
54709,3,3,193.04,0,17.0,3,4,4,344,3.6666666666666665,Loyal Customers
54710,4,5,186.42,0,8.0,2,5,4,254,3.6666666666666665,At Risk
54711,3,2,150.0,0,1.0,3,4,2,342,3.0,Loyal Customers
54712,7,4,188.89,0,13.0,2,5,4,254,3.6666666666666665,At Risk
54713,2,2,236.03,0,30.0,4,4,5,445,4.333333333333333,Champions
54714,4,3,148.42,0,14.0,2,4,2,242,2.6666666666666665,At Risk
54715,8,2,193.11,0,1.0,1,4,4,144,3.0,At Risk
54716,3,3,147.97,0,3.0,3,4,2,342,3.0,Loyal Customers
54717,3,3,149.5,0,27.0,3,4,2,342,3.0,Loyal Customers
54718,1,2,175.93,0,9.0,5,4,4,544,4.333333333333333,Champions
54719,8,5,178.09,0,6.0,1,5,4,154,3.3333333333333335,At Risk
54720,2,2,155.57,0,12.0,4,4,3,443,3.6666666666666665,Loyal Customers
54721,1,2,176.21,0,8.0,5,4,4,544,4.333333333333333,Champions
54722,17,2,293.56,0,26.0,1,4,5,145,3.3333333333333335,At Risk
54723,9,8,151.86,1,1.0,1,5,2,152,2.6666666666666665,At Risk
54724,5,2,186.8,0,1.0,2,4,4,244,3.3333333333333335,At Risk
54725,2,4,191.32,0,19.0,4,5,4,454,4.333333333333333,Champions
54726,3,2,160.05,0,1.0,3,4,3,343,3.3333333333333335,Loyal Customers
54727,4,2,188.97,1,11.0,2,4,4,244,3.3333333333333335,At Risk
54728,5,2,187.74,0,8.0,2,4,4,244,3.3333333333333335,At Risk
54729,5,2,323.59,1,19.0,2,4,5,245,3.6666666666666665,At Risk
54730,10,2,200.87,0,10.0,1,4,4,144,3.0,At Risk
54731,3,2,167.58,0,26.0,3,4,3,343,3.3333333333333335,Loyal Customers
54732,1,3,168.64,0,1.0,5,4,3,543,4.0,Loyal Customers
54733,2,2,168.35,0,3.0,4,4,3,443,3.6666666666666665,Loyal Customers
54734,3,2,178.26,1,1.0,3,4,4,344,3.6666666666666665,Loyal Customers
54735,4,2,157.8,0,8.0,2,4,3,243,3.0,At Risk
54736,5,2,179.85,0,28.0,2,4,4,244,3.3333333333333335,At Risk
54737,2,2,168.42,0,1.0,4,4,3,443,3.6666666666666665,Loyal Customers
54738,4,5,152.82,0,11.0,2,5,2,252,3.0,At Risk
54739,13,5,184.8,0,12.0,1,5,4,154,3.3333333333333335,At Risk
54740,4,2,168.81,0,8.0,2,4,3,243,3.0,At Risk
54741,3,2,150.72,0,9.0,3,4,2,342,3.0,Loyal Customers
54742,3,2,163.33,0,4.0,3,4,3,343,3.3333333333333335,Loyal Customers
54743,8,4,167.44,0,14.0,1,5,3,153,3.0,At Risk
54744,3,2,190.0,0,8.0,3,4,4,344,3.6666666666666665,Loyal Customers
54745,10,15,309.3,0,16.0,1,5,5,155,3.6666666666666665,At Risk
54746,1,2,141.01,1,1.0,5,4,2,542,3.6666666666666665,Loyal Customers
54747,1,2,151.94,0,1.0,5,4,2,542,3.6666666666666665,Loyal Customers
54748,5,2,156.49,0,26.0,2,4,3,243,3.0,At Risk
54749,4,2,301.39,0,24.0,2,4,5,245,3.6666666666666665,At Risk
54750,1,2,148.19,1,1.0,5,4,2,542,3.6666666666666665,Loyal Customers
54751,8,2,241.91000000000005,0,7.0,1,4,5,145,3.3333333333333335,At Risk
54752,3,2,178.24,1,1.0,3,4,4,344,3.6666666666666665,Loyal Customers
54753,1,4,292.52,0,21.0,5,5,5,555,5.0,Champions
54754,6,2,177.28,0,10.0,2,4,4,244,3.3333333333333335,At Risk
54755,8,2,152.0,0,3.0,1,4,2,142,2.3333333333333335,At Risk
54756,9,14,317.46,1,21.0,1,5,5,155,3.6666666666666665,At Risk
54757,3,3,150.06,0,9.0,3,4,2,342,3.0,Loyal Customers
54758,3,2,185.62,0,16.0,3,4,4,344,3.6666666666666665,Loyal Customers
54759,2,3,168.82,1,1.0,4,4,3,443,3.6666666666666665,Loyal Customers
54760,5,2,146.43,0,10.0,2,4,2,242,2.6666666666666665,At Risk
54761,9,7,186.62,0,6.0,1,5,4,154,3.3333333333333335,At Risk
54762,1,2,175.94,0,14.0,5,4,4,544,4.333333333333333,Champions
54763,1,2,193.77,0,4.0,5,4,4,544,4.333333333333333,Champions
54764,1,2,147.74,0,19.0,5,4,2,542,3.6666666666666665,Loyal Customers
54765,9,8,169.34,0,16.0,1,5,3,153,3.0,At Risk
54766,3,2,187.88,0,12.0,3,4,4,344,3.6666666666666665,Loyal Customers
54767,4,2,150.53,0,8.0,2,4,2,242,2.6666666666666665,At Risk
54768,8,8,201.54,1,13.0,1,5,4,154,3.3333333333333335,At Risk
54769,4,8,176.6,1,19.0,2,5,4,254,3.6666666666666665,At Risk
54770,1,2,296.59,0,17.0,5,4,5,545,4.666666666666667,Champions
54771,9,2,253.08,0,1.0,1,4,5,145,3.3333333333333335,At Risk
54772,3,2,227.21,0,9.0,3,4,5,345,4.0,Loyal Customers
54773,6,8,172.79,0,2.0,2,5,3,253,3.3333333333333335,At Risk
54774,3,2,162.37,0,8.0,3,4,3,343,3.3333333333333335,Loyal Customers
54775,8,2,148.66,1,1.0,1,4,2,142,2.3333333333333335,At Risk
54776,1,2,142.06,0,1.0,5,4,2,542,3.6666666666666665,Loyal Customers
54777,18,5,288.07,0,25.0,1,5,5,155,3.6666666666666665,At Risk
54778,4,3,184.33,0,18.0,2,4,4,244,3.3333333333333335,At Risk
54779,2,2,159.24,0,1.0,4,4,3,443,3.6666666666666665,Loyal Customers
54780,9,2,165.37,0,7.0,1,4,3,143,2.6666666666666665,At Risk
54781,2,2,150.59,0,9.0,4,4,2,442,3.3333333333333335,Loyal Customers
54782,12,5,187.01,0,10.0,1,5,4,154,3.3333333333333335,At Risk
54783,4,2,169.03,0,6.0,2,4,3,243,3.0,At Risk
54784,4,2,162.61,0,4.0,2,4,3,243,3.0,At Risk
54785,5,2,234.34,0,27.0,2,4,5,245,3.6666666666666665,At Risk
54786,3,2,232.61,0,19.0,3,4,5,345,4.0,Loyal Customers
54787,4,2,176.75,0,6.0,2,4,4,244,3.3333333333333335,At Risk
54788,1,2,263.26,0,26.0,5,4,5,545,4.666666666666667,Champions
54789,1,2,188.34,0,11.0,5,4,4,544,4.333333333333333,Champions
54790,5,2,174.36,0,2.0,2,4,4,244,3.3333333333333335,At Risk
54791,3,3,172.75,0,1.0,3,4,3,343,3.3333333333333335,Loyal Customers
54792,3,2,153.18,0,18.0,3,4,2,342,3.0,Loyal Customers
54793,3,3,150.15,0,16.0,3,4,2,342,3.0,Loyal Customers
54794,4,2,148.42,0,10.0,2,4,2,242,2.6666666666666665,At Risk
54795,4,2,166.94,0,1.0,2,4,3,243,3.0,At Risk
54796,16,2,231.85,0,9.0,1,4,5,145,3.3333333333333335,At Risk
54797,9,8,145.22,1,1.0,1,5,2,152,2.6666666666666665,At Risk
54798,3,2,148.14,0,6.0,3,4,2,342,3.0,Loyal Customers
54799,4,2,167.56,0,1.0,2,4,3,243,3.0,At Risk
54800,3,2,160.8,0,23.0,3,4,3,343,3.3333333333333335,Loyal Customers
54801,5,4,156.62,0,1.0,2,5,3,253,3.3333333333333335,At Risk
54802,4,6,190.24,0,6.0,2,5,4,254,3.6666666666666665,At Risk
54803,3,2,153.99,0,12.0,3,4,3,343,3.3333333333333335,Loyal Customers
54804,4,2,177.31,0,16.0,2,4,4,244,3.3333333333333335,At Risk
54805,3,2,148.56,0,5.0,3,4,2,342,3.0,Loyal Customers
54806,3,2,153.0,1,1.0,3,4,2,342,3.0,Loyal Customers
54807,3,2,243.36,0,27.0,3,4,5,345,4.0,Loyal Customers
54808,9,2,234.03,0,9.0,1,4,5,145,3.3333333333333335,At Risk
54809,1,2,154.73,0,11.0,5,4,3,543,4.0,Loyal Customers
54810,9,4,267.75,0,27.0,1,5,5,155,3.6666666666666665,At Risk
54811,3,3,180.62,0,17.0,3,4,4,344,3.6666666666666665,Loyal Customers
54812,8,8,170.37,0,21.0,1,5,3,153,3.0,At Risk
54813,10,2,201.42,0,11.0,1,4,4,144,3.0,At Risk
54814,8,15,304.24,0,24.0,1,5,5,155,3.6666666666666665,At Risk
54815,5,2,177.04,0,13.0,2,4,4,244,3.3333333333333335,At Risk
54816,4,2,147.77,0,7.0,2,4,2,242,2.6666666666666665,At Risk
54817,2,2,152.95,1,1.0,4,4,2,442,3.3333333333333335,Loyal Customers
54818,4,2,150.32,0,3.0,2,4,2,242,2.6666666666666665,At Risk
54819,2,8,150.59,0,18.0,4,5,2,452,3.6666666666666665,Loyal Customers
54820,3,2,174.08,0,2.0,3,4,4,344,3.6666666666666665,Loyal Customers
54821,1,2,148.8,1,21.0,5,4,2,542,3.6666666666666665,Loyal Customers
54822,1,2,172.65,0,17.0,5,4,3,543,4.0,Loyal Customers
54823,3,2,145.44,1,1.0,3,4,2,342,3.0,Loyal Customers
54824,1,2,151.93,1,1.0,5,4,2,542,3.6666666666666665,Loyal Customers
54825,12,5,190.86,0,10.0,1,5,4,154,3.3333333333333335,At Risk
54826,3,2,157.94,0,21.0,3,4,3,343,3.3333333333333335,Loyal Customers
54827,3,2,166.71,1,1.0,3,4,3,343,3.3333333333333335,Loyal Customers
54828,1,2,152.78,1,5.0,5,4,2,542,3.6666666666666665,Loyal Customers
54829,3,3,148.77,0,2.0,3,4,2,342,3.0,Loyal Customers
54830,3,3,149.04,1,3.0,3,4,2,342,3.0,Loyal Customers
54831,1,2,148.18,0,1.0,5,4,2,542,3.6666666666666665,Loyal Customers
54832,1,2,145.08,0,8.0,5,4,2,542,3.6666666666666665,Loyal Customers
54833,4,2,187.44,0,16.0,2,4,4,244,3.3333333333333335,At Risk
54834,3,2,152.99,0,7.0,3,4,2,342,3.0,Loyal Customers
54835,3,2,230.52,0,31.0,3,4,5,345,4.0,Loyal Customers
54836,3,6,148.29,0,5.0,3,5,2,352,3.3333333333333335,Loyal Customers
54837,8,2,165.14,0,9.0,1,4,3,143,2.6666666666666665,At Risk
54838,8,2,199.03,0,23.0,1,4,4,144,3.0,At Risk
54839,1,2,147.59,0,22.0,5,4,2,542,3.6666666666666665,Loyal Customers
54840,1,2,194.32,0,5.0,5,4,4,544,4.333333333333333,Champions
54841,2,2,171.78,0,10.0,4,4,3,443,3.6666666666666665,Loyal Customers
54842,12,6,260.82,0,12.0,1,5,5,155,3.6666666666666665,At Risk
54843,3,2,148.32,0,6.0,3,4,2,342,3.0,Loyal Customers
54844,1,2,149.13,1,1.0,5,4,2,542,3.6666666666666665,Loyal Customers
54845,3,2,222.05,0,14.0,3,4,5,345,4.0,Loyal Customers
54846,8,2,167.94,0,1.0,1,4,3,143,2.6666666666666665,At Risk
54847,18,3,172.21,0,15.0,1,4,3,143,2.6666666666666665,At Risk
54848,10,4,150.19,0,10.0,1,5,2,152,2.6666666666666665,At Risk
54849,1,2,146.21,1,1.0,5,4,2,542,3.6666666666666665,Loyal Customers
54850,1,2,154.73,1,1.0,5,4,3,543,4.0,Loyal Customers
54851,6,9,183.55,0,5.0,2,5,4,254,3.6666666666666665,At Risk
54852,1,2,161.17,0,14.0,5,4,3,543,4.0,Loyal Customers
54853,4,7,192.25,0,6.0,2,5,4,254,3.6666666666666665,At Risk
54854,3,4,228.25,1,1.0,3,5,5,355,4.333333333333333,Loyal Customers
54855,5,2,194.49,0,7.0,2,4,4,244,3.3333333333333335,At Risk
54856,3,12,231.09,1,1.0,3,5,5,355,4.333333333333333,Loyal Customers
54857,9,2,169.47,0,19.0,1,4,3,143,2.6666666666666665,At Risk
54858,3,2,146.57,0,3.0,3,4,2,342,3.0,Loyal Customers
54859,1,2,171.01,0,9.0,5,4,3,543,4.0,Loyal Customers
54860,9,8,295.99,0,26.0,1,5,5,155,3.6666666666666665,At Risk
54861,1,2,149.79,1,21.0,5,4,2,542,3.6666666666666665,Loyal Customers
54862,3,16,273.52,0,27.0,3,5,5,355,4.333333333333333,Loyal Customers
54863,8,8,197.64,0,4.0,1,5,4,154,3.3333333333333335,At Risk
54864,4,2,181.66,0,12.0,2,4,4,244,3.3333333333333335,At Risk
54865,9,2,203.23,0,9.0,1,4,4,144,3.0,At Risk
54866,8,2,203.8,0,13.0,1,4,4,144,3.0,At Risk
54867,1,2,256.94,1,4.0,5,4,5,545,4.666666666666667,Champions
54868,8,3,175.67,0,21.0,1,4,4,144,3.0,At Risk
54869,8,2,175.79,0,10.0,1,4,4,144,3.0,At Risk
54870,3,2,148.21,1,1.0,3,4,2,342,3.0,Loyal Customers
54871,1,7,299.44,0,7.0,5,5,5,555,5.0,Champions
54872,1,2,149.04,1,1.0,5,4,2,542,3.6666666666666665,Loyal Customers
54873,3,2,159.52,0,7.0,3,4,3,343,3.3333333333333335,Loyal Customers
54874,3,2,147.7,0,19.0,3,4,2,342,3.0,Loyal Customers
54875,4,2,298.99,0,24.0,2,4,5,245,3.6666666666666665,At Risk
54876,3,2,179.88,0,7.0,3,4,4,344,3.6666666666666665,Loyal Customers
54877,12,2,319.19,0,15.0,1,4,5,145,3.3333333333333335,At Risk
54878,3,3,153.11,0,1.0,3,4,2,342,3.0,Loyal Customers
54879,9,2,161.33,0,19.0,1,4,3,143,2.6666666666666665,At Risk
54880,8,2,166.63,0,21.0,1,4,3,143,2.6666666666666665,At Risk
54881,2,2,146.32,1,1.0,4,4,2,442,3.3333333333333335,Loyal Customers
54882,6,2,264.73,0,24.0,2,4,5,245,3.6666666666666665,At Risk
54883,3,2,151.84,0,12.0,3,4,2,342,3.0,Loyal Customers
54884,8,2,233.45,0,20.0,1,4,5,145,3.3333333333333335,At Risk
54885,3,4,168.77,0,1.0,3,5,3,353,3.6666666666666665,Loyal Customers
54886,3,2,162.43,1,1.0,3,4,3,343,3.3333333333333335,Loyal Customers
54887,4,2,166.48,0,5.0,2,4,3,243,3.0,At Risk
54888,1,2,135.51,0,1.0,5,4,1,541,3.3333333333333335,Loyal Customers
54889,9,2,232.39,0,28.0,1,4,5,145,3.3333333333333335,At Risk
54890,3,11,228.88,0,9.0,3,5,5,355,4.333333333333333,Loyal Customers
54891,8,2,239.16000000000005,0,4.0,1,4,5,145,3.3333333333333335,At Risk
54892,1,2,151.0,1,1.0,5,4,2,542,3.6666666666666665,Loyal Customers
54893,3,2,149.22,1,1.0,3,4,2,342,3.0,Loyal Customers
54894,4,2,179.72,0,1.0,2,4,4,244,3.3333333333333335,At Risk
54895,2,2,149.51,0,1.0,4,4,2,442,3.3333333333333335,Loyal Customers
54896,3,3,167.4,0,22.0,3,4,3,343,3.3333333333333335,Loyal Customers
54897,9,2,234.99,0,22.0,1,4,5,145,3.3333333333333335,At Risk
54898,2,3,175.03,0,15.0,4,4,4,444,4.0,Champions
54899,9,2,252.42,0,13.0,1,4,5,145,3.3333333333333335,At Risk
54900,3,3,167.27,0,1.0,3,4,3,343,3.3333333333333335,Loyal Customers
54901,3,2,164.17,0,9.0,3,4,3,343,3.3333333333333335,Loyal Customers
54902,1,2,308.03,0,1.0,5,4,5,545,4.666666666666667,Champions
54903,1,2,148.8,0,24.0,5,4,2,542,3.6666666666666665,Loyal Customers
54904,4,5,262.26,0,31.0,2,5,5,255,4.0,At Risk
54905,1,2,172.77,1,1.0,5,4,3,543,4.0,Loyal Customers
54906,8,7,188.85,0,29.0,1,5,4,154,3.3333333333333335,At Risk
54907,11,6,324.73,0,15.0,1,5,5,155,3.6666666666666665,At Risk
54908,1,2,193.61,0,12.0,5,4,4,544,4.333333333333333,Champions
54909,3,3,174.69,1,1.0,3,4,4,344,3.6666666666666665,Loyal Customers
54910,10,7,323.45,1,16.0,1,5,5,155,3.6666666666666665,At Risk
54911,12,2,258.2,0,18.0,1,4,5,145,3.3333333333333335,At Risk
54912,14,2,188.47,0,24.0,1,4,4,144,3.0,At Risk
54913,15,16,152.43,1,1.0,1,5,2,152,2.6666666666666665,At Risk
54914,9,2,233.8,0,13.0,1,4,5,145,3.3333333333333335,At Risk
54915,3,3,148.42,0,7.0,3,4,2,342,3.0,Loyal Customers
54916,2,2,301.5,0,19.0,4,4,5,445,4.333333333333333,Champions
54917,8,8,165.25,0,6.0,1,5,3,153,3.0,At Risk
54918,3,2,222.25,0,8.0,3,4,5,345,4.0,Loyal Customers
54919,5,2,244.04,0,31.0,2,4,5,245,3.6666666666666665,At Risk
54920,5,2,146.77,0,19.0,2,4,2,242,2.6666666666666665,At Risk
54921,13,7,200.25,0,27.0,1,5,4,154,3.3333333333333335,At Risk
54922,1,2,173.34,1,1.0,5,4,4,544,4.333333333333333,Champions
54923,3,2,145.42,1,1.0,3,4,2,342,3.0,Loyal Customers
54924,1,2,147.2,0,8.0,5,4,2,542,3.6666666666666665,Loyal Customers
54925,1,2,135.52,0,2.0,5,4,1,541,3.3333333333333335,Loyal Customers
54926,3,3,153.21,0,12.0,3,4,2,342,3.0,Loyal Customers
54927,8,8,317.37,0,24.0,1,5,5,155,3.6666666666666665,At Risk
54928,2,2,166.07,0,11.0,4,4,3,443,3.6666666666666665,Loyal Customers
54929,6,8,208.96,0,14.0,2,5,5,255,4.0,At Risk
54930,4,2,145.07,0,1.0,2,4,2,242,2.6666666666666665,At Risk
54931,3,3,321.27,0,20.0,3,4,5,345,4.0,Loyal Customers
54932,1,2,231.86,0,28.0,5,4,5,545,4.666666666666667,Champions
54933,4,2,154.42,0,30.0,2,4,3,243,3.0,At Risk
54934,3,8,213.58,0,10.0,3,5,5,355,4.333333333333333,Loyal Customers
54935,3,7,292.56,0,29.0,3,5,5,355,4.333333333333333,Loyal Customers
54936,1,2,232.98,0,17.0,5,4,5,545,4.666666666666667,Champions
54937,3,2,148.23,1,1.0,3,4,2,342,3.0,Loyal Customers
54938,1,2,139.16,1,1.0,5,4,1,541,3.3333333333333335,Loyal Customers
54939,8,2,171.15,0,20.0,1,4,3,143,2.6666666666666665,At Risk
54940,8,3,149.61,1,15.0,1,4,2,142,2.3333333333333335,At Risk
54941,3,2,212.22,1,1.0,3,4,5,345,4.0,Loyal Customers
54942,4,2,164.55,0,1.0,2,4,3,243,3.0,At Risk
54943,3,2,224.57,0,4.0,3,4,5,345,4.0,Loyal Customers
54944,9,2,158.76,0,15.0,1,4,3,143,2.6666666666666665,At Risk
54945,3,2,213.23,0,12.0,3,4,5,345,4.0,Loyal Customers
54946,3,12,228.22,0,14.0,3,5,5,355,4.333333333333333,Loyal Customers
54947,3,2,171.21,0,1.0,3,4,3,343,3.3333333333333335,Loyal Customers
54948,3,2,234.76,0,29.0,3,4,5,345,4.0,Loyal Customers
54949,8,2,161.6,0,2.0,1,4,3,143,2.6666666666666665,At Risk
54950,3,4,229.82,1,8.0,3,5,5,355,4.333333333333333,Loyal Customers
54951,3,2,196.19,0,7.0,3,4,4,344,3.6666666666666665,Loyal Customers
54952,3,5,220.82,1,1.0,3,5,5,355,4.333333333333333,Loyal Customers
54953,9,4,170.08,1,1.0,1,5,3,153,3.0,At Risk
54954,3,3,147.07,0,2.0,3,4,2,342,3.0,Loyal Customers
54955,5,2,202.56,0,8.0,2,4,4,244,3.3333333333333335,At Risk
54956,1,2,191.94,0,11.0,5,4,4,544,4.333333333333333,Champions
54957,7,6,161.91,1,1.0,2,5,3,253,3.3333333333333335,At Risk
54958,1,2,148.77,1,1.0,5,4,2,542,3.6666666666666665,Loyal Customers
54959,3,3,148.13,1,1.0,3,4,2,342,3.0,Loyal Customers
54960,8,14,301.65,0,16.0,1,5,5,155,3.6666666666666665,At Risk
54961,1,2,150.96,1,1.0,5,4,2,542,3.6666666666666665,Loyal Customers
54962,1,2,172.28,1,14.0,5,4,3,543,4.0,Loyal Customers
54963,3,2,168.02,0,7.0,3,4,3,343,3.3333333333333335,Loyal Customers
54964,1,2,154.79,0,8.0,5,4,3,543,4.0,Loyal Customers
54965,2,3,293.85,0,22.0,4,4,5,445,4.333333333333333,Champions
54966,13,5,180.93,0,19.0,1,5,4,154,3.3333333333333335,At Risk
54967,3,5,229.45,0,26.0,3,5,5,355,4.333333333333333,Loyal Customers
54968,3,3,212.4,0,12.0,3,4,5,345,4.0,Loyal Customers
54969,8,2,150.14,0,3.0,1,4,2,142,2.3333333333333335,At Risk
54970,8,2,201.55,0,2.0,1,4,4,144,3.0,At Risk
54971,10,5,299.65,0,20.0,1,5,5,155,3.6666666666666665,At Risk
54972,1,2,198.51,0,12.0,5,4,4,544,4.333333333333333,Champions
54973,2,2,233.2,0,17.0,4,4,5,445,4.333333333333333,Champions
54974,6,2,246.69,1,3.0,2,4,5,245,3.6666666666666665,At Risk
54975,10,5,321.26,0,14.0,1,5,5,155,3.6666666666666665,At Risk
54976,3,3,145.7,0,1.0,3,4,2,342,3.0,Loyal Customers
54977,4,2,192.82,0,13.0,2,4,4,244,3.3333333333333335,At Risk
54978,10,2,202.79,0,10.0,1,4,4,144,3.0,At Risk
54979,3,3,152.91,0,5.0,3,4,2,342,3.0,Loyal Customers
54980,5,2,157.01,0,2.0,2,4,3,243,3.0,At Risk
54981,3,2,174.68,0,9.0,3,4,4,344,3.6666666666666665,Loyal Customers
54982,4,2,256.2,0,23.0,2,4,5,245,3.6666666666666665,At Risk
54983,3,2,165.33,0,8.0,3,4,3,343,3.3333333333333335,Loyal Customers
54984,2,2,157.91,0,3.0,4,4,3,443,3.6666666666666665,Loyal Customers
54985,1,2,167.72,0,16.0,5,4,3,543,4.0,Loyal Customers
54986,3,2,175.56,0,3.0,3,4,4,344,3.6666666666666665,Loyal Customers
54987,1,6,153.44,0,12.0,5,5,2,552,4.0,Loyal Customers
54988,3,2,152.03,0,2.0,3,4,2,342,3.0,Loyal Customers
54989,1,2,144.04,1,1.0,5,4,2,542,3.6666666666666665,Loyal Customers
54990,4,2,207.24,1,1.0,2,4,4,244,3.3333333333333335,At Risk
54991,1,2,172.66,0,15.0,5,4,3,543,4.0,Loyal Customers
54992,3,3,151.1,1,1.0,3,4,2,342,3.0,Loyal Customers
54993,4,2,182.31,0,11.0,2,4,4,244,3.3333333333333335,At Risk
54994,3,3,150.39,0,1.0,3,4,2,342,3.0,Loyal Customers
54995,4,2,182.14,0,8.0,2,4,4,244,3.3333333333333335,At Risk
54996,5,2,168.23,0,9.0,2,4,3,243,3.0,At Risk
54997,11,4,198.36,1,1.0,1,5,4,154,3.3333333333333335,At Risk
54998,14,2,259.99,0,14.0,1,4,5,145,3.3333333333333335,At Risk
54999,15,14,262.58,1,6.0,1,5,5,155,3.6666666666666665,At Risk
55000,6,2,176.55,0,16.0,2,4,4,244,3.3333333333333335,At Risk
55001,8,2,147.58,0,9.0,1,4,2,142,2.3333333333333335,At Risk
55002,3,2,160.97,0,1.0,3,4,3,343,3.3333333333333335,Loyal Customers
55003,1,2,150.15,1,1.0,5,4,2,542,3.6666666666666665,Loyal Customers
55004,8,2,169.2,0,1.0,1,4,3,143,2.6666666666666665,At Risk
55005,5,2,190.78,0,4.0,2,4,4,244,3.3333333333333335,At Risk
55006,1,2,169.22,0,14.0,5,4,3,543,4.0,Loyal Customers
55007,3,7,227.74,0,9.0,3,5,5,355,4.333333333333333,Loyal Customers
55008,10,5,178.43,0,8.0,1,5,4,154,3.3333333333333335,At Risk
55009,3,3,148.76,0,9.0,3,4,2,342,3.0,Loyal Customers
55010,4,2,178.46,1,7.0,2,4,4,244,3.3333333333333335,At Risk
55011,1,2,153.27,0,6.0,5,4,2,542,3.6666666666666665,Loyal Customers
55012,3,5,324.43,0,30.0,3,5,5,355,4.333333333333333,Loyal Customers
55013,9,2,156.31,0,3.0,1,4,3,143,2.6666666666666665,At Risk
55014,1,2,150.52,0,1.0,5,4,2,542,3.6666666666666665,Loyal Customers
55015,3,2,169.77,0,19.0,3,4,3,343,3.3333333333333335,Loyal Customers
55016,12,4,189.74,0,11.0,1,5,4,154,3.3333333333333335,At Risk
55017,3,2,155.33,0,1.0,3,4,3,343,3.3333333333333335,Loyal Customers
55018,3,2,154.36,1,8.0,3,4,3,343,3.3333333333333335,Loyal Customers
55019,8,5,311.06,0,27.0,1,5,5,155,3.6666666666666665,At Risk
55020,4,2,146.68,0,3.0,2,4,2,242,2.6666666666666665,At Risk
55021,1,2,153.53,1,1.0,5,4,2,542,3.6666666666666665,Loyal Customers
55022,10,16,295.48,0,20.0,1,5,5,155,3.6666666666666665,At Risk
55023,1,2,147.9,0,18.0,5,4,2,542,3.6666666666666665,Loyal Customers
55024,5,2,161.0,0,7.0,2,4,3,243,3.0,At Risk
55025,1,2,146.07,1,5.0,5,4,2,542,3.6666666666666665,Loyal Customers
55026,4,2,166.15,0,4.0,2,4,3,243,3.0,At Risk
55027,1,2,168.27,0,14.0,5,4,3,543,4.0,Loyal Customers
55028,3,3,303.56,0,24.0,3,4,5,345,4.0,Loyal Customers
55029,4,4,156.96,0,2.0,2,5,3,253,3.3333333333333335,At Risk
55030,4,2,315.81,0,20.0,2,4,5,245,3.6666666666666665,At Risk
55031,3,2,214.66,0,9.0,3,4,5,345,4.0,Loyal Customers
55032,1,2,147.1,1,1.0,5,4,2,542,3.6666666666666665,Loyal Customers
55033,2,2,170.39,0,7.0,4,4,3,443,3.6666666666666665,Loyal Customers
55034,8,2,152.41,0,10.0,1,4,2,142,2.3333333333333335,At Risk
55035,10,9,159.91,0,4.0,1,5,3,153,3.0,At Risk
55036,18,14,170.41,0,18.0,1,5,3,153,3.0,At Risk
55037,3,3,151.78,0,1.0,3,4,2,342,3.0,Loyal Customers
55038,5,2,198.79,0,20.0,2,4,4,244,3.3333333333333335,At Risk
55039,4,2,187.72,0,16.0,2,4,4,244,3.3333333333333335,At Risk
55040,10,2,177.2,0,31.0,1,4,4,144,3.0,At Risk
55041,3,3,159.0,0,6.0,3,4,3,343,3.3333333333333335,Loyal Customers
55042,8,2,174.98,0,6.0,1,4,4,144,3.0,At Risk
55043,3,8,227.52,0,10.0,3,5,5,355,4.333333333333333,Loyal Customers
55044,11,5,152.81,0,7.0,1,5,2,152,2.6666666666666665,At Risk
55045,4,2,193.52,0,14.0,2,4,4,244,3.3333333333333335,At Risk
55046,2,2,174.5,0,1.0,4,4,4,444,4.0,Champions
55047,8,6,160.79,0,4.0,1,5,3,153,3.0,At Risk
55048,1,2,256.91,0,16.0,5,4,5,545,4.666666666666667,Champions
55049,3,5,228.77,0,9.0,3,5,5,355,4.333333333333333,Loyal Customers
55050,9,7,147.35,0,1.0,1,5,2,152,2.6666666666666665,At Risk
55051,3,2,230.02,0,28.0,3,4,5,345,4.0,Loyal Customers
55052,8,8,145.11,0,18.0,1,5,2,152,2.6666666666666665,At Risk
55053,1,2,143.59,1,1.0,5,4,2,542,3.6666666666666665,Loyal Customers
55054,3,2,162.6,0,3.0,3,4,3,343,3.3333333333333335,Loyal Customers
55055,10,2,302.79,0,28.0,1,4,5,145,3.3333333333333335,At Risk
55056,2,2,193.33,0,5.0,4,4,4,444,4.0,Champions
55057,9,2,193.12,0,5.0,1,4,4,144,3.0,At Risk
55058,6,2,176.71,0,31.0,2,4,4,244,3.3333333333333335,At Risk
55059,8,2,322.4,0,17.0,1,4,5,145,3.3333333333333335,At Risk
55060,1,2,312.11,0,23.0,5,4,5,545,4.666666666666667,Champions
55061,8,2,161.92,0,10.0,1,4,3,143,2.6666666666666665,At Risk
55062,1,2,150.59,0,22.0,5,4,2,542,3.6666666666666665,Loyal Customers
55063,4,2,150.17,0,1.0,2,4,2,242,2.6666666666666665,At Risk
55064,1,2,191.23,0,3.0,5,4,4,544,4.333333333333333,Champions
55065,1,2,307.65,0,22.0,5,4,5,545,4.666666666666667,Champions
55066,8,2,286.24,0,3.0,1,4,5,145,3.3333333333333335,At Risk
55067,1,2,150.85,0,8.0,5,4,2,542,3.6666666666666665,Loyal Customers
55068,11,4,307.13,0,18.0,1,5,5,155,3.6666666666666665,At Risk
55069,9,2,208.8,0,7.0,1,4,4,144,3.0,At Risk
55070,2,2,154.94,0,1.0,4,4,3,443,3.6666666666666665,Loyal Customers
55071,2,2,137.23,0,1.0,4,4,1,441,3.0,Loyal Customers
55072,1,2,136.18,1,1.0,5,4,1,541,3.3333333333333335,Loyal Customers
55073,3,3,153.75,0,1.0,3,4,3,343,3.3333333333333335,Loyal Customers
55074,12,2,313.24,1,9.0,1,4,5,145,3.3333333333333335,At Risk
55075,1,16,260.77,0,29.0,5,5,5,555,5.0,Champions
55076,3,3,151.25,1,1.0,3,4,2,342,3.0,Loyal Customers
55077,9,2,312.89,0,20.0,1,4,5,145,3.3333333333333335,At Risk
55078,3,2,170.38,0,8.0,3,4,3,343,3.3333333333333335,Loyal Customers
55079,11,12,323.47,0,25.0,1,5,5,155,3.6666666666666665,At Risk
55080,3,6,230.12,0,31.0,3,5,5,355,4.333333333333333,Loyal Customers
55081,11,6,169.44,0,8.0,1,5,3,153,3.0,At Risk
55082,3,2,146.54,0,2.0,3,4,2,342,3.0,Loyal Customers
55083,14,15,316.9,0,18.0,1,5,5,155,3.6666666666666665,At Risk
55084,9,2,169.9,0,8.0,1,4,3,143,2.6666666666666665,At Risk
55085,3,3,160.06,0,9.0,3,4,3,343,3.3333333333333335,Loyal Customers
55086,1,2,148.72,0,16.0,5,4,2,542,3.6666666666666665,Loyal Customers
55087,3,16,227.31,0,17.0,3,5,5,355,4.333333333333333,Loyal Customers
55088,13,6,179.1,0,10.0,1,5,4,154,3.3333333333333335,At Risk
55089,6,2,204.78,1,8.0,2,4,4,244,3.3333333333333335,At Risk
55090,3,3,163.67,0,2.0,3,4,3,343,3.3333333333333335,Loyal Customers
55091,8,8,153.38,0,25.0,1,5,2,152,2.6666666666666665,At Risk
55092,8,2,171.95,0,4.0,1,4,3,143,2.6666666666666665,At Risk
55093,8,8,158.39,1,1.0,1,5,3,153,3.0,At Risk
55094,3,2,145.8,0,2.0,3,4,2,342,3.0,Loyal Customers
55095,2,3,145.96,0,1.0,4,4,2,442,3.3333333333333335,Loyal Customers
55096,9,2,187.09,0,6.0,1,4,4,144,3.0,At Risk
55097,1,2,305.61,0,19.0,5,4,5,545,4.666666666666667,Champions
55098,3,16,296.23,0,13.0,3,5,5,355,4.333333333333333,Loyal Customers
55099,3,3,148.72,0,31.0,3,4,2,342,3.0,Loyal Customers
55100,2,2,173.83,1,1.0,4,4,4,444,4.0,Champions
55101,4,2,164.04,1,3.0,2,4,3,243,3.0,At Risk
55102,8,7,171.27,0,4.0,1,5,3,153,3.0,At Risk
55103,8,2,195.94,0,10.0,1,4,4,144,3.0,At Risk
55104,8,6,159.23,0,20.0,1,5,3,153,3.0,At Risk
55105,6,8,191.74,0,2.0,2,5,4,254,3.6666666666666665,At Risk
55106,3,2,293.8,0,24.0,3,4,5,345,4.0,Loyal Customers
55107,3,2,215.94,1,4.0,3,4,5,345,4.0,Loyal Customers
55108,3,8,209.46,1,16.0,3,5,5,355,4.333333333333333,Loyal Customers
55109,9,2,244.16000000000005,0,4.0,1,4,5,145,3.3333333333333335,At Risk
55110,8,2,170.34,0,13.0,1,4,3,143,2.6666666666666665,At Risk
55111,3,10,223.52,0,5.0,3,5,5,355,4.333333333333333,Loyal Customers
55112,10,12,186.51,0,15.0,1,5,4,154,3.3333333333333335,At Risk
55113,3,3,148.02,1,1.0,3,4,2,342,3.0,Loyal Customers
55114,3,2,148.62,1,8.0,3,4,2,342,3.0,Loyal Customers
55115,11,3,303.61,0,16.0,1,4,5,145,3.3333333333333335,At Risk
55116,12,10,316.87,0,29.0,1,5,5,155,3.6666666666666665,At Risk
55117,8,8,322.17,0,30.0,1,5,5,155,3.6666666666666665,At Risk
55118,1,2,160.44,0,14.0,5,4,3,543,4.0,Loyal Customers
55119,3,2,210.0,0,8.0,3,4,5,345,4.0,Loyal Customers
55120,9,9,171.61,0,14.0,1,5,3,153,3.0,At Risk
55121,8,2,166.03,0,15.0,1,4,3,143,2.6666666666666665,At Risk
55122,2,2,167.49,0,9.0,4,4,3,443,3.6666666666666665,Loyal Customers
55123,11,2,265.26,0,25.0,1,4,5,145,3.3333333333333335,At Risk
55124,8,2,193.93,0,12.0,1,4,4,144,3.0,At Risk
55125,7,10,186.25,0,8.0,2,5,4,254,3.6666666666666665,At Risk
55126,3,2,161.69,0,1.0,3,4,3,343,3.3333333333333335,Loyal Customers
55127,3,6,225.08,1,21.0,3,5,5,355,4.333333333333333,Loyal Customers
55128,4,2,148.87,0,14.0,2,4,2,242,2.6666666666666665,At Risk
55129,14,7,171.39,0,10.0,1,5,3,153,3.0,At Risk
55130,9,2,203.98,0,22.0,1,4,4,144,3.0,At Risk
55131,1,2,150.34,0,1.0,5,4,2,542,3.6666666666666665,Loyal Customers
55132,4,2,256.42,0,25.0,2,4,5,245,3.6666666666666665,At Risk
55133,1,2,141.11,0,1.0,5,4,2,542,3.6666666666666665,Loyal Customers
55134,1,2,178.63,0,9.0,5,4,4,544,4.333333333333333,Champions
55135,1,2,175.71,0,1.0,5,4,4,544,4.333333333333333,Champions
55136,9,4,261.95,1,19.0,1,5,5,155,3.6666666666666665,At Risk
55137,10,2,259.02,0,30.0,1,4,5,145,3.3333333333333335,At Risk
55138,1,2,145.29,0,8.0,5,4,2,542,3.6666666666666665,Loyal Customers
55139,9,12,188.77,0,14.0,1,5,4,154,3.3333333333333335,At Risk
55140,8,8,179.29,0,8.0,1,5,4,154,3.3333333333333335,At Risk
55141,1,2,152.85,1,1.0,5,4,2,542,3.6666666666666665,Loyal Customers
55142,3,4,171.14,1,1.0,3,5,3,353,3.6666666666666665,Loyal Customers
55143,4,2,151.1,0,12.0,2,4,2,242,2.6666666666666665,At Risk
55144,12,5,191.87,0,8.0,1,5,4,154,3.3333333333333335,At Risk
55145,5,2,172.24,0,2.0,2,4,3,243,3.0,At Risk
55146,8,7,186.79,1,1.0,1,5,4,154,3.3333333333333335,At Risk
55147,5,2,186.2,0,13.0,2,4,4,244,3.3333333333333335,At Risk
55148,3,4,230.96,0,25.0,3,5,5,355,4.333333333333333,Loyal Customers
55149,4,4,179.67,0,15.0,2,5,4,254,3.6666666666666665,At Risk
55150,4,2,154.96,0,11.0,2,4,3,243,3.0,At Risk
55151,3,2,224.98,0,7.0,3,4,5,345,4.0,Loyal Customers
55152,3,2,165.78,0,6.0,3,4,3,343,3.3333333333333335,Loyal Customers
55153,6,2,234.2,0,13.0,2,4,5,245,3.6666666666666665,At Risk
55154,3,2,187.32,0,1.0,3,4,4,344,3.6666666666666665,Loyal Customers
55155,3,2,257.47,0,26.0,3,4,5,345,4.0,Loyal Customers
55156,9,2,165.81,0,17.0,1,4,3,143,2.6666666666666665,At Risk
55157,5,5,182.69,0,1.0,2,5,4,254,3.6666666666666665,At Risk
55158,8,8,148.94,1,1.0,1,5,2,152,2.6666666666666665,At Risk
55159,2,2,164.04,0,1.0,4,4,3,443,3.6666666666666665,Loyal Customers
55160,10,2,292.99,0,16.0,1,4,5,145,3.3333333333333335,At Risk
55161,5,2,154.5,0,26.0,2,4,3,243,3.0,At Risk
55162,3,2,161.29,0,11.0,3,4,3,343,3.3333333333333335,Loyal Customers
55163,3,3,218.62,0,9.0,3,4,5,345,4.0,Loyal Customers
55164,3,2,157.29,0,1.0,3,4,3,343,3.3333333333333335,Loyal Customers
55165,8,2,160.78,0,1.0,1,4,3,143,2.6666666666666665,At Risk
55166,10,2,204.88,0,3.0,1,4,4,144,3.0,At Risk
55167,4,2,167.84,1,13.0,2,4,3,243,3.0,At Risk
55168,8,8,200.53,1,1.0,1,5,4,154,3.3333333333333335,At Risk
55169,8,13,298.28,0,28.0,1,5,5,155,3.6666666666666665,At Risk
55170,6,2,322.01,0,31.0,2,4,5,245,3.6666666666666665,At Risk
55171,1,2,272.32,0,29.0,5,4,5,545,4.666666666666667,Champions
55172,3,2,217.78,0,10.0,3,4,5,345,4.0,Loyal Customers
55173,1,2,138.59,1,1.0,5,4,1,541,3.3333333333333335,Loyal Customers
55174,3,2,172.79,0,4.0,3,4,3,343,3.3333333333333335,Loyal Customers
55175,1,2,289.22,0,5.0,5,4,5,545,4.666666666666667,Champions
55176,4,2,154.96,0,8.0,2,4,3,243,3.0,At Risk
55177,1,2,137.61,1,1.0,5,4,1,541,3.3333333333333335,Loyal Customers
55178,5,2,145.99,0,1.0,2,4,2,242,2.6666666666666665,At Risk
55179,9,2,183.1,0,10.0,1,4,4,144,3.0,At Risk
55180,3,2,181.47,0,10.0,3,4,4,344,3.6666666666666665,Loyal Customers
55181,3,2,159.2,0,21.0,3,4,3,343,3.3333333333333335,Loyal Customers
55182,3,3,169.0,1,1.0,3,4,3,343,3.3333333333333335,Loyal Customers
55183,4,2,160.0,0,11.0,2,4,3,243,3.0,At Risk
55184,1,2,145.66,0,30.0,5,4,2,542,3.6666666666666665,Loyal Customers
55185,7,6,296.69,0,21.0,2,5,5,255,4.0,At Risk
55186,4,2,166.62,0,1.0,2,4,3,243,3.0,At Risk
55187,3,2,217.04,0,6.0,3,4,5,345,4.0,Loyal Customers
55188,3,2,157.94,0,8.0,3,4,3,343,3.3333333333333335,Loyal Customers
55189,4,2,146.27,0,15.0,2,4,2,242,2.6666666666666665,At Risk
55190,8,2,164.75,0,14.0,1,4,3,143,2.6666666666666665,At Risk
55191,10,2,232.93,0,5.0,1,4,5,145,3.3333333333333335,At Risk
55192,3,5,225.96,1,10.0,3,5,5,355,4.333333333333333,Loyal Customers
55193,1,2,161.46,1,3.0,5,4,3,543,4.0,Loyal Customers
55194,8,5,199.46,1,1.0,1,5,4,154,3.3333333333333335,At Risk
55195,8,2,233.51,0,19.0,1,4,5,145,3.3333333333333335,At Risk
55196,3,2,146.09,0,5.0,3,4,2,342,3.0,Loyal Customers
55197,3,3,162.22,1,1.0,3,4,3,343,3.3333333333333335,Loyal Customers
55198,3,2,218.8,0,19.0,3,4,5,345,4.0,Loyal Customers
55199,3,3,179.86,0,22.0,3,4,4,344,3.6666666666666665,Loyal Customers
55200,3,3,152.42,1,1.0,3,4,2,342,3.0,Loyal Customers
55201,9,5,262.57,0,14.0,1,5,5,155,3.6666666666666665,At Risk
55202,3,2,209.63,0,2.0,3,4,5,345,4.0,Loyal Customers
55203,4,2,156.62,0,18.0,2,4,3,243,3.0,At Risk
55204,9,9,290.98,0,27.0,1,5,5,155,3.6666666666666665,At Risk
55205,3,2,191.51,0,23.0,3,4,4,344,3.6666666666666665,Loyal Customers
55206,3,2,148.45,0,14.0,3,4,2,342,3.0,Loyal Customers
55207,4,2,159.2,0,18.0,2,4,3,243,3.0,At Risk
55208,4,2,168.73,0,7.0,2,4,3,243,3.0,At Risk
55209,13,4,172.59,0,8.0,1,5,3,153,3.0,At Risk
55210,3,3,178.01,0,4.0,3,4,4,344,3.6666666666666665,Loyal Customers
55211,9,6,161.73,0,16.0,1,5,3,153,3.0,At Risk
55212,1,2,172.68,0,18.0,5,4,3,543,4.0,Loyal Customers
55213,1,2,137.74,0,4.0,5,4,1,541,3.3333333333333335,Loyal Customers
55214,9,3,174.0,0,31.0,1,4,4,144,3.0,At Risk
55215,3,2,229.66,0,23.0,3,4,5,345,4.0,Loyal Customers
55216,10,7,295.07,0,8.0,1,5,5,155,3.6666666666666665,At Risk
55217,3,2,154.09,1,1.0,3,4,3,343,3.3333333333333335,Loyal Customers
55218,1,2,182.65,1,1.0,5,4,4,544,4.333333333333333,Champions
55219,11,11,170.99,1,1.0,1,5,3,153,3.0,At Risk
55220,1,2,149.04,0,9.0,5,4,2,542,3.6666666666666665,Loyal Customers
55221,1,2,156.72,1,1.0,5,4,3,543,4.0,Loyal Customers
55222,1,2,145.33,0,1.0,5,4,2,542,3.6666666666666665,Loyal Customers
55223,3,3,227.09,0,18.0,3,4,5,345,4.0,Loyal Customers
55224,3,2,211.2,0,3.0,3,4,5,345,4.0,Loyal Customers
55225,4,2,145.64,0,4.0,2,4,2,242,2.6666666666666665,At Risk
55226,3,2,165.35,0,29.0,3,4,3,343,3.3333333333333335,Loyal Customers
55227,3,2,163.38,0,7.0,3,4,3,343,3.3333333333333335,Loyal Customers
55228,3,2,170.91,0,21.0,3,4,3,343,3.3333333333333335,Loyal Customers
55229,1,2,150.61,1,1.0,5,4,2,542,3.6666666666666665,Loyal Customers
55230,1,2,140.63,0,2.0,5,4,1,541,3.3333333333333335,Loyal Customers
55231,4,2,173.98,0,2.0,2,4,4,244,3.3333333333333335,At Risk
55232,3,2,172.89,0,23.0,3,4,3,343,3.3333333333333335,Loyal Customers
55233,3,2,156.8,0,3.0,3,4,3,343,3.3333333333333335,Loyal Customers
55234,8,2,190.49,0,2.0,1,4,4,144,3.0,At Risk
55235,1,2,188.88,0,7.0,5,4,4,544,4.333333333333333,Champions
55236,1,2,237.44,0,6.0,5,4,5,545,4.666666666666667,Champions
55237,13,2,285.32,0,28.0,1,4,5,145,3.3333333333333335,At Risk
55238,8,2,148.62,1,1.0,1,4,2,142,2.3333333333333335,At Risk
55239,18,15,288.28,0,18.0,1,5,5,155,3.6666666666666665,At Risk
55240,3,3,208.76,0,13.0,3,4,4,344,3.6666666666666665,Loyal Customers
55241,2,6,291.06,0,20.0,4,5,5,455,4.666666666666667,Champions
55242,3,4,211.06,0,9.0,3,5,5,355,4.333333333333333,Loyal Customers
55243,3,2,147.72,0,1.0,3,4,2,342,3.0,Loyal Customers
55244,1,2,145.18,1,4.0,5,4,2,542,3.6666666666666665,Loyal Customers
55245,7,9,195.83,0,8.0,2,5,4,254,3.6666666666666665,At Risk
55246,8,8,165.84,1,1.0,1,5,3,153,3.0,At Risk
55247,10,14,269.11,0,24.0,1,5,5,155,3.6666666666666665,At Risk
55248,8,6,148.08,0,8.0,1,5,2,152,2.6666666666666665,At Risk
55249,1,2,173.41,0,16.0,5,4,4,544,4.333333333333333,Champions
55250,8,4,167.85,0,11.0,1,5,3,153,3.0,At Risk
55251,3,2,222.15,0,3.0,3,4,5,345,4.0,Loyal Customers
55252,3,2,168.2,0,7.0,3,4,3,343,3.3333333333333335,Loyal Customers
55253,4,2,146.32,0,19.0,2,4,2,242,2.6666666666666665,At Risk
55254,3,14,226.24,0,16.0,3,5,5,355,4.333333333333333,Loyal Customers
55255,2,8,179.73,0,14.0,4,5,4,454,4.333333333333333,Champions
55256,8,6,177.07,0,7.0,1,5,4,154,3.3333333333333335,At Risk
55257,8,8,289.37,0,14.0,1,5,5,155,3.6666666666666665,At Risk
55258,1,2,147.96,0,1.0,5,4,2,542,3.6666666666666665,Loyal Customers
55259,3,3,165.69,0,14.0,3,4,3,343,3.3333333333333335,Loyal Customers
55260,8,8,199.41,0,19.0,1,5,4,154,3.3333333333333335,At Risk
55261,3,5,149.3,0,9.0,3,5,2,352,3.3333333333333335,Loyal Customers
55262,6,3,183.78,0,6.0,2,4,4,244,3.3333333333333335,At Risk
55263,3,2,151.44,0,10.0,3,4,2,342,3.0,Loyal Customers
55264,8,8,189.39,0,22.0,1,5,4,154,3.3333333333333335,At Risk
55265,1,2,149.51,0,3.0,5,4,2,542,3.6666666666666665,Loyal Customers
55266,3,3,188.92,0,7.0,3,4,4,344,3.6666666666666665,Loyal Customers
55267,3,7,222.14,1,1.0,3,5,5,355,4.333333333333333,Loyal Customers
55268,3,2,185.77,0,12.0,3,4,4,344,3.6666666666666665,Loyal Customers
55269,3,2,149.5,0,9.0,3,4,2,342,3.0,Loyal Customers
55270,3,2,217.5,0,8.0,3,4,5,345,4.0,Loyal Customers
55271,1,2,145.74,1,1.0,5,4,2,542,3.6666666666666665,Loyal Customers
55272,3,2,226.69,1,17.0,3,4,5,345,4.0,Loyal Customers
55273,5,2,173.55,1,2.0,2,4,4,244,3.3333333333333335,At Risk
55274,3,2,165.87,0,6.0,3,4,3,343,3.3333333333333335,Loyal Customers
55275,7,8,148.67,0,22.0,2,5,2,252,3.0,At Risk
55276,1,2,154.72,0,8.0,5,4,3,543,4.0,Loyal Customers
55277,14,3,320.86,0,29.0,1,4,5,145,3.3333333333333335,At Risk
55278,2,3,179.84,0,8.0,4,4,4,444,4.0,Champions
55279,1,2,145.61,0,1.0,5,4,2,542,3.6666666666666665,Loyal Customers
55280,3,8,224.24,0,12.0,3,5,5,355,4.333333333333333,Loyal Customers
55281,3,2,166.98,0,12.0,3,4,3,343,3.3333333333333335,Loyal Customers
55282,1,2,193.15,0,10.0,5,4,4,544,4.333333333333333,Champions
55283,6,2,172.23,0,3.0,2,4,3,243,3.0,At Risk
55284,5,2,186.42,0,9.0,2,4,4,244,3.3333333333333335,At Risk
55285,7,8,207.37,0,13.0,2,5,4,254,3.6666666666666665,At Risk
55286,3,2,213.53,0,3.0,3,4,5,345,4.0,Loyal Customers
55287,1,2,318.31,0,24.0,5,4,5,545,4.666666666666667,Champions
55288,3,3,145.73,0,1.0,3,4,2,342,3.0,Loyal Customers
55289,3,2,180.62,0,10.0,3,4,4,344,3.6666666666666665,Loyal Customers
55290,2,2,321.13,0,16.0,4,4,5,445,4.333333333333333,Champions
55291,9,7,159.07,0,9.0,1,5,3,153,3.0,At Risk
55292,8,8,175.63,0,8.0,1,5,4,154,3.3333333333333335,At Risk
55293,3,2,171.39,0,14.0,3,4,3,343,3.3333333333333335,Loyal Customers
55294,3,2,173.76,0,17.0,3,4,4,344,3.6666666666666665,Loyal Customers
55295,2,2,151.9,0,9.0,4,4,2,442,3.3333333333333335,Loyal Customers
55296,13,2,300.67,0,20.0,1,4,5,145,3.3333333333333335,At Risk
55297,1,2,149.08,1,1.0,5,4,2,542,3.6666666666666665,Loyal Customers
55298,4,2,153.14,0,1.0,2,4,2,242,2.6666666666666665,At Risk
55299,14,2,237.45,0,24.0,1,4,5,145,3.3333333333333335,At Risk
55300,3,2,158.12,0,6.0,3,4,3,343,3.3333333333333335,Loyal Customers
55301,11,2,315.49,0,18.0,1,4,5,145,3.3333333333333335,At Risk
55302,2,2,146.41,0,4.0,4,4,2,442,3.3333333333333335,Loyal Customers
55303,5,2,182.69,0,19.0,2,4,4,244,3.3333333333333335,At Risk
55304,6,5,168.85,0,19.0,2,5,3,253,3.3333333333333335,At Risk
55305,4,2,178.32,0,5.0,2,4,4,244,3.3333333333333335,At Risk
55306,2,2,171.63,0,10.0,4,4,3,443,3.6666666666666665,Loyal Customers
55307,3,8,172.24,0,8.0,3,5,3,353,3.6666666666666665,Loyal Customers
55308,5,2,157.11,0,23.0,2,4,3,243,3.0,At Risk
55309,8,8,178.77,0,13.0,1,5,4,154,3.3333333333333335,At Risk
55310,8,2,165.66,0,1.0,1,4,3,143,2.6666666666666665,At Risk
55311,11,2,177.08,0,9.0,1,4,4,144,3.0,At Risk
55312,1,2,173.77,0,2.0,5,4,4,544,4.333333333333333,Champions
55313,3,3,156.17,0,1.0,3,4,3,343,3.3333333333333335,Loyal Customers
55314,1,2,140.69,1,1.0,5,4,1,541,3.3333333333333335,Loyal Customers
55315,1,2,321.58,0,21.0,5,4,5,545,4.666666666666667,Champions
55316,8,2,155.69,0,13.0,1,4,3,143,2.6666666666666665,At Risk
55317,3,15,229.35,0,14.0,3,5,5,355,4.333333333333333,Loyal Customers
55318,10,3,166.48,0,9.0,1,4,3,143,2.6666666666666665,At Risk
55319,3,2,182.68,0,11.0,3,4,4,344,3.6666666666666665,Loyal Customers
55320,9,4,175.42,0,13.0,1,5,4,154,3.3333333333333335,At Risk
55321,10,4,182.7,0,19.0,1,5,4,154,3.3333333333333335,At Risk
55322,3,2,202.56,0,12.0,3,4,4,344,3.6666666666666665,Loyal Customers
55323,3,7,228.06,1,1.0,3,5,5,355,4.333333333333333,Loyal Customers
55324,8,8,164.36,0,11.0,1,5,3,153,3.0,At Risk
55325,4,4,204.45,0,14.0,2,5,4,254,3.6666666666666665,At Risk
55326,3,2,182.43,0,18.0,3,4,4,344,3.6666666666666665,Loyal Customers
55327,3,3,277.02,0,22.0,3,4,5,345,4.0,Loyal Customers
55328,3,3,179.4,1,1.0,3,4,4,344,3.6666666666666665,Loyal Customers
55329,4,2,162.6,0,1.0,2,4,3,243,3.0,At Risk
55330,3,2,160.17,0,1.0,3,4,3,343,3.3333333333333335,Loyal Customers
55331,3,2,150.8,0,1.0,3,4,2,342,3.0,Loyal Customers
55332,4,2,146.66,1,4.0,2,4,2,242,2.6666666666666665,At Risk
55333,5,2,183.69,0,3.0,2,4,4,244,3.3333333333333335,At Risk
55334,3,2,205.08,0,10.0,3,4,4,344,3.6666666666666665,Loyal Customers
55335,8,2,177.06,0,1.0,1,4,4,144,3.0,At Risk
55336,1,2,177.95,0,13.0,5,4,4,544,4.333333333333333,Champions
55337,3,2,289.13,0,23.0,3,4,5,345,4.0,Loyal Customers
55338,12,2,257.69,0,24.0,1,4,5,145,3.3333333333333335,At Risk
55339,3,3,152.83,0,1.0,3,4,2,342,3.0,Loyal Customers
55340,10,8,179.33,0,8.0,1,5,4,154,3.3333333333333335,At Risk
55341,4,2,145.13,0,10.0,2,4,2,242,2.6666666666666665,At Risk
55342,13,3,264.66,0,23.0,1,4,5,145,3.3333333333333335,At Risk
55343,3,2,168.74,0,10.0,3,4,3,343,3.3333333333333335,Loyal Customers
55344,5,2,193.42,0,10.0,2,4,4,244,3.3333333333333335,At Risk
55345,8,5,299.26,0,28.0,1,5,5,155,3.6666666666666665,At Risk
55346,12,7,301.03,0,17.0,1,5,5,155,3.6666666666666665,At Risk
55347,8,7,170.81,1,1.0,1,5,3,153,3.0,At Risk
55348,10,3,172.35,0,12.0,1,4,3,143,2.6666666666666665,At Risk
55349,10,2,166.87,0,3.0,1,4,3,143,2.6666666666666665,At Risk
55350,5,2,180.05,0,7.0,2,4,4,244,3.3333333333333335,At Risk
55351,7,2,179.7,0,6.0,2,4,4,244,3.3333333333333335,At Risk
55352,3,2,179.76,0,5.0,3,4,4,344,3.6666666666666665,Loyal Customers
55353,3,3,150.87,0,23.0,3,4,2,342,3.0,Loyal Customers
55354,4,4,149.4,0,12.0,2,5,2,252,3.0,At Risk
55355,3,2,284.72,0,21.0,3,4,5,345,4.0,Loyal Customers
55356,1,2,278.79,0,23.0,5,4,5,545,4.666666666666667,Champions
55357,3,2,195.82,0,15.0,3,4,4,344,3.6666666666666665,Loyal Customers
55358,3,2,152.28,0,1.0,3,4,2,342,3.0,Loyal Customers
55359,3,2,178.68,0,7.0,3,4,4,344,3.6666666666666665,Loyal Customers
55360,3,2,178.47,0,10.0,3,4,4,344,3.6666666666666665,Loyal Customers
55361,3,3,156.95,0,18.0,3,4,3,343,3.3333333333333335,Loyal Customers
55362,3,2,164.89,1,1.0,3,4,3,343,3.3333333333333335,Loyal Customers
55363,1,2,158.06,0,12.0,5,4,3,543,4.0,Loyal Customers
55364,3,2,195.05,0,27.0,3,4,4,344,3.6666666666666665,Loyal Customers
55365,8,8,151.55,1,12.0,1,5,2,152,2.6666666666666665,At Risk
55366,1,2,138.93,1,1.0,5,4,1,541,3.3333333333333335,Loyal Customers
55367,8,6,150.7,0,1.0,1,5,2,152,2.6666666666666665,At Risk
55368,3,2,160.37,0,29.0,3,4,3,343,3.3333333333333335,Loyal Customers
55369,14,5,164.86,0,8.0,1,5,3,153,3.0,At Risk
55370,1,2,233.83,0,31.0,5,4,5,545,4.666666666666667,Champions
55371,14,3,145.28,0,7.0,1,4,2,142,2.3333333333333335,At Risk
55372,3,2,220.25,0,11.0,3,4,5,345,4.0,Loyal Customers
55373,8,9,154.29,0,8.0,1,5,3,153,3.0,At Risk
55374,3,2,147.75,1,1.0,3,4,2,342,3.0,Loyal Customers
55375,8,7,203.79,0,18.0,1,5,4,154,3.3333333333333335,At Risk
55376,5,2,174.3,0,9.0,2,4,4,244,3.3333333333333335,At Risk
55377,9,9,203.47,0,17.0,1,5,4,154,3.3333333333333335,At Risk
55378,5,2,169.01,0,1.0,2,4,3,243,3.0,At Risk
55379,3,9,217.41,0,15.0,3,5,5,355,4.333333333333333,Loyal Customers
55380,3,2,154.74,0,3.0,3,4,3,343,3.3333333333333335,Loyal Customers
55381,8,7,170.02,0,10.0,1,5,3,153,3.0,At Risk
55382,5,2,232.48,0,19.0,2,4,5,245,3.6666666666666665,At Risk
55383,1,2,140.55,1,1.0,5,4,1,541,3.3333333333333335,Loyal Customers
55384,11,2,254.36,1,11.0,1,4,5,145,3.3333333333333335,At Risk
55385,3,2,148.05,0,1.0,3,4,2,342,3.0,Loyal Customers
55386,7,9,292.04,0,19.0,2,5,5,255,4.0,At Risk
55387,4,2,159.33,0,6.0,2,4,3,243,3.0,At Risk
55388,4,2,159.77,0,5.0,2,4,3,243,3.0,At Risk
55389,3,2,189.3,0,15.0,3,4,4,344,3.6666666666666665,Loyal Customers
55390,1,2,190.16,0,14.0,5,4,4,544,4.333333333333333,Champions
55391,3,2,164.07,0,1.0,3,4,3,343,3.3333333333333335,Loyal Customers
55392,10,2,180.62,0,20.0,1,4,4,144,3.0,At Risk
55393,8,2,193.83,0,9.0,1,4,4,144,3.0,At Risk
55394,9,2,153.62,0,4.0,1,4,2,142,2.3333333333333335,At Risk
55395,1,2,174.78,0,21.0,5,4,4,544,4.333333333333333,Champions
55396,3,2,228.68,0,20.0,3,4,5,345,4.0,Loyal Customers
55397,3,3,186.34,1,1.0,3,4,4,344,3.6666666666666665,Loyal Customers
55398,1,2,192.35,1,1.0,5,4,4,544,4.333333333333333,Champions
55399,3,2,157.95,0,1.0,3,4,3,343,3.3333333333333335,Loyal Customers
55400,5,2,177.38,0,5.0,2,4,4,244,3.3333333333333335,At Risk
55401,9,6,189.72,0,13.0,1,5,4,154,3.3333333333333335,At Risk
55402,3,2,221.1,0,6.0,3,4,5,345,4.0,Loyal Customers
55403,9,13,323.33,0,14.0,1,5,5,155,3.6666666666666665,At Risk
55404,3,2,222.56,0,19.0,3,4,5,345,4.0,Loyal Customers
55405,8,2,174.68,0,4.0,1,4,4,144,3.0,At Risk
55406,2,3,146.45,0,1.0,4,4,2,442,3.3333333333333335,Loyal Customers
55407,3,2,146.8,1,1.0,3,4,2,342,3.0,Loyal Customers
55408,3,2,208.46,0,5.0,3,4,4,344,3.6666666666666665,Loyal Customers
55409,5,2,159.45,0,1.0,2,4,3,243,3.0,At Risk
55410,3,3,152.6,1,1.0,3,4,2,342,3.0,Loyal Customers
55411,3,2,187.94,0,3.0,3,4,4,344,3.6666666666666665,Loyal Customers
55412,8,2,196.4,0,4.0,1,4,4,144,3.0,At Risk
55413,3,2,154.32,0,8.0,3,4,3,343,3.3333333333333335,Loyal Customers
55414,8,2,176.47,0,7.0,1,4,4,144,3.0,At Risk
55415,5,2,170.07,0,23.0,2,4,3,243,3.0,At Risk
55416,3,2,210.64,1,1.0,3,4,5,345,4.0,Loyal Customers
55417,6,2,149.68,0,12.0,2,4,2,242,2.6666666666666665,At Risk
55418,1,2,206.61,1,1.0,5,4,4,544,4.333333333333333,Champions
55419,1,2,146.09,0,3.0,5,4,2,542,3.6666666666666665,Loyal Customers
55420,8,2,177.94,0,4.0,1,4,4,144,3.0,At Risk
55421,8,2,152.18,0,6.0,1,4,2,142,2.3333333333333335,At Risk
55422,1,2,183.11,0,12.0,5,4,4,544,4.333333333333333,Champions
55423,1,2,149.37,1,7.0,5,4,2,542,3.6666666666666665,Loyal Customers
55424,5,2,152.66,0,16.0,2,4,2,242,2.6666666666666665,At Risk
55425,1,2,315.38,0,29.0,5,4,5,545,4.666666666666667,Champions
55426,8,2,155.55,0,7.0,1,4,3,143,2.6666666666666665,At Risk
55427,5,2,147.89,0,15.0,2,4,2,242,2.6666666666666665,At Risk
55428,8,2,165.01,0,8.0,1,4,3,143,2.6666666666666665,At Risk
55429,3,2,254.65,0,27.0,3,4,5,345,4.0,Loyal Customers
55430,9,2,160.39,0,17.0,1,4,3,143,2.6666666666666665,At Risk
55431,3,3,185.29,0,8.0,3,4,4,344,3.6666666666666665,Loyal Customers
55432,1,2,151.79,1,1.0,5,4,2,542,3.6666666666666665,Loyal Customers
55433,5,2,162.02,0,12.0,2,4,3,243,3.0,At Risk
55434,1,2,148.98,1,1.0,5,4,2,542,3.6666666666666665,Loyal Customers
55435,8,6,179.68,0,5.0,1,5,4,154,3.3333333333333335,At Risk
55436,3,2,256.16,0,25.0,3,4,5,345,4.0,Loyal Customers
55437,4,2,166.89,0,11.0,2,4,3,243,3.0,At Risk
55438,3,3,318.28,0,20.0,3,4,5,345,4.0,Loyal Customers
55439,8,6,208.21,0,10.0,1,5,4,154,3.3333333333333335,At Risk
55440,4,3,148.42,1,8.0,2,4,2,242,2.6666666666666665,At Risk
55441,8,5,165.71,0,11.0,1,5,3,153,3.0,At Risk
55442,8,8,183.13,1,1.0,1,5,4,154,3.3333333333333335,At Risk
55443,7,8,156.43,0,7.0,2,5,3,253,3.3333333333333335,At Risk
55444,4,2,145.44,0,2.0,2,4,2,242,2.6666666666666665,At Risk
55445,3,2,259.64,0,13.0,3,4,5,345,4.0,Loyal Customers
55446,3,3,204.91,0,20.0,3,4,4,344,3.6666666666666665,Loyal Customers
55447,3,2,158.77,0,14.0,3,4,3,343,3.3333333333333335,Loyal Customers
55448,1,2,180.38,0,16.0,5,4,4,544,4.333333333333333,Champions
55449,8,2,182.62,0,9.0,1,4,4,144,3.0,At Risk
55450,9,4,150.92,0,12.0,1,5,2,152,2.6666666666666665,At Risk
55451,8,2,178.46,1,1.0,1,4,4,144,3.0,At Risk
55452,9,2,167.13,1,1.0,1,4,3,143,2.6666666666666665,At Risk
55453,3,3,166.27,0,13.0,3,4,3,343,3.3333333333333335,Loyal Customers
55454,3,2,149.38,0,17.0,3,4,2,342,3.0,Loyal Customers
55455,3,2,193.7,0,15.0,3,4,4,344,3.6666666666666665,Loyal Customers
55456,3,14,229.47,0,15.0,3,5,5,355,4.333333333333333,Loyal Customers
55457,3,2,221.67,0,4.0,3,4,5,345,4.0,Loyal Customers
55458,5,2,146.48,1,1.0,2,4,2,242,2.6666666666666665,At Risk
55459,3,4,214.26,1,10.0,3,5,5,355,4.333333333333333,Loyal Customers
55460,4,2,190.13,0,14.0,2,4,4,244,3.3333333333333335,At Risk
55461,9,5,192.99,0,8.0,1,5,4,154,3.3333333333333335,At Risk
55462,15,15,287.91,0,31.0,1,5,5,155,3.6666666666666665,At Risk
55463,4,2,152.05,0,9.0,2,4,2,242,2.6666666666666665,At Risk
55464,3,15,228.33,0,21.0,3,5,5,355,4.333333333333333,Loyal Customers
55465,8,8,169.48,0,14.0,1,5,3,153,3.0,At Risk
55466,8,2,193.54,0,28.0,1,4,4,144,3.0,At Risk
55467,3,3,221.37,0,5.0,3,4,5,345,4.0,Loyal Customers
55468,3,2,160.91,0,2.0,3,4,3,343,3.3333333333333335,Loyal Customers
55469,4,2,179.05,0,12.0,2,4,4,244,3.3333333333333335,At Risk
55470,3,2,171.84,0,1.0,3,4,3,343,3.3333333333333335,Loyal Customers
55471,3,3,282.87,0,31.0,3,4,5,345,4.0,Loyal Customers
55472,1,2,140.14,0,1.0,5,4,1,541,3.3333333333333335,Loyal Customers
55473,1,2,154.56,1,1.0,5,4,3,543,4.0,Loyal Customers
55474,1,3,148.35,1,1.0,5,4,2,542,3.6666666666666665,Loyal Customers
55475,8,6,176.54,0,19.0,1,5,4,154,3.3333333333333335,At Risk
55476,1,2,194.62,0,10.0,5,4,4,544,4.333333333333333,Champions
55477,8,8,181.75,0,17.0,1,5,4,154,3.3333333333333335,At Risk
55478,3,2,148.79,0,1.0,3,4,2,342,3.0,Loyal Customers
55479,11,4,163.12,0,3.0,1,5,3,153,3.0,At Risk
55480,1,2,171.48,0,6.0,5,4,3,543,4.0,Loyal Customers
55481,4,4,154.36,0,16.0,2,5,3,253,3.3333333333333335,At Risk
55482,1,3,146.05,0,21.0,5,4,2,542,3.6666666666666665,Loyal Customers
55483,3,5,210.78,0,20.0,3,5,5,355,4.333333333333333,Loyal Customers
55484,3,3,152.06,0,2.0,3,4,2,342,3.0,Loyal Customers
55485,7,2,188.84,0,3.0,2,4,4,244,3.3333333333333335,At Risk
55486,1,2,164.68,0,16.0,5,4,3,543,4.0,Loyal Customers
55487,3,3,224.07,1,1.0,3,4,5,345,4.0,Loyal Customers
55488,9,2,257.25,0,20.0,1,4,5,145,3.3333333333333335,At Risk
55489,9,6,160.4,0,1.0,1,5,3,153,3.0,At Risk
55490,1,2,153.04,0,3.0,5,4,2,542,3.6666666666666665,Loyal Customers
55491,15,7,318.92,0,17.0,1,5,5,155,3.6666666666666665,At Risk
55492,10,13,321.65,0,22.0,1,5,5,155,3.6666666666666665,At Risk
55493,1,2,149.39,1,1.0,5,4,2,542,3.6666666666666665,Loyal Customers
55494,8,2,198.14,1,10.0,1,4,4,144,3.0,At Risk
55495,4,8,172.74,0,1.0,2,5,3,253,3.3333333333333335,At Risk
55496,3,3,164.02,0,13.0,3,4,3,343,3.3333333333333335,Loyal Customers
55497,5,2,151.62,0,29.0,2,4,2,242,2.6666666666666665,At Risk
55498,1,2,153.56,0,2.0,5,4,2,542,3.6666666666666665,Loyal Customers
55499,1,2,135.81,1,1.0,5,4,1,541,3.3333333333333335,Loyal Customers
55500,1,2,149.72,1,1.0,5,4,2,542,3.6666666666666665,Loyal Customers
55501,8,2,181.73,0,10.0,1,4,4,144,3.0,At Risk
55502,3,2,166.97,0,5.0,3,4,3,343,3.3333333333333335,Loyal Customers
55503,3,2,222.13,0,8.0,3,4,5,345,4.0,Loyal Customers
55504,3,2,145.62,0,3.0,3,4,2,342,3.0,Loyal Customers
55505,5,2,167.84,0,11.0,2,4,3,243,3.0,At Risk
55506,3,2,172.88,0,9.0,3,4,3,343,3.3333333333333335,Loyal Customers
55507,9,4,184.06,0,19.0,1,5,4,154,3.3333333333333335,At Risk
55508,9,2,163.86,0,10.0,1,4,3,143,2.6666666666666665,At Risk
55509,17,12,293.23,0,14.0,1,5,5,155,3.6666666666666665,At Risk
55510,1,2,154.33,0,1.0,5,4,3,543,4.0,Loyal Customers
55511,8,2,190.0,0,1.0,1,4,4,144,3.0,At Risk
55512,8,5,296.74,0,22.0,1,5,5,155,3.6666666666666665,At Risk
55513,3,3,175.33,0,18.0,3,4,4,344,3.6666666666666665,Loyal Customers
55514,1,4,148.07,1,1.0,5,5,2,552,4.0,Loyal Customers
55515,1,2,150.87,1,20.0,5,4,2,542,3.6666666666666665,Loyal Customers
55516,4,2,180.07,0,10.0,2,4,4,244,3.3333333333333335,At Risk
55517,5,2,168.93,0,15.0,2,4,3,243,3.0,At Risk
55518,8,2,258.48,0,16.0,1,4,5,145,3.3333333333333335,At Risk
55519,5,2,190.83,0,5.0,2,4,4,244,3.3333333333333335,At Risk
55520,2,2,206.03,0,8.0,4,4,4,444,4.0,Champions
55521,3,3,164.78,0,5.0,3,4,3,343,3.3333333333333335,Loyal Customers
55522,8,8,150.44,0,1.0,1,5,2,152,2.6666666666666665,At Risk
55523,4,2,178.99,0,19.0,2,4,4,244,3.3333333333333335,At Risk
55524,10,2,179.87,0,7.0,1,4,4,144,3.0,At Risk
55525,8,2,193.34,0,2.0,1,4,4,144,3.0,At Risk
55526,1,2,135.91,1,1.0,5,4,1,541,3.3333333333333335,Loyal Customers
55527,3,2,182.36,0,13.0,3,4,4,344,3.6666666666666665,Loyal Customers
55528,3,2,147.26,0,1.0,3,4,2,342,3.0,Loyal Customers
55529,12,7,182.47,0,8.0,1,5,4,154,3.3333333333333335,At Risk
55530,3,3,223.54,1,1.0,3,4,5,345,4.0,Loyal Customers
55531,8,2,179.67,0,21.0,1,4,4,144,3.0,At Risk
55532,1,2,178.8,0,30.0,5,4,4,544,4.333333333333333,Champions
55533,10,8,176.51,0,13.0,1,5,4,154,3.3333333333333335,At Risk
55534,8,2,146.33,0,12.0,1,4,2,142,2.3333333333333335,At Risk
55535,1,2,303.75,0,61.0,5,4,5,545,4.666666666666667,Champions
55536,4,2,149.32,1,1.0,2,4,2,242,2.6666666666666665,At Risk
55537,4,2,172.71,0,12.0,2,4,3,243,3.0,At Risk
55538,4,5,316.61,0,23.0,2,5,5,255,4.0,At Risk
55539,1,2,175.87,0,16.0,5,4,4,544,4.333333333333333,Champions
55540,1,2,153.63,1,1.0,5,4,2,542,3.6666666666666665,Loyal Customers
55541,5,2,180.61,0,9.0,2,4,4,244,3.3333333333333335,At Risk
55542,5,2,146.44,0,2.0,2,4,2,242,2.6666666666666665,At Risk
55543,4,3,155.65,0,5.0,2,4,3,243,3.0,At Risk
55544,3,2,153.1,0,10.0,3,4,2,342,3.0,Loyal Customers
55545,3,3,223.88,0,8.0,3,4,5,345,4.0,Loyal Customers
55546,3,2,211.28,0,8.0,3,4,5,345,4.0,Loyal Customers
55547,7,8,153.67,0,1.0,2,5,3,253,3.3333333333333335,At Risk
55548,3,2,178.73,0,3.0,3,4,4,344,3.6666666666666665,Loyal Customers
55549,3,2,191.67,0,6.0,3,4,4,344,3.6666666666666665,Loyal Customers
55550,8,9,175.03,0,5.0,1,5,4,154,3.3333333333333335,At Risk
55551,4,2,148.67,1,1.0,2,4,2,242,2.6666666666666665,At Risk
55552,1,2,153.58,0,12.0,5,4,2,542,3.6666666666666665,Loyal Customers
55553,10,2,177.04,0,9.0,1,4,4,144,3.0,At Risk
55554,8,2,166.05,0,1.0,1,4,3,143,2.6666666666666665,At Risk
55555,3,2,221.79,0,6.0,3,4,5,345,4.0,Loyal Customers
55556,9,2,181.17,1,1.0,1,4,4,144,3.0,At Risk
55557,3,3,229.48,1,17.0,3,4,5,345,4.0,Loyal Customers
55558,4,3,153.97,0,28.0,2,4,3,243,3.0,At Risk
55559,9,3,184.68,0,7.0,1,4,4,144,3.0,At Risk
55560,10,2,200.1,0,17.0,1,4,4,144,3.0,At Risk
55561,3,2,154.91,0,12.0,3,4,3,343,3.3333333333333335,Loyal Customers
55562,5,2,321.36,0,29.0,2,4,5,245,3.6666666666666665,At Risk
55563,1,2,136.29,0,5.0,5,4,1,541,3.3333333333333335,Loyal Customers
55564,11,2,258.41,0,13.0,1,4,5,145,3.3333333333333335,At Risk
55565,8,4,168.32,0,16.0,1,5,3,153,3.0,At Risk
55566,9,2,235.31,0,5.0,1,4,5,145,3.3333333333333335,At Risk
55567,5,2,169.4,0,28.0,2,4,3,243,3.0,At Risk
55568,3,2,171.17,0,1.0,3,4,3,343,3.3333333333333335,Loyal Customers
55569,5,2,151.47,0,1.0,2,4,2,242,2.6666666666666665,At Risk
55570,5,10,188.23,0,14.0,2,5,4,254,3.6666666666666665,At Risk
55571,11,6,181.77,0,14.0,1,5,4,154,3.3333333333333335,At Risk
55572,3,2,146.87,0,1.0,3,4,2,342,3.0,Loyal Customers
55573,8,2,162.48,0,4.0,1,4,3,143,2.6666666666666665,At Risk
55574,3,2,164.77,0,1.0,3,4,3,343,3.3333333333333335,Loyal Customers
55575,3,13,211.33,0,21.0,3,5,5,355,4.333333333333333,Loyal Customers
55576,1,2,145.08,0,7.0,5,4,2,542,3.6666666666666665,Loyal Customers
55577,9,6,169.4,0,12.0,1,5,3,153,3.0,At Risk
55578,3,2,155.67,0,5.0,3,4,3,343,3.3333333333333335,Loyal Customers
55579,8,8,178.21,0,12.0,1,5,4,154,3.3333333333333335,At Risk
55580,3,2,179.1,0,16.0,3,4,4,344,3.6666666666666665,Loyal Customers
55581,1,2,152.82,0,15.0,5,4,2,542,3.6666666666666665,Loyal Customers
55582,13,2,244.57,0,21.0,1,4,5,145,3.3333333333333335,At Risk
55583,3,3,151.6,0,9.0,3,4,2,342,3.0,Loyal Customers
55584,3,2,158.75,0,1.0,3,4,3,343,3.3333333333333335,Loyal Customers
55585,9,2,175.98,0,9.0,1,4,4,144,3.0,At Risk
55586,2,9,173.78,0,7.0,4,5,4,454,4.333333333333333,Champions
55587,2,5,153.37,0,6.0,4,5,2,452,3.6666666666666665,Loyal Customers
55588,1,2,149.06,0,14.0,5,4,2,542,3.6666666666666665,Loyal Customers
55589,3,3,147.69,0,6.0,3,4,2,342,3.0,Loyal Customers
55590,8,2,166.08,0,13.0,1,4,3,143,2.6666666666666665,At Risk
55591,12,2,257.06,0,12.0,1,4,5,145,3.3333333333333335,At Risk
55592,3,6,229.22,0,6.0,3,5,5,355,4.333333333333333,Loyal Customers
55593,9,7,262.44,0,11.0,1,5,5,155,3.6666666666666665,At Risk
55594,5,2,174.07,0,1.0,2,4,4,244,3.3333333333333335,At Risk
55595,1,2,159.82,0,26.0,5,4,3,543,4.0,Loyal Customers
55596,3,2,149.36,0,18.0,3,4,2,342,3.0,Loyal Customers
55597,3,2,148.8,0,1.0,3,4,2,342,3.0,Loyal Customers
55598,4,2,319.31,0,13.0,2,4,5,245,3.6666666666666665,At Risk
55599,1,2,142.9,1,1.0,5,4,2,542,3.6666666666666665,Loyal Customers
55600,5,4,201.44,0,10.0,2,5,4,254,3.6666666666666665,At Risk
55601,3,2,176.31,0,10.0,3,4,4,344,3.6666666666666665,Loyal Customers
55602,10,2,188.06,0,30.0,1,4,4,144,3.0,At Risk
55603,3,3,172.87,1,1.0,3,4,3,343,3.3333333333333335,Loyal Customers
55604,15,5,313.8,0,16.0,1,5,5,155,3.6666666666666665,At Risk
55605,9,10,148.39,1,20.0,1,5,2,152,2.6666666666666665,At Risk
55606,11,2,260.7,0,15.0,1,4,5,145,3.3333333333333335,At Risk
55607,8,2,192.12,0,8.0,1,4,4,144,3.0,At Risk
55608,12,12,179.06,0,10.0,1,5,4,154,3.3333333333333335,At Risk
55609,3,2,214.38,0,15.0,3,4,5,345,4.0,Loyal Customers
55610,3,2,149.39,0,6.0,3,4,2,342,3.0,Loyal Customers
55611,3,2,213.37,0,9.0,3,4,5,345,4.0,Loyal Customers
55612,10,2,178.43,0,12.0,1,4,4,144,3.0,At Risk
55613,2,2,192.28,1,14.0,4,4,4,444,4.0,Champions
55614,1,2,191.52,0,10.0,5,4,4,544,4.333333333333333,Champions
55615,2,2,173.5,0,19.0,4,4,4,444,4.0,Champions
55616,3,3,153.09,0,14.0,3,4,2,342,3.0,Loyal Customers
55617,3,2,181.89,0,9.0,3,4,4,344,3.6666666666666665,Loyal Customers
55618,3,2,145.01,0,14.0,3,4,2,342,3.0,Loyal Customers
55619,2,2,154.77,0,9.0,4,4,3,443,3.6666666666666665,Loyal Customers
55620,4,2,165.25,0,3.0,2,4,3,243,3.0,At Risk
55621,5,2,162.85,0,3.0,2,4,3,243,3.0,At Risk
55622,1,2,233.54,1,14.0,5,4,5,545,4.666666666666667,Champions
55623,7,2,245.31,0,13.0,2,4,5,245,3.6666666666666665,At Risk
55624,3,2,224.36,0,5.0,3,4,5,345,4.0,Loyal Customers
55625,1,2,154.66,0,1.0,5,4,3,543,4.0,Loyal Customers
55626,4,2,150.71,0,10.0,2,4,2,242,2.6666666666666665,At Risk
55627,3,2,224.91,0,13.0,3,4,5,345,4.0,Loyal Customers
55628,4,2,186.42,0,1.0,2,4,4,244,3.3333333333333335,At Risk
55629,9,2,178.9,0,23.0,1,4,4,144,3.0,At Risk
55630,3,2,169.04,0,8.0,3,4,3,343,3.3333333333333335,Loyal Customers
